Geneid	Ctrl_R1	Ctrl_R2	Ctrl_R3	0_R1	0_R2	0_R3	2_R1	2_R2	2_R3	5_R1	5_R2	5_R3	10_R1	10_R2	10_R3	20_R1	20_R2	20_R3	30_R1	30_R2	30_R3	Entity	Symbol	relative changes	negligible changes	Genes with too high Zero count	Outlier
gene-CPT_phageK_gp066	1	1	3	0.0	2.019876741350166	2.2396608854797933	35.75283038190688	7.35609826353493	144.02317959301243	287.1265872634333	54.37477131443836	638.8558957586112	663.9121437470119	575.4698212090439	784.1839544903349	449.69379349377925	711.451882968431	510.03159069510434	223.2920476879524	303.6984618221761	362.5453625377567	phage	gene-CPT_phageK_gp066	0.9948209774879808	0	0	0
gene-CPT_phageK_gp079	0	0	0	0.0	2.019876741350166	2.6129376997264253	36.66180064585367	9.291913596044122	194.2720530628104	259.46760408668064	49.08833521442352	597.8989064483854	421.3791924176173	362.9088962579556	408.855487654872	208.98970149710897	280.9555206626925	299.9116623830799	108.4357547877596	118.91807240024968	219.0483868759593	phage	gene-CPT_phageK_gp079	1.0066677386937943	0	0	0
gene-CPT_phageK_gp220	2	1	0	0.3206263756875431	6.059630224050499	4.4793217709595865	124.22593607272732	53.04134011075187	496.8268897999741	1395.790829598273	253.37133022213985	3457.208722668523	3576.4886114203355	1974.937252403785	4507.860344718732	2897.9363147932454	4425.049450437407	2584.6932358105432	1265.3216035650632	1796.9435494080808	1788.3881030358991	phage	gene-CPT_phageK_gp220	1.051170711056636	0	0	0
gene-CPT_phageK_gp161	1	0	0	0.3206263756875431	5.482522583664737	4.4793217709595865	146.3442124954324	20.1324794580956	412.96081224826906	935.466323870888	115.168786464609	1959.7188010133927	2384.3257409468906	2206.9397253686925	2571.13062257936	2231.663051135796	2383.212756589049	2296.050981347312	832.2919775376284	1218.8187666622514	1275.2469745209205	phage	gene-CPT_phageK_gp161	0.9957271934321242	0	0	0
gene-CPT_phageK_gp043	0	0	0	1.923758254125259	6.059630224050499	17.544010269591713	176.6432212936586	20.1324794580956	435.60819184029066	305.56590938126857	124.23124835034874	485.9985606543757	334.1371235940941	473.7257199367242	376.63471439985545	186.220395497424	248.1018509077809	364.9834048880148	142.44082701286845	120.38167944517583	352.9112899668233	phage	gene-CPT_phageK_gp043	0.8534514019370223	0	0	0
gene-CPT_phageK_gp215	1	2	0	0.0	1.4427691009644046	0.3732768142466321	28.481068270332603	6.581772130531253	99.08228571509454	300.29753163331566	46.0675145858436	710.5306270515063	923.021088152876	614.3529172366821	1515.6825905501698	2102.094857470921	1482.191422850898	1953.2428630112584	828.2494165038743	1309.5624034476728	861.9959668729879	phage	gene-CPT_phageK_gp215	1.1290533488042052	0	0	0
gene-CPT_phageK_gp221	1	1	0	0.3206263756875431	2.596984381735928	4.106044956712954	91.2000164826608	28.262903854634207	332.9872530639427	1113.6033464735456	175.5851990362072	2809.576329200578	2943.983612449792	1957.7638849915784	3845.592829571704	2766.1996157950675	3952.6363370650574	2191.3545464790373	1113.1310705296112	1688.6366280835457	1602.805441932656	phage	gene-CPT_phageK_gp221	1.054935542870887	0	0	0
gene-CPT_phageK_gp187	1	0	0	0.0	0.0	0.0	0.9089702639467852	0.0	1.4154612245013507	2.634188873976453	1.5104103142899543	4.388248854667049	19.62946548529273	8.748696606218573	52.24990257570249	269.9789139962653	68.35073822573568	232.65874415172257	268.4736121828521	318.7004340326692	206.37197559841536	phage	gene-CPT_phageK_gp187	1.5727783704464453	0	0	0
gene-CPT_phageK_gp218	0	0	0	0.0	0.0	0.3732768142466321	23.93621695059868	5.0331198645239	58.74164081680605	260.12615130517474	33.229026914379	558.0389793518264	1027.711570741104	628.2860266465857	1647.1781786990211	2822.5807544609543	1588.68262826337	2258.243935422657	1175.909665406735	1816.3363427533525	999.4082651215642	phage	gene-CPT_phageK_gp218	1.200429052617163	0	0	0
gene-CPT_phageK_gp210	2	0	0	0.3206263756875431	0.5771076403857618	1.1198304427398966	24.23920703858094	8.130424396538608	90.58951836808644	347.7129313648918	53.99716873586587	838.8869060505175	1413.7577252851945	855.1040868078079	2140.9397580394098	2744.243499295372	2414.178284404023	2232.7968852810627	1880.2664761114368	2275.9089548601632	1949.1249980351563	phage	gene-CPT_phageK_gp210	1.0978021997799872	0	0	0
gene-CPT_phageK_gp159	1	0	0	0.6412527513750863	1.7313229211572854	0.0	5.15083149569845	1.1614891995055152	16.63166938789087	56.305787181246686	22.65615471434932	137.49846411290085	260.4175754382169	148.40381650548542	638.3196431331654	5351.600099425969	1087.9473857919586	4369.62203859954	8484.146621310716	6997.505281791923	5172.989914140131	phage	gene-CPT_phageK_gp159	1.6908674457168285	0	0	0
gene-CPT_phageK_gp088	0	1	0	0.0	2.308430561543047	1.493107256986529	65.74884909215079	15.873685726575376	221.16581632833604	473.4954500972674	82.31736212880251	1189.2154396147705	1097.5052257999223	983.0942778987834	1179.9769665012814	690.3978854904495	987.4982345872862	815.3961923942403	375.2447830155365	454.08408568833806	692.6391122050009	phage	gene-CPT_phageK_gp088	0.9900367961178466	0	0	0
gene-CPT_phageK_gp193	0	0	1	0.0	0.0	0.7465536284932643	0.9089702639467852	1.1614891995055152	6.01571020413074	12.512397151388152	5.664038678587329	26.69518053255788	86.80585847940563	63.50905684514223	154.57262845311988	1102.4138988180832	290.77385875036725	1371.9595319196892	4652.274356727476	1998.1895180854265	4356.629027866301	phage	gene-CPT_phageK_gp193	2.007491033465116	0	0	0
gene-CPT_phageK_gp132	1	0	1	0.0	0.5771076403857618	0.3732768142466321	22.72425659866963	9.291913596044122	96.25136326609184	415.5432948697855	73.25490024306278	920.4351972664136	1508.8515803028347	717.0690959096927	2276.3540888814387	2884.925282793425	2339.030235194513	2377.845071088152	2087.863875080108	2459.225737237164	1694.0756031309722	phage	gene-CPT_phageK_gp132	1.1028243313506376	0	0	0
gene-CPT_phageK_gp026	0	0	0	0.0	0.0	0.0	10.907643167361424	6.968935197033092	48.83341224529659	222.5889598510103	33.229026914379	634.4676469039441	735.0144298381834	382.02641847154433	1103.779191911715	1011.607737986006	1015.065106910373	812.8514873800808	444.9195114208294	742.048771777558	500.46471723743474	phage	gene-CPT_phageK_gp026	1.0717313913257265	0	0	0
gene-CPT_phageK_gp014	0	0	0	0.6412527513750863	0.2885538201928809	4.852598585206218	46.054493373303785	5.8074459975275765	111.8214367356067	71.45237320661128	27.187385657219178	124.33371754889971	89.42312054411133	110.49279787853828	87.51858681430167	52.58625433260589	47.958805274411226	83.24820689178824	44.94376678703194	32.1993549883753	91.27016119831636	phage	gene-CPT_phageK_gp014	0.8484054170350608	0	0	0
gene-CPT_phageK_gp204	0	2	0	0.3206263756875431	1.4427691009644046	0.3732768142466321	56.35615636470068	16.648011859579054	171.62467347078876	517.6181137363731	92.1350291716872	1415.9416304392344	1645.3854180116484	1084.1903275706425	2682.161665552728	2623.0782637970474	2937.571230154684	2295.687452059575	1164.495375429076	1881.8327580137973	1405.0534260029704	phage	gene-CPT_phageK_gp204	1.0751952578541024	0	0	0
gene-CPT_phageK_gp038	1	1	0	1.6031318784377158	11.542152807715237	25.75610018301762	311.7768005337473	42.20077424870039	889.2635142929736	788.2810205374535	253.37133022213985	1309.160908309003	937.852239852875	1113.352649591371	1127.7270639255787	607.181493324934	689.5494364651566	1215.2784089050135	490.3388736235971	336.263718571783	1074.959676335726	phage	gene-CPT_phageK_gp038	0.8666399544383705	0	0	0
gene-CPT_phageK_gp062	0	0	0	0.0	2.596984381735928	2.2396608854797933	36.66180064585367	13.550707327564345	154.2852734706472	311.8221079569626	58.52839967873573	765.0180503302888	545.2629301470204	420.5854886989521	563.4281161079919	305.2171256624445	486.3853637278871	329.3575346897823	172.1655404963551	190.2689158403995	250.48588684426824	phage	gene-CPT_phageK_gp062	1.0232542943675011	0	0	0
gene-CPT_phageK_gp171	0	0	0	0.0	0.2885538201928809	0.7465536284932643	8.180732375521067	1.935815332509192	31.140146939029712	46.75685251308204	20.76814182148687	116.2885946486768	194.98602382057447	100.12397227116811	407.5492400904794	2729.8771514622367	685.0178958093068	2128.4639797005248	5503.352353186668	3949.543610733216	3569.170359305272	phage	gene-CPT_phageK_gp171	1.7147762794889565	0	0	0
gene-CPT_phageK_gp211	0	0	0	0.3206263756875431	0.0	0.3732768142466321	11.513623343325946	6.581772130531253	44.587028571792544	219.95477097703383	32.09621917866153	531.7094862238241	1037.3081983116915	557.0003505959158	1444.2743903633764	2065.230266804764	1637.7743187017438	1632.6100312271658	1348.550801318826	1571.182162728222	1288.937498700668	phage	gene-CPT_phageK_gp211	1.1202764382152044	0	0	0
gene-CPT_phageK_gp229	0	0	0	0.0	2.019876741350166	1.866384071233161	38.47974117374724	5.0331198645239	100.85161224572124	226.2109695527279	39.6482707501113	575.9576621750501	498.58842332643536	439.7030109125409	602.1801271849712	437.76701416061087	597.4081097962091	428.2375009542644	179.53726944025985	268.9377945051801	267.21874973062626	phage	gene-CPT_phageK_gp229	0.998172291002408	0	0	0
gene-CPT_phageK_gp114	0	0	0	0.0	0.5771076403857618	0.0	0.6059801759645235	0.3871630665018384	2.8309224490027014	20.41496377331751	3.398423207152397	38.39717747833668	112.10605843822738	47.95581843408699	145.42889550237194	728.8888551565838	251.8781347876558	582.7374482425176	3588.1296140186505	1275.1676378919085	3354.685480489228	phage	gene-CPT_phageK_gp114	2.1081098223306105	0	0	0
gene-CPT_phageK_gp231	0	0	0	0.0	0.5771076403857618	1.866384071233161	26.66312774243903	9.291913596044122	92.35884489871312	262.10179296065706	39.270668171538816	690.0521323963934	742.8662160323005	643.5152392574106	1005.3752087274754	867.6731964879972	1082.2829599721465	681.6174145069998	390.9394317348175	577.7588809845977	476.1260075845504	phage	gene-CPT_phageK_gp231	1.0265551971560514	0	0	0
gene-CPT_phageK_gp120	2	8	1	1.923758254125259	5.771076403857618	8.212089913425908	162.40268715849228	87.49885302941549	746.6557959244625	3634.522098869011	612.4713824445764	7945.290238779247	13398.200719572584	5041.517425783511	22651.639014131422	24065.53006266709	24212.021724205904	22843.08985353405	12649.173474616877	19799.310201999728	14964.757041366172	phage	gene-CPT_phageK_gp120	1.1360220992258836	0	0	0
gene-CPT_phageK_gp070	0	1	0	0.6412527513750863	2.019876741350166	2.2396608854797933	57.265126628647465	21.29396865760112	200.9954938791918	705.9626182256894	103.84070910743436	1875.245010561052	2450.629713252768	1820.0529198936936	3603.5016143042817	2991.7241704586145	3525.916258639193	3062.7342491847858	1256.5230883739512	2047.586255851684	1876.615925527605	phage	gene-CPT_phageK_gp070	1.0619135401624042	0	0	0
gene-CPT_phageK_gp207	0	0	0	0.0	0.2885538201928809	1.1198304427398966	9.998672903414636	1.5486522660073538	41.4022408166645	75.07438290832891	12.460885092892124	200.0310102919063	282.6643029882153	179.1862675273656	301.30777151988434	349.12935866183705	311.1657917016917	246.10932779799404	125.31939204638006	242.59286769650936	151.60987887942554	phage	gene-CPT_phageK_gp207	1.027719601348018	0	0	0
gene-CPT_phageK_gp065	0	3	0	0.3206263756875431	2.596984381735928	1.866384071233161	76.35350217152995	18.196664125586405	261.50646122662454	784.988284444983	122.3432354574863	1849.646892242161	2273.964523885133	1580.9218793237192	3067.5046970485337	2106.7029313041908	2947.7671966303465	2042.6710677945769	923.3684996510318	1383.108657455212	1443.082659835602	phage	gene-CPT_phageK_gp065	1.042273804288952	0	0	0
gene-CPT_phageK_gp192	0	0	0	0.0	0.2885538201928809	0.7465536284932643	18.482395366917967	2.3229783990110304	38.21745306153647	125.12397151388151	16.23691087861701	227.82325303813096	588.8839645587819	380.4062894703928	1153.85201521343	2831.796902127493	1429.3234485326495	2212.802774455524	1223.7070046881818	2140.159401443263	834.1078620623913	phage	gene-CPT_phageK_gp192	1.355308179733061	0	0	0
gene-CPT_phageK_gp042	0	0	0	0.6412527513750863	0.0	1.866384071233161	50.90233478101997	4.258793731520223	87.75859591908373	44.12266363910559	20.390539242914382	77.89141717034012	41.87619303529116	122.48175248706002	51.81448672090497	30.088011499583786	29.832642651011707	54.529393160559984	13.792267056337844	15.733775732956111	51.71975801237927	phage	gene-CPT_phageK_gp042	0.9878987979561646	0	0	0
gene-CPT_phageK_gp099	0	0	0	0.0	0.5771076403857618	1.866384071233161	32.72292950208427	10.840565862051475	113.59076326623338	266.05307627162176	45.68991200727112	705.4110033877281	676.1260333823052	398.55173428329056	942.239909781835	640.7933259911357	851.1743865238024	777.9526757573224	516.9722169048013	474.20868255607263	771.7399185768751	phage	gene-CPT_phageK_gp099	0.9884426970000962	0	0	0
gene-CPT_phageK_gp096	2	1	0	0.3206263756875431	3.1740920221216897	6.718982656439379	137.25450985596456	31.747371453150752	404.1141795951356	1077.7125230656163	161.61390362902512	2814.330265459801	3001.5633778733177	2243.2306149944884	4381.589746827452	3501.865050118224	3990.7768042517937	3502.241158058899	1804.6468050094463	2246.63681396164	2460.237900745728	phage	gene-CPT_phageK_gp096	1.012396805360779	0	0	0
gene-CPT_phageK_gp141	1	0	0	0.3206263756875431	5.771076403857618	4.852598585206218	165.73557812629716	47.23389411322429	583.5238898006818	1698.393276496318	302.45966543656334	3987.455459274125	4925.687205776123	2868.600409439001	7209.180307882551	9180.638391706334	7666.233904534033	7565.408007096092	7486.82303451277	8419.399525937679	6269.245961422131	phage	gene-CPT_phageK_gp141	1.0542557619082285	0	0	0
gene-CPT_phageK_gp090	0	0	0	0.6412527513750863	2.308430561543047	4.852598585206218	88.77609577880268	28.650066921136045	296.18526122690764	870.9286964584647	134.04891539323344	2122.815383445185	1917.580672741041	1659.0120971792255	2258.937454689538	1382.6932131475394	1832.6305669032888	1487.1983161323392	833.2431683691001	912.5589925114546	1261.049393890071	phage	gene-CPT_phageK_gp090	0.9884915243374544	0	0	0
gene-CPT_phageK_gp163	1	0	0	0.0	3.751199662507452	3.359491328219689	126.95284686456766	10.453402795549636	381.466800003114	499.837338837032	85.33818275738241	990.2814915365308	781.2527263146507	858.9923964105717	810.7443216329837	520.7123431594634	596.2752246322466	662.7138915446723	267.76021905924847	301.5030512547869	455.8437495404801	phage	gene-CPT_phageK_gp163	0.9368827919290084	0	0	0
gene-CPT_phageK_gp115	0	0	0	0.6412527513750863	1.7313229211572854	0.3732768142466321	1.5149504399113087	3.097304532014708	7.077306122506753	54.6594191350114	7.174448992877283	65.09235801089456	240.78810995292417	83.2746306591916	346.15560456402903	1383.506402647528	540.7638515980856	1153.478429989712	7228.3369260603695	2394.0952237379497	6923.348783343398	phage	gene-CPT_phageK_gp115	2.1245494019051203	0	0	0
gene-CPT_phageK_gp205	0	1	0	0.6412527513750863	3.4626458423145707	3.359491328219689	102.41064973800448	26.71425158862685	263.9835183695019	917.6855489715468	152.92904432185787	2331.988578850981	2841.9103919262698	1924.389227567856	4949.807437338216	5197.907283928096	5527.34671497289	4617.912542123956	2378.690471802542	3966.3750917498655	2868.4183438826426	phage	gene-CPT_phageK_gp205	1.0907321100630376	0	0	0
gene-CPT_phageK_gp154	2	0	0	0.6412527513750863	2.019876741350166	2.6129376997264253	43.32758258146343	9.67907666254596	171.9785387769141	335.20053421350366	66.0804512501855	684.201133923504	579.723547332312	368.7413606621013	582.5864137190828	1135.7546683176222	626.8631240592333	1023.3349449798424	1498.838952691335	1349.079793660679	1215.414313290913	phage	gene-CPT_phageK_gp154	1.0799064564406036	0	0	0
gene-CPT_phageK_gp202	0	1	0	0.3206263756875431	2.019876741350166	1.493107256986529	73.6265913796896	17.03517492608089	223.2890081650881	556.1431260182786	100.06468332170948	1585.620586153027	1827.721341852812	1246.2032276858013	2675.195011875968	2552.601840464689	2815.2196324467377	2315.3180335973766	1153.0810854514173	1767.3055067483265	1333.5584663976226	phage	gene-CPT_phageK_gp202	1.0483020215384256	0	0	0
gene-CPT_phageK_gp036	0	1	0	2.244384629812802	7.502399325014903	29.86214513973057	269.66117830421297	41.42644811569672	870.1547877622053	755.3536596127478	327.7590382009201	1522.3566651649105	1046.4686155381614	922.8254790559442	1584.0428797533805	939.2338724870071	1171.780887925181	1517.0077177267788	790.915176368615	609.5923342117414	1638.8064499608806	phage	gene-CPT_phageK_gp036	0.8707966508361292	0	0	0
gene-CPT_phageK_gp203	0	0	0	0.3206263756875431	0.5771076403857618	0.0	19.08837554288249	3.871630665018385	52.37206530654997	155.4171435646107	26.80978307864669	440.2876350849272	547.0077715234908	358.6965608549615	809.438074068591	768.1930143227066	832.6705955124154	640.9021342804483	323.8804781160714	518.8486974263202	388.4052415439463	phage	gene-CPT_phageK_gp203	1.0656237568192823	0	0	0
gene-CPT_phageK_gp122	0	0	0	0.0	2.885538201928809	3.732768142466322	76.05051208354769	22.842620923608468	267.5221714307553	779.7199066970301	120.07761998605136	1953.502115135948	2362.079013396892	1275.0415239062995	3710.178498729674	3818.7378919471744	3994.930716519656	3397.9082524783607	1952.5569793032764	2896.1124401476195	2428.800400777419	phage	gene-CPT_phageK_gp122	1.063055402331932	0	0	0
gene-CPT_phageK_gp198	0	0	0	0.3206263756875431	2.019876741350166	2.6129376997264253	75.1415418196009	14.325033460568022	214.0885102058293	512.6790095976671	68.34606672162043	1190.6781892329925	1207.4302325175618	1127.2857590012748	1557.0470967559345	1162.047795483925	1302.8179385568403	1349.057186792254	530.5266862532712	706.1903991768673	858.9536281663774	phage	gene-CPT_phageK_gp198	0.9873251197112513	0	0	0
gene-CPT_phageK_gp056	0	0	0	0.0	0.0	0.0	13.028573783237254	3.871630665018385	53.07979591880065	103.39191330357578	18.50252635005194	267.68318013469	232.93632375880708	188.5830157340448	241.2203835578265	114.38865633175097	186.17079527783253	138.50465862782235	55.64466364108716	75.00986105246518	100.90423376924976	phage	gene-CPT_phageK_gp056	1.0427962097606445	0	0	0
gene-CPT_phageK_gp010	0	0	0	0.3206263756875431	2.019876741350166	8.212089913425908	58.780077068558775	8.517587463040446	163.13190612378065	135.33145340054028	53.24196357872089	191.2545125825722	144.8218342470486	213.2089765515489	140.6393210995992	70.47642333235841	89.8755563410226	140.32230506650768	66.82115591087818	52.6898536173414	157.6945562926466	phage	gene-CPT_phageK_gp010	0.8614157378898712	0	0	0
gene-CPT_phageK_gp110	0	0	0	0.3206263756875431	0.2885538201928809	1.866384071233161	33.32890967804879	11.227728928553317	93.42044081708914	468.22707234931454	71.36688735020034	973.8255583315292	1776.2485212469337	1042.7150251411615	2756.182360868306	3478.8246809518764	2720.4349070618778	3061.643661321574	1958.501921999973	2543.7490440816487	1906.5322561426085	phage	gene-CPT_phageK_gp110	1.1119090029187546	0	0	0
gene-CPT_phageK_gp053	0	0	0	0.0	2.019876741350166	1.1198304427398966	38.17675108576498	8.517587463040446	128.09924081737222	234.11353617465727	40.40347590725628	541.9487335513805	462.8191751087908	429.98223690563134	398.840922994529	237.9934603300411	329.66958271307874	274.8281415292223	106.05777770908064	129.16332171473277	185.07560465214152	phage	gene-CPT_phageK_gp053	1.024581370784015	0	0	0
gene-CPT_phageK_gp069	0	0	0	0.0	1.1542152807715236	0.7465536284932643	22.421266510687367	1.935815332509192	65.81894693931281	160.35624770331657	20.76814182148687	372.63546524214354	374.2684752529148	365.1770768595678	434.5450230879257	284.6163249960628	390.46775317906463	318.4516560576703	140.06284993418947	177.82825595852722	235.2741933112156	phage	gene-CPT_phageK_gp069	0.994611061012842	0	0	0
gene-CPT_phageK_gp195	3	3	2	3.2062637568754315	6.9252916846291415	3.359491328219689	71.20267067583151	26.71425158862685	301.13937551266235	788.6102941467007	167.27794230761245	1890.9695689569423	2017.9090518880928	1458.7641526368895	2807.561431734414	5095.445406929513	3148.665499039691	6470.09426314431	15457.326606828836	7827.736378026282	16191.326596581324	phage	gene-CPT_phageK_gp195	1.5503189532566222	0	0	0
gene-CPT_phageK_gp100	0	0	0	0.0	0.2885538201928809	0.3732768142466321	4.847841407716188	3.484467598516546	42.10997142891518	135.9900006190344	23.0337572929218	362.3962179145871	472.852013023496	285.46673000290974	765.896488588839	745.6947714896846	534.3441690022983	910.2773364936146	1372.8061675213512	647.2802156185899	1315.811490609061	phage	gene-CPT_phageK_gp100	1.1995780195687191	0	0	0
gene-CPT_phageK_gp108	0	0	0	0.6412527513750863	0.5771076403857618	0.3732768142466321	16.967444927006657	6.581772130531253	95.54363265384116	226.54024316197496	41.15868106440126	572.3007881294943	715.8211746970082	371.0095412637136	1020.1793477905912	1004.0179693194444	1035.834668249685	997.8878948382476	751.4407568625446	837.1832296977578	851.347781399851	phage	gene-CPT_phageK_gp108	1.0274143553837634	0	0	0
gene-CPT_phageK_gp086	2	1	0	0.3206263756875431	4.616861123086094	4.106044956712954	89.68506604274947	25.552762389121337	350.32665306408427	1089.5663729985104	175.2075964576347	2663.6670547828985	2886.4038470262667	1822.645126295536	3660.1056754279593	2447.7003949661403	3411.117228690997	2716.6543672590983	1241.066237362538	1633.0195603763518	2091.100804343648	phage	gene-CPT_phageK_gp086	1.0169338582404153	0	0	0
gene-CPT_phageK_gp230	1	0	0	0.3206263756875431	1.4427691009644046	2.6129376997264253	73.92958146767187	17.03517492608089	246.99798367548567	543.9600024761376	80.42934923594007	1407.5308201344558	1431.6423493940165	1252.035692089947	1904.944364739153	1552.3787554785254	1877.1907166858125	1312.7042580185473	650.3767310186897	1034.7701807627882	846.2772168888334	phage	gene-CPT_phageK_gp230	1.0081272203656355	0	0	0
gene-CPT_phageK_gp034	2	0	0	0.9618791270626296	6.34818404424338	10.4517507989057	108.77344158563196	14.325033460568022	454.0091877588082	420.4823990084913	169.54355777904738	869.6046480331868	612.0031127970157	388.5069344761507	802.4714203918307	432.8878771606784	517.7285199308487	709.2456403750168	354.08078701529394	279.9148473421262	783.4022169522156	phage	gene-CPT_phageK_gp034	0.894671165268263	0	0	0
gene-CPT_phageK_gp174	1	0	2	2.244384629812802	2.596984381735928	1.866384071233161	3.6358810557871406	1.5486522660073538	15.21620816338952	42.14702198362325	29.8306037072266	78.62279197945129	395.642782114678	200.5719703425665	1412.4890329631571	16421.277699606173	3163.015377783216	12725.70624652375	29454.337489640937	20594.41472915586	19118.05643234067	phage	gene-CPT_phageK_gp174	1.7622532284966748	0	0	0
gene-CPT_phageK_gp112	0	0	0	0.6412527513750863	5.193968763471856	5.599152213699483	102.71363982598672	30.1987191871434	377.92814694186063	994.406299926111	137.06973602181336	2408.4172464030985	2737.219909338042	2045.898902654225	4206.987989053646	3572.3414734505827	3994.930716519656	3425.172949058641	1910.704582718527	2475.3254147313514	2442.4909249571665	phage	gene-CPT_phageK_gp112	1.0191942488326986	0	0	0
gene-CPT_phageK_gp025	0	0	0	0.0	0.5771076403857618	0.0	7.574752199556543	3.097304532014708	21.23191836752025	123.80687707689329	20.390539242914382	357.2765942508089	501.6418957352587	239.13104056997432	725.8382299474671	786.3542464891221	659.3391654261575	642.3562514313966	384.04329820664856	541.9005083839071	388.4052415439463	phage	gene-CPT_phageK_gp025	1.0885517531063431	0	0	0
gene-CPT_phageK_gp208	3	1	1	0.0	2.019876741350166	2.6129376997264253	69.38473014793793	16.648011859579054	237.7974857162269	711.5602695828893	109.1271452074492	1729.7014235479285	2041.464410470444	1445.155069027216	3063.1505385005585	3028.3176979581085	3213.9952101615268	2443.6438721685613	1336.6609159254313	2131.0118574124745	1605.3407241881646	phage	gene-CPT_phageK_gp208	1.045041036018144	0	0	0
gene-CPT_phageK_gp078	1	0	0	0.0	1.7313229211572854	1.866384071233161	59.08306715654104	11.227728928553317	241.33613877748027	376.3597353693857	69.85647703591039	901.4194522295228	663.9121437470119	640.5990070553378	675.3299907909548	374.8803594948142	490.91690438373695	547.4751073320222	209.97537604735027	226.85909196355323	358.9959673800444	phage	gene-CPT_phageK_gp078	0.9912043901804932	0	0	0
gene-CPT_phageK_gp166	2	1	3	3.5268901325629747	4.328307302893213	0.7465536284932643	7.877742287538805	6.581772130531253	32.55560816353106	210.73510991811625	28.697795971509134	354.71678241891976	828.7996538234709	444.2393721157653	1014.5189416782234	15928.213799446326	2538.418024051908	14768.377314318328	61235.04995535348	27685.956763584287	48343.26910449267	phage	gene-CPT_phageK_gp166	2.0296573903499207	0	0	0
gene-CPT_phageK_gp006	1	0	0	0.0	0.8656614605786427	1.1198304427398966	16.058474663059872	5.0331198645239	81.03515510270232	221.93041263251607	33.98423207152397	509.76824195048886	403.494568308795	362.9088962579556	445.86583531266126	222.000733496929	346.28523178452826	229.38698056208892	108.19795707989172	121.845286490102	180.00504014112394	phage	gene-CPT_phageK_gp006	1.0564318133185917	0	0	0
gene-CPT_phageK_gt004	0	0	0	0.0	0.0	0.0	1.211960351929047	0.7743261330036769	8.138902040882765	27.988256785999813	10.57287220002968	56.315860301560456	129.1182618588144	71.93372765113048	282.584889763591	497.6719739931156	337.2221504728285	472.2245447704494	278.6989136211716	469.0860578988311	311.8397174275809	phage	tRNA-Asp	1.2685159309676837	0	0	0
gene-CPT_phageK_gp087	0	1	0	0.0	1.4427691009644046	4.106044956712954	80.59536340328162	20.906805591099275	293.7082040840302	761.609858188442	139.71295407182075	1924.6128101760564	1684.2081386381165	1155.151977821082	1997.252525956228	1197.0149439834413	1768.056112557428	1415.2195171604	642.7672043669171	755.9530387043565	1052.649192487249	phage	gene-CPT_phageK_gp087	1.0037268463645452	0	0	0
gene-CPT_phageK_gp225	1	0	0	0.3206263756875431	2.885538201928809	2.2396608854797933	63.62791847627496	17.809501059084567	194.97978367506104	846.5624493741826	111.77036325745662	2060.648524670735	2961.868236558614	2025.4852772397148	4220.485880552369	4955.034686598122	4826.468426868109	4484.497293524453	2133.521034990744	3605.230053414339	2245.753021929685	phage	gene-CPT_phageK_gp225	1.0928696797113326	0	0	0
gene-CPT_phageK_gp061	0	0	0	0.0	0.8656614605786427	0.3732768142466321	21.815286334722845	3.484467598516546	78.55809795982496	192.9543350187752	24.54416760721176	477.2220629450416	351.1493270146811	296.80763301097085	405.8075766712893	249.1070501632207	328.53669754911624	259.19638215652844	120.0878424732864	136.48135693936348	156.17338693934136	phage	gene-CPT_phageK_gp061	1.027767726815364	0	0	0
gene-CPT_phageK_gp121	0	0	0	0.9618791270626296	3.1740920221216897	2.9862145139730574	88.47310569082042	29.037229987637883	337.2336367374468	1062.5659370402518	161.61390362902512	2601.865883413004	3211.3805533938908	1714.7445348188403	4995.090686237159	4298.248633773875	5036.052182201166	4084.251547725943	2013.1953948095893	3024.543958339889	2805.036287494924	phage	gene-CPT_phageK_gp121	1.0647856172315413	0	0	0
gene-CPT_phageK_gp180	1	0	0	0.0	1.4427691009644046	0.7465536284932643	13.028573783237254	3.871630665018385	62.9880244903101	139.28273671150495	31.34101402151656	354.3510950143642	736.3230608705362	328.562161433542	1898.4131269171903	4961.269139431369	2294.847713799976	4164.955049603572	4314.363813847198	5294.964386781579	2799.9657229839054	phage	gene-CPT_phageK_gp180	1.4028647001928014	0	0	0
gene-CPT_phageK_gp067	0	1	0	0.6412527513750863	2.308430561543047	1.1198304427398966	50.29635460505545	9.67907666254596	155.34686938902323	396.7746991427032	53.99716873586587	930.67444459397	1158.1384636322712	963.328704084734	1570.9804041094549	1403.0229506472583	1484.457193178823	1204.0090009851644	530.0510908375354	834.621917369137	746.894152472889	phage	gene-CPT_phageK_gp067	1.0280617324108057	0	0	0
gene-CPT_phageK_gp052	0	0	0	0.0	0.5771076403857618	1.1198304427398966	24.84518721454546	3.871630665018385	66.52667755156348	146.85602972418727	27.564988235791667	311.93135608591604	304.91103053821377	312.3608714220261	305.6619300678596	180.25700583083977	281.33314905068	204.3034597082314	79.66223213574445	110.86823365315588	125.24294342213412	phage	gene-CPT_phageK_gp052	1.0115936926002995	0	0	0
gene-CPT_phageK_gp167	0	0	1	0.0	0.2885538201928809	0.0	0.9089702639467852	0.3871630665018384	6.01571020413074	20.41496377331751	4.153628364297375	35.837365646447566	76.33681022058285	46.65971523316572	95.35607220065704	1511.1771541457622	240.1716547600436	1333.42542741956	4657.981501716305	2436.173926279577	3392.7147143218604	phage	gene-CPT_phageK_gp167	1.9318454695382403	0	0	0
gene-CPT_phageK_gp037	1	0	0	0.6412527513750863	2.308430561543047	14.931072569865288	129.98274774439028	23.616947056612144	397.3907387787542	310.5050135199744	132.916107657516	591.3165331663848	353.3303787352692	333.42254843699675	472.86161831010753	263.74446116301823	249.61236445973088	470.04336904402703	291.30219213817	159.53316789695037	505.5352817484524	phage	gene-CPT_phageK_gp037	0.85147463231174	0	0	0
gene-CPT_phageK_gp191	0	0	0	0.3206263756875431	3.1740920221216897	2.9862145139730574	61.20399777241687	9.291913596044122	178.7019795932955	265.0652554438806	40.781078485828765	466.98281561748513	439.26381652643954	393.6913472798358	337.44728746807857	229.31943899682776	279.82263549873005	315.1798924680367	132.45332328241687	102.08659138359896	205.35786269621184	phage	gene-CPT_phageK_gp191	0.951315392945396	0	0	0
gene-CPT_phageK_gp176	1	0	2	0.0	2.019876741350166	0.0	11.816613431308207	1.5486522660073538	37.15585714316045	100.0991772111052	32.09621917866153	230.01737746546448	412.21877519114736	216.4492345538521	1061.979269851153	6465.669714410558	1771.077139661328	5520.555763575093	9176.137951206289	8621.377298137486	6167.327614750678	phage	gene-CPT_phageK_gp176	1.6182985305711597	0	0	0
gene-CPT_phageK_gp196	2	1	0	0.3206263756875431	1.7313229211572854	2.6129376997264253	66.05183918013306	15.486522660073538	176.57878775654348	492.9225930428437	72.4996950859178	1291.242225485779	1675.9201420998816	1014.200754720894	2299.8665450405047	2140.585827137056	2121.5162837137186	2228.798063115955	934.0693965050872	1376.5224257530442	1302.1209664293135	phage	gene-CPT_phageK_gp196	1.047189724265382	0	0	0
gene-CPT_phageK_gp201	0	0	0	0.0	0.5771076403857618	2.6129376997264253	55.14419601277164	12.002055061556993	138.71520000113236	346.7251105371506	65.32524609304052	878.381145742521	1005.4648431911056	710.9126057053167	1336.726674228389	1260.443724982564	1380.6093864822633	1193.8301809285265	605.4329642316577	806.8133835155402	711.9072573468677	phage	gene-CPT_phageK_gp201	1.0134740994605795	0	0	0
gene-CPT_phageK_gp136	1	0	0	0.0	1.4427691009644046	1.493107256986529	43.63057266944569	15.099359593571698	157.82392653190058	623.9734895231722	95.5334523788396	1554.9028441703576	2229.4710687851366	1210.236363860236	3545.155889761414	2955.401706125784	3410.7396003030094	2498.173265329121	1252.9561227559327	1918.4229341369512	1718.4143127838563	phage	gene-CPT_phageK_gp136	1.0973323489291622	0	0	0
gene-CPT_phageK_gp213	2	2	0	0.3206263756875431	6.9252916846291415	9.705197170412436	220.5767840510865	50.331198645239	674.4672734748935	1641.7582157058243	266.20981789360445	4201.016903534588	4284.457999923226	3179.0171260596453	5856.343247026654	4692.374478101756	5729.00027415821	4145.687997353507	1890.0161821340205	3190.2974561777755	2585.987900618964	phage	gene-CPT_phageK_gp213	1.0176353463261154	0	0	0
gene-CPT_phageK_gp059	0	0	0	0.0	2.019876741350166	0.7465536284932643	50.90233478101997	6.581772130531253	183.65609387905025	346.0665633186565	69.4788744573379	752.2189911708433	485.50211300290687	430.3062627058617	451.526241425029	225.253491496884	384.80332735925225	224.66109982150712	108.4357547877596	121.845286490102	187.10383045654856	phage	gene-CPT_phageK_gp059	1.0716374683581416	0	0	0
gene-CPT_phageK_gp049	0	0	0	0.0	0.5771076403857618	1.1198304427398966	28.17807818235034	6.581772130531253	112.17530204173204	265.0652554438806	55.88518162872831	658.2373282000573	497.27979229408254	460.11663632705086	503.7761440007315	263.20233482969235	435.7831597375634	297.00342808118336	128.64855995653056	163.19218550926573	225.64012074028213	phage	gene-CPT_phageK_gp049	1.0436422045118627	0	0	0
gene-CPT_phageK_gp129	0	0	0	0.3206263756875431	0.5771076403857618	0.3732768142466321	4.241861231751664	4.258793731520223	12.739151020512155	213.36929879209268	30.208206285799086	397.13652134736793	1034.6909362469858	468.2172813328088	1913.217265980306	2974.105064625525	2104.5230062542814	2350.943903795609	2303.070800700552	2627.9064491649024	1564.2691516489222	phage	gene-CPT_phageK_gp129	1.225366053117156	0	0	0
gene-CPT_phageK_gp005	0	0	0	0.6412527513750863	1.4427691009644046	1.493107256986529	23.93621695059868	9.291913596044122	95.8974979599665	275.6020109397864	44.17950169298116	624.2283995763877	528.6869370705509	455.25624932359614	504.64697571032656	264.28658749634405	422.5661661580013	302.4563673972394	138.6360636869821	147.09250801507807	204.85080624511008	phage	gene-CPT_phageK_gp005	1.0519967648582669	0	0	0
gene-CPT_phageK_gp080	0	0	0	0.0	2.596984381735928	2.6129376997264253	53.932235660842586	15.099359593571698	179.4097102055462	805.0739746090535	114.41358130746404	1992.630667423396	2971.464864129202	1967.8086847987183	4471.720828770538	4345.955751106548	4861.587866950946	3591.30583355448	1690.2661075249896	2611.8067716707146	2284.79636866452	phage	gene-CPT_phageK_gp080	1.10161262032966	0	0	0
gene-CPT_phageK_gp039	0	0	0	0.0	1.7313229211572854	5.599152213699483	99.68373894616413	8.517587463040446	238.5052163284776	186.6981364430811	53.99716873586587	306.08035761302665	205.45507207939727	313.0089230224867	216.83709568916527	116.5571616650543	103.47017830857224	205.3940475714426	85.131579416706	68.05772758906598	206.37197559841536	phage	gene-CPT_phageK_gp039	0.902611193151066	0	0	0
gene-CPT_phageK_gp048	0	0	0	0.0	0.5771076403857618	0.7465536284932643	16.967444927006657	8.130424396538608	72.54238775569422	206.4545529979045	35.11703980724144	505.37999309582176	387.7909959205609	350.27189004897326	414.08047791244223	219.29010183029985	389.3348680151021	235.2034491658821	114.38069748445696	121.11348296763892	177.97681433671693	phage	gene-CPT_phageK_gp048	1.0526746956138238	0	0	0
gene-CPT_phageK_gp148	3	4	1	2.244384629812802	7.2138455048220225	7.465536284932644	149.07112328727277	102.5982126229872	579.9852367394284	3843.281567131645	594.346458673097	8189.203737617824	14209.115749287232	6264.390795852729	22747.86591804168	30513.580671244563	26972.485240394457	27639.85880522464	33372.05472676449	33240.71140084026	29627.8154943268	phage	gene-CPT_phageK_gp148	1.16470322671365	0	0	0
gene-CPT_phageK_gp147	0	0	0	0.0	0.0	0.3732768142466321	0.9089702639467852	0.7743261330036769	7.077306122506753	73.42801486209363	9.062461885739726	153.9543973179023	317.124920173507	178.53821592690494	505.5178074199216	652.991168490967	561.9110413253851	520.2104107517422	745.0202187501114	663.013991351546	593.7631042401582	phage	gene-CPT_phageK_gp147	1.1610953483798163	0	0	0
gene-CPT_phageK_gp184	1	0	0	0.0	0.2885538201928809	0.0	2.423920703858094	0.7743261330036769	8.138902040882765	14.158765197623437	2.2656154714349315	40.22561450111461	75.90059987646522	53.4642570380024	287.80988002116123	1733.9910771426798	480.7209379080747	1430.8512765330938	2226.737736474958	2099.1784041853307	1414.180442122802	phage	gene-CPT_phageK_gp184	1.6148644599603317	0	0	0
gene-CPT_phageK_gp041	0	0	0	0.0	1.1542152807715236	1.1198304427398966	17.57342510297118	3.871630665018385	63.34188979643544	111.6237535347522	12.460885092892124	229.6516900609089	309.70934432350754	235.89078256767115	394.05134859175627	329.61281066210705	279.82263549873005	465.68101759118224	155.51970094560258	221.37056554508013	252.51411264867528	phage	gene-CPT_phageK_gp041	1.0119638323880262	0	0	0
gene-CPT_phageK_gp175	2	0	1	1.6031318784377158	1.7313229211572854	0.7465536284932643	3.029900879822617	1.1614891995055152	12.739151020512155	24.695520693529247	14.726500564327054	45.345238164892834	244.71400304998272	109.196694677617	923.952443880339	9276.323689538343	1823.1898572036007	7621.3915174076	15613.559700898042	10979.248247513517	9991.040312509032	phage	gene-CPT_phageK_gp175	1.7327339555512655	0	0	0
gene-CPT_phageK_gp020	0	0	0	1.2825055027501726	7.790953145207784	16.050903012605183	115.74221360922398	20.906805591099275	473.4717795957018	430.031333676656	161.61390362902512	892.2772671156332	567.0734473529011	399.8478374842118	824.6776289865044	414.4555818276	525.2810876905985	696.8856445919565	372.6290082289897	290.16009665660926	764.6411282614505	phage	gene-CPT_phageK_gp020	0.8891764303901175	0	0	0
gene-CPT_phageK_gp091	1	1	0	0.0	2.308430561543047	2.2396608854797933	90.59403630669624	22.842620923608468	305.3857591861664	706.9504390534306	118.56720967176142	1855.1322033104948	1479.1892769028368	1259.488285495244	1761.692548510769	1025.160896319152	1522.5976603655597	1151.6607835510267	611.1401092204871	678.7477670845021	1035.409273149789	phage	gene-CPT_phageK_gp091	0.9909831997307688	0	0	0
gene-CPT_phageK_gp133	0	1	1	0.3206263756875431	2.885538201928809	1.866384071233161	63.02193830031044	26.327088522125013	224.7044693895894	1014.4919900901816	179.36122482193207	2277.5011555721985	3508.00358739387	1635.6822395626427	5826.734968900423	7184.800295567277	5870.233291265531	6409.021342804484	4636.817505716062	5547.070700270108	4331.783261762315	phage	gene-CPT_phageK_gp133	1.1135670204848116	0	0	0
gene-CPT_phageK_gp138	0	1	0	0.3206263756875431	5.482522583664737	5.225875399452851	117.25716404913528	53.81566624375554	491.518910208094	1563.0618230957778	249.5953044364149	4171.761911170141	4682.281833758493	2490.7863263704508	7230.51568476763	5288.713444760173	6669.29496024706	4286.373831707751	2556.563157287727	3343.61029413379	3537.732859336963	phage	gene-CPT_phageK_gp138	1.0630124987032812	0	0	0
gene-CPT_phageK_gp023	0	0	0	0.0	0.0	0.7465536284932643	2.726910791840356	2.7101414655128693	13.446881632762832	123.14832985839918	12.460885092892124	323.63335303169487	557.9130301264312	211.58884755039733	1093.764627251372	1190.5094279835314	1079.2619328682465	1001.8867170033552	619.4630289958635	819.2540433974125	591.7348784357512	phage	gene-CPT_phageK_gp023	1.180987019818846	0	0	0
gene-CPT_phageK_gp156	0	0	0	0.9618791270626296	1.4427691009644046	2.2396608854797933	35.44984029392462	10.0662397290478	119.60647347036412	372.40845205842106	62.30442546446061	867.0448362012977	1015.061470761693	672.3535354779088	1242.6768495921242	1652.9431903104676	1479.170395746998	1197.8290030936344	1628.4387034793372	1595.3316789695036	1100.8195553419157	phage	gene-CPT_phageK_gp156	1.028288612068354	0	0	0
gene-CPT_phageK_gp219	0	0	0	0.3206263756875431	2.019876741350166	4.852598585206218	84.23124445906876	18.583827192088243	317.7710449005532	723.0848459065363	126.87446640035616	1590.3745224122497	1679.4098248528226	885.2384862292274	1696.380170291141	1066.6335608185782	1493.1426461025353	1024.7890621307906	559.7758043210222	615.8126641526776	780.8669346967067	phage	gene-CPT_phageK_gp219	1.0058239323850224	0	0	0
gene-CPT_phageK_gp064	2	1	0	1.923758254125259	7.790953145207784	5.599152213699483	163.9176375984036	50.331198645239	563.3535673515375	2300.3054341999377	324.3606149937677	4826.708052729198	6700.190885646585	4267.095763233051	10261.010034158377	8395.639461050527	10416.501454246923	7764.258527488267	3759.581761391402	5859.550804361842	5112.650196459022	phage	gene-CPT_phageK_gp064	1.0691472083535565	0	0	0
gene-CPT_phageK_gp075	0	3	0	0.0	1.4427691009644046	0.7465536284932643	27.57209800638582	10.453402795549636	119.2526081642388	274.2849165027982	50.97634810728596	738.322869797731	570.1269197617245	503.2120677576831	653.1237821962811	332.3234423287362	534.3441690022983	402.4269215249327	184.05542588974984	200.148263393651	336.17842708046527	phage	gene-CPT_phageK_gp075	1.026194466218724	0	0	0
gene-CPT_phageK_gp021	0	1	1	1.6031318784377158	6.9252916846291415	20.53022478356477	183.91498340523287	18.970990258590085	556.2762612290308	511.0326415514319	158.9706855790177	976.751057567974	715.3849643528906	713.5048121071592	830.7734509536696	578.1777344920018	658.5839086501825	729.6032804882925	375.2447830155365	316.8709252265115	652.581652567962	phage	gene-CPT_phageK_gp021	0.8506560249655294	0	0	0
gene-CPT_phageK_gp017	0	0	0	1.2825055027501726	5.771076403857618	14.557795755618654	122.40799554483374	20.906805591099275	392.0827591868741	297.99261636858625	133.67131281466095	575.9576621750501	367.2891097470329	339.9030644416031	498.5511537431613	284.074198662737	256.78730383149315	463.1363125770228	277.50992508183214	175.99874715236953	538.4939510700666	phage	gene-CPT_phageK_gp017	0.8513217686124438	0	0	0
gene-CPT_phageK_gp107	0	0	0	0.3206263756875431	1.7313229211572854	1.866384071233161	29.69302862226165	13.937870394066184	129.5147020418736	431.01915450439714	80.80695181451256	1074.7552819888713	1373.6263736263736	726.1418183161416	2074.321132255389	2009.6623176388664	2132.467506965356	1885.626415492164	1465.5472735898295	1753.7671415827592	1703.7096757019056	phage	gene-CPT_phageK_gp107	1.0427509678795082	0	0	0
gene-CPT_phageK_gp011	2	1	0	1.923758254125259	3.1740920221216897	14.931072569865288	179.06714199751667	25.1655993226195	446.5780163301761	313.79774961244493	120.07761998605136	512.6937411869335	369.470161467621	477.9380553397184	401.8888339781117	210.61608049708647	230.3533166723689	405.6986851145663	138.39826597911423	115.62495654916586	350.88306416241625	phage	gene-CPT_phageK_gp011	0.8634866196097287	0	0	0
gene-CPT_phageK_gp164	0	0	0	0.0	0.5771076403857618	0.0	13.93754404718404	0.7743261330036769	38.5713183676618	40.82992754663502	9.062461885739726	77.16004236122895	53.21766198234919	64.15710844560287	56.6040611236777	55.29688599923506	48.71406205038621	58.89174461340478	29.01132035988305	31.833453227143764	52.7338709145828	phage	gene-CPT_phageK_gp164	0.8615645133616806	0	0	0
gene-CPT_phageK_gp165	1	0	2	0.3206263756875431	0.2885538201928809	0.0	1.8179405278935703	1.5486522660073538	4.954114285754727	57.95215522748197	4.908833521442352	80.81691640678481	238.6070582323361	120.2135718854478	249.4932847989794	4238.614737108032	627.9960092231958	3796.3363518381857	16779.481862574325	7259.856844594936	13362.45865588462	phage	gene-CPT_phageK_gp165	2.055730759813103	0	0	0
gene-CPT_phageK_gp157	0	0	1	0.9618791270626296	3.4626458423145707	5.599152213699483	140.2844107357872	32.13453451965259	572.2002000046709	1153.4454531924391	247.32968896498	2289.568839922533	2210.714023988079	1442.2388368251434	2339.053971972281	3289.6225906211603	2657.3709662679667	2505.4438510838627	3719.869544177464	3576.3238142770474	2639.73588443575	phage	gene-CPT_phageK_gp157	0.9748883639445792	0	0	0
gene-CPT_phageK_gp002	0	0	0	0.0	1.7313229211572854	0.0	22.118276422705105	3.871630665018385	67.23440816381415	135.9900006190344	20.76814182148687	311.93135608591604	292.6971409029205	328.562161433542	293.90570198832654	201.1288696638844	282.84366260263	195.21522751480472	78.71104130427287	111.2341354143874	141.97580630849214	phage	gene-CPT_phageK_gp002	1.0136245871936824	0	0	0
gene-CPT_phageK_gp188	0	0	0	0.0	0.2885538201928809	0.0	0.0	0.0	0.7077306122506754	0.98782082774117	0.3776025785724886	0.7313748091111748	1.744841376470465	4.536361203224446	2.177079273987604	256.42575566311945	14.727507131512109	253.74344284047243	932.167014842144	418.5916148488789	672.8639106120323	phage	gene-CPT_phageK_gp188	2.0528283323977967	0	0	0
gene-CPT_phageK_gp206	1	0	0	0.9618791270626296	2.308430561543047	2.2396608854797933	74.83855173161865	29.42439305413972	228.2431224508428	942.381069665076	166.90033972903996	2447.911486095102	3640.611532005625	2119.452759306507	5922.526456955878	6586.292823575556	6531.082970243639	6079.663808114701	3341.5333909596443	4970.043622807974	3750.696568799701	phage	gene-CPT_phageK_gp206	1.1080137368759857	0	0	0
gene-CPT_phageK_gp151	1	0	0	0.6412527513750863	2.885538201928809	1.1198304427398966	59.08306715654104	14.71219652706986	188.25634285867963	620.0222062122076	87.98140080738983	1293.4363499131125	1348.7623840116694	1000.5916711112204	1534.8408881612606	1991.230022305788	1649.480798729356	1647.8782613121227	2509.003615714148	2226.5122170939057	1956.223788350581	phage	gene-CPT_phageK_gp151	1.014072948711556	0	0	0
gene-CPT_phageK_gp004	0	1	0	0.0	0.5771076403857618	2.2396608854797933	38.17675108576498	10.0662397290478	141.19225714400972	325.98087315458605	53.99716873586587	770.1376739940671	567.0734473529011	594.2633176224024	585.6343247026655	304.1328729957928	497.3365869795242	364.2563463125407	172.87893361995884	173.07153306251723	266.20463682842274	phage	gene-CPT_phageK_gp004	1.0380890398642106	0	0	0
gene-CPT_phageK_gp113	0	1	0	0.0	2.308430561543047	4.852598585206218	75.1415418196009	14.71219652706986	222.58127755283732	519.5937553918553	72.12209250734531	1224.3214304521066	1478.3168562146016	1094.2351273777822	2101.752331107633	1825.06830114142	1865.1066082702127	1634.4276776658512	826.1092371330633	1120.0252911297364	1068.3679424714032	phage	gene-CPT_phageK_gp113	1.0149606108846123	0	0	0
gene-CPT_phageK_gp102	1	1	0	0.9618791270626296	3.4626458423145707	3.732768142466322	116.3481937851885	38.716306650183846	432.06953877903726	1097.4689396204396	157.46027526472773	2749.603594853462	3097.0934432350755	2220.5488089783657	4460.400016545803	4165.698745275708	4113.128401959741	3810.1504647721945	2659.053969378789	2843.0566847690466	2700.075602116859	phage	gene-CPT_phageK_gp102	1.0013749442752289	0	0	0
gene-CPT_phageK_gp024	0	0	0	0.0	0.0	0.0	5.15083149569845	3.484467598516546	14.154612245013508	116.8921312827051	13.593692828609589	321.43922860436135	450.6052854734976	250.47194357803545	910.8899682364134	1136.296794650948	959.553733876212	809.2161945027101	521.7281710621592	793.6409201112049	518.2116930259963	phage	gene-CPT_phageK_gp024	1.1690832024245084	0	0	0
gene-CPT_phageK_gp060	0	0	0	0.0	1.1542152807715236	2.2396608854797933	35.44984029392462	3.871630665018385	139.42293061338304	201.1861752499516	41.91388622154624	476.4906881359304	279.61083057939203	266.67323358955133	278.2307312156158	115.47290899840264	220.53497858469413	122.50936996739142	64.68097654006712	75.37576281369672	108.00302408467437	phage	gene-CPT_phageK_gp060	1.0875856546511902	0	0	0
gene-CPT_phageK_gp085	0	0	0	0.0	0.8656614605786427	0.0	19.08837554288249	8.904750529542284	91.29724898033712	314.7855704401861	40.02587332868379	787.3249820081796	1001.9751604381644	669.1132774756056	1247.0310081400994	995.0728848195682	1219.7396931995925	1006.9761270316744	467.2724959604114	633.0100469305598	662.7227815899972	phage	gene-CPT_phageK_gp085	1.0351557163854217	0	0	0
gene-CPT_phageK_gp128	0	0	0	0.3206263756875431	0.0	0.0	6.362791847627497	4.258793731520223	16.985534694016206	237.0769986578808	29.8306037072266	489.289747295376	1290.3101978999089	576.1178728095045	2329.910239021533	4190.907619775359	2705.329771542378	3596.031714295062	3371.258104443132	3845.993412304691	2266.5423364248563	phage	gene-CPT_phageK_gp128	1.261150982089037	0	0	0
gene-CPT_phageK_gp155	2	1	0	0.3206263756875431	1.4427691009644046	1.866384071233161	47.26645372523283	24.39127318961582	162.77804081765532	935.7955974801348	120.83282514319636	2091.0005792488487	2977.135598602731	1625.9614655557334	4104.665263176228	5674.436330921504	5062.863797748278	3751.258720158789	5524.51634918691	5155.921717513596	3914.475802505569	phage	gene-CPT_phageK_gp155	1.0972758066130484	0	0	0
gene-CPT_phageK_gp123	1	4	0	0.0	1.4427691009644046	1.1198304427398966	35.44984029392462	14.325033460568022	103.68253469472393	588.4119397244901	81.18455439308505	1380.835639601898	2076.361237999853	1255.27595009225	3498.566393298079	2899.8337569598857	3452.656351369621	2944.223701382502	1272.217737093232	2051.245273463999	1751.8800385565726	phage	gene-CPT_phageK_gp123	1.110407640103834	0	0	0
gene-CPT_phageK_gp012	0	0	0	0.0	1.1542152807715236	2.2396608854797933	49.0843942531264	3.871630665018385	77.49650204144895	46.42757890383498	18.88012892862443	71.30904388833954	40.56756200293831	124.1018814882116	64.00613065523555	27.106316666291697	30.2102710389992	57.43762746245651	14.505660179941524	15.001972210493038	49.69153220797224	phage	gene-CPT_phageK_gp012	0.9840949425558828	0	0	0
gene-CPT_phageK_gp050	0	1	0	0.0	0.8656614605786427	0.7465536284932643	39.38871143769403	11.614891995055151	148.26956326651649	349.03002580188	61.54922030731564	773.4288606350674	542.6456680823146	581.6263114134199	603.4863747493638	317.68603132893867	480.3433095200872	367.89163918991136	164.55601384458254	182.5849788545372	270.2610884372368	phage	gene-CPT_phageK_gp050	1.0263770539756705	0	0	0
gene-CPT_phageK_gp172	1	0	0	0.0	0.2885538201928809	0.3732768142466321	1.211960351929047	0.0	12.03142040826148	14.158765197623437	3.398423207152397	18.28437022777937	37.07787924999738	22.03375441566159	70.53736847719837	589.8334506585073	127.26076675178412	457.6833732609668	1209.2013445082405	831.3288015180532	735.7389105486503	phage	gene-CPT_phageK_gp172	1.7407257363741344	0	0	0
gene-CPT_phageK_gp137	0	0	0	0.3206263756875431	2.596984381735928	1.866384071233161	37.26778082181819	15.099359593571698	152.86981224614587	488.642036122632	76.27572087164269	1229.0753667113293	1579.5176560498885	802.2878813702662	2413.945498997455	1801.2147424750833	2171.3632309280674	1560.9947615429635	821.5910806835733	1143.4430038485548	1181.948587518197	phage	gene-CPT_phageK_gp137	1.071835162545678	0	0	0
gene-CPT_phageK_gp233	0	0	0	0.3206263756875431	1.1542152807715236	0.7465536284932643	32.72292950208427	12.38921812805883	101.91320816409724	338.1639966967272	53.61956615729338	876.1870213151874	1148.105625717566	897.5514666379795	1578.8178894958105	1603.6096939778167	1687.6212659160926	1194.5572395040006	580.7020026133968	1034.7701807627882	724.5836686244116	phage	gene-CPT_phageK_gp233	1.0635404457537394	0	0	0
gene-CPT_phageK_gp146	0	0	1	0.6412527513750863	0.8656614605786427	0.7465536284932643	10.60465307937916	16.648011859579054	32.909473469656405	723.4141195157833	91.37982401454224	1305.8697216680025	3200.039084446833	1554.0277379046029	5259.823525954051	7672.442932393865	6375.87770278078	5890.628578491426	8542.882655154086	8005.564633984809	6795.063501214654	phage	gene-CPT_phageK_gp146	1.2067369738929956	0	0	0
gene-CPT_phageK_gp209	0	0	0	0.3206263756875431	1.7313229211572854	1.866384071233161	43.32758258146343	15.486522660073538	159.59325306252728	620.3514798214546	98.17667042884705	1504.803669746242	1992.608851929271	1166.8169066293733	3231.2210584524014	3257.3660737882733	3507.4124676278066	2718.8355429855205	1528.8014638826896	2369.579805735437	1741.7389095345377	phage	gene-CPT_phageK_gp209	1.0888704913932967	0	0	0
gene-CPT_phageK_gp168	0	0	1	0.6412527513750863	0.2885538201928809	0.0	5.453821583680711	1.5486522660073538	19.10872653076824	59.59852327371725	11.705679935747144	128.35627899901118	225.08453756469	155.85640991078273	297.8244446815042	4603.194696269656	712.5847681323935	4426.332607486522	12953.316742979914	7182.28567121385	9039.802410242137	phage	gene-CPT_phageK_gp168	1.88042672873778	0	0	0
gene-CPT_phageK_gp134	1	2	0	0.3206263756875431	2.596984381735928	2.9862145139730574	64.23389865223949	29.42439305413972	286.27703265539816	1048.7364454518754	187.2908789719544	2531.653901738332	3445.189297840933	1526.4855448850258	5897.272337377622	7186.96880090058	5813.966661455395	6283.967267822933	4372.148656859096	5176.0463143813295	3994.0836653285446	phage	gene-CPT_phageK_gp134	1.1100796375882918	0	0	0
gene-CPT_phageK_gp232	0	0	0	0.0	0.5771076403857618	1.1198304427398966	21.20930615875832	6.194609064029415	57.68004489843004	193.6128822372693	23.0337572929218	485.6328732498201	531.3041991352566	493.4912937507736	792.8922715862853	696.0902119903708	781.6907631341041	526.0268793555352	273.4673640480779	437.9844081941504	355.95362867343385	phage	gene-CPT_phageK_gp232	1.0406560871715935	0	0	0
gene-CPT_phageK_gp008	0	0	0	0.0	0.8656614605786427	0.7465536284932643	15.75548457507761	6.968935197033092	68.29600408219017	232.467168128422	30.963411442944064	541.5830461468249	485.9383233470245	409.89263729135166	540.3510758037232	299.2537359958603	461.8395185087002	278.82696369433006	128.64855995653056	156.9718555683296	199.7802417340925	phage	gene-CPT_phageK_gp008	1.0633583839666818	0	0	0
gene-CPT_phageK_gp183	0	0	3	0.0	0.8656614605786427	1.1198304427398966	9.392692727450113	2.3229783990110304	42.10997142891518	92.52588419842292	22.65615471434932	216.4869434969077	389.0996269529137	228.76221496260416	1088.9750528485995	8073.074292721656	1903.2470754569488	6746.012992536744	11629.021307863612	10914.1177340143	7145.94656537707	phage	gene-CPT_phageK_gp183	1.6609302272458448	0	0	0
gene-CPT_phageK_gp227	1	1	0	1.923758254125259	2.019876741350166	1.1198304427398966	4.544851319733926	0.7743261330036769	7.431171428632091	18.43932211783517	1.5104103142899543	34.37461602822521	56.271134391172495	43.74348303109287	81.42276484713638	306.0303151624332	85.72164407316022	279.91755155754123	1111.7042842824037	467.2565490926734	1044.029232818519	phage	gene-CPT_phageK_gp227	1.8867893311550343	0	0	0
gene-CPT_phageK_gp222	0	0	0	0.0	0.5771076403857618	0.3732768142466321	23.33023677463415	12.002055061556993	85.98926938845705	335.20053421350366	61.54922030731564	892.6429545201888	968.386963941108	777.0138689523014	1354.578724275087	1235.7769768162384	1576.220891459783	823.0303074367187	474.882022612184	749.0009052409573	584.6360881203266	phage	gene-CPT_phageK_gp222	1.0692352002347645	0	0	0
gene-CPT_phageK_gp057	0	0	0	0.3206263756875431	0.8656614605786427	0.3732768142466321	26.66312774243903	4.258793731520223	76.43490612307293	154.7585963461166	30.963411442944064	387.99433623347824	301.4213477852728	245.61155657458067	288.24529587595873	164.53534216439058	229.5980598963939	158.498769453361	83.22919775376285	90.7436367854213	128.79233857984644	phage	gene-CPT_phageK_gp057	1.0303116732924484	0	0	0
gene-CPT_phageK_gp214	0	1	0	0.0	0.8656614605786427	1.1198304427398966	19.99734580682928	4.258793731520223	55.91071836780335	206.12527938865745	32.47382175723402	600.4587182802745	642.1016265411312	424.7978241019463	932.225345121492	869.2995754879747	944.8262267447	754.3232720544131	354.7941801388976	567.1477299088831	462.4354834048029	phage	gene-CPT_phageK_gp214	1.0536253071931454	0	0	0
gene-CPT_phageK_gt002	0	0	0	0.0	0.8656614605786427	0.3732768142466321	5.15083149569845	3.484467598516546	15.21620816338952	62.2327121476937	15.481705721472032	105.68365991656476	300.5489270970376	118.5934428842962	560.3802051244093	1117.3223729845438	668.7798751258447	1144.3901977962855	759.7636766379209	1245.8954969933852	819.9102814315421	phage	tRNA-Trp	1.310718625723437	0	0	0
gene-CPT_phageK_gp185	1	0	0	0.0	0.2885538201928809	0.0	1.211960351929047	0.0	7.077306122506753	9.878208277411698	4.531230942869863	27.79224274622464	57.57976542352535	37.262967026486514	243.3974628318141	1320.3486848150685	381.40467186736487	1008.0667148948856	1621.0669745354323	1504.2221404228508	1071.9173376291155	phage	gene-CPT_phageK_gp185	1.5978803229542131	0	0	0
gene-CPT_phageK_gp092	0	0	0	0.0	1.4427691009644046	2.6129376997264253	40.90366187760533	13.163544261062508	144.37704489913776	294.37060666686864	52.10915584300342	766.1151125439555	587.1391231823114	471.7815651353423	671.411248097777	336.6604529953429	538.1204528821731	415.8775051712041	217.1093072833871	250.27680468237165	384.855846386234	phage	gene-CPT_phageK_gp092	0.9949839371898692	0	0	0
gene-CPT_phageK_gp054	1	2	0	0.0	0.0	0.7465536284932643	34.23787994199557	8.517587463040446	114.6523591846094	355.61549798682114	58.90600225730822	838.5212186459619	788.2320918205326	548.2516539896973	765.4610727340415	473.8184153267789	645.7445434586078	419.5127980485748	241.1268757780444	245.8859835475932	323.50201580292133	phage	gene-CPT_phageK_gp054	1.0357269184011813	0	0	0
gene-CPT_phageK_gp116	1	0	2	1.6031318784377158	1.1542152807715236	1.1198304427398966	2.423920703858094	1.1614891995055152	6.723440816381416	51.69595665178789	10.95047477860217	82.64535342956275	232.50011341468945	95.911636868174	366.6201497395125	1501.68994331256	516.9732631548737	1183.2878315841515	7217.160433790578	2540.090026469333	6102.931445460755	phage	gene-CPT_phageK_gp116	2.070736434596271	0	0	0
gene-CPT_phageK_gp127	0	0	0	0.0	0.5771076403857618	0.3732768142466321	24.84518721454546	1.935815332509192	71.48079183731821	118.20922571969332	26.80978307864669	272.071428989357	312.32660638821324	265.70115618886035	612.1946918453142	1924.8195464733733	816.0549464409658	1805.6499721900093	1546.8740896806496	2191.3856480156783	1078.0020150423368	phage	gene-CPT_phageK_gp127	1.3599375990238305	0	0	0
gene-CPT_phageK_gp013	0	0	0	0.0	0.0	1.1198304427398966	21.20930615875832	3.871630665018385	67.23440816381415	105.69682856830518	11.328077357174658	221.2408797561304	324.5404960235065	223.5778021589191	389.2617741889836	319.3124103289162	282.84366260263	464.590429727971	166.9339909232615	214.05253032044945	259.10584651299814	phage	gene-CPT_phageK_gp013	1.010624604594427	0	0	0
gene-CPT_phageK_gp104	1	0	0	0.6412527513750863	0.8656614605786427	1.1198304427398966	13.93754404718404	5.4202829310257385	49.89500816367261	236.41845143938664	37.38265527867637	534.6349854602688	835.3428089852351	463.3568943293541	1353.707892565492	1840.5189016412064	1482.946679626873	1588.2594581232438	1939.4781053705424	1728.8858218190148	1515.5917323431536	phage	gene-CPT_phageK_gp104	1.1353315019576018	0	0	0
gene-CPT_phageK_gp125	4	8	0	1.6031318784377158	14.716244829836926	12.691411684385494	350.86252188345907	127.37664887910483	1221.18917143854	4679.307261009922	726.507361173468	11522.810117546558	14340.851273210752	7854.385397582897	21064.98363924925	16650.868201769663	20280.532576868147	16582.024930838554	8108.188445171577	11539.443843958998	11364.656238543694	phage	gene-CPT_phageK_gp125	1.055592177159607	0	0	0
gene-CPT_phageK_gp178	0	0	0	0.0	0.0	0.0	1.211960351929047	0.0	4.60024897962939	5.926924966447019	1.5104103142899543	9.87355992300086	19.193255141175115	17.821419012667462	47.89574402772728	311.72264166235453	74.770420821523	253.74344284047243	471.3150569941656	430.3004712082881	326.5443545095319	phage	gene-CPT_phageK_gp178	1.6365520113886516	0	0	0
gene-CPT_phageK_gp139	0	1	0	0.0	0.5771076403857618	2.9862145139730574	36.35881055787141	8.517587463040446	137.29973877663102	352.65203550359763	56.64038678587329	955.9068755083056	917.7865640234646	590.0509822194082	1308.42464366655	911.8564926540528	1150.2560698098944	842.6608889745203	455.8582059827525	601.1765937034161	755.0070556905171	phage	gene-CPT_phageK_gp139	1.0135508387412504	0	0	0
gene-CPT_phageK_gp117	0	0	0	0.6412527513750863	0.0	1.1198304427398966	16.664454839024394	6.968935197033092	48.12568163304592	468.8856195678087	64.94764351446804	896.6655159703002	2029.6867311792685	954.5800074785154	3674.9098144910754	5953.902455750971	4530.785399073904	4969.081834077962	3459.005458646384	5548.900209076266	2898.3346744976466	phage	gene-CPT_phageK_gp117	1.232632141728243	0	0	0
gene-CPT_phageK_gp084	0	3	0	0.0	4.039753482700332	4.4793217709595865	75.74752199556544	20.1324794580956	341.48002041095083	704.6455237887012	138.9577489146758	1993.7277296370623	1649.747521452825	1235.1863504779703	2258.0666229799426	1372.6638759810114	2009.7382808694213	1327.608958815767	719.338066300379	863.162254745197	1045.0433457207223	phage	gene-CPT_phageK_gp084	1.0136297388818174	0	0	0
gene-CPT_phageK_gp073	0	0	0	0.0	0.2885538201928809	1.1198304427398966	24.84518721454546	7.743261330036769	82.804481633329	212.0522043551045	32.47382175723402	562.0615408019378	501.6418957352587	379.1101862694715	705.8091006267812	398.191791827825	597.4081097962091	456.9563146854927	195.46971586740875	266.74238393779086	347.33366900470395	phage	gene-CPT_phageK_gp073	1.0220997620320762	0	0	0
gene-CPT_phageK_gp022	0	0	0	0.0	0.0	0.0	3.332890967804879	3.484467598516546	12.03142040826148	142.57547280397552	18.50252635005194	385.0688369970336	612.8755334852508	252.7401241796477	1337.1620900831865	1666.2252854769506	1387.0290690780505	1307.9783772779654	794.7199396945012	1180.0331799717085	739.2883057063626	phage	gene-CPT_phageK_gp022	1.2108784783171564	0	0	0
gene-CPT_phageK_gp199	0	0	0	0.0	2.885538201928809	1.493107256986529	59.3860572445233	12.002055061556993	188.61020816480496	507.7399054589613	84.20537502166495	702.1198167467278	904.2640433558184	613.3808398359911	1163.4311640189756	1568.9136086449637	1120.4234271588828	1984.1428524689093	1347.3618127794866	1330.4188038378704	842.7278217311211	phage	gene-CPT_phageK_gp199	1.0380462835294346	0	0	0
gene-CPT_phageK_gp212	1	0	0	0.3206263756875431	0.0	1.1198304427398966	12.11960351929047	6.581772130531253	39.27904897991248	242.3453764058337	30.208206285799086	559.8674163746043	992.378532867577	640.5990070553378	1516.5534222597648	2141.1279534703813	1730.6709021466663	1883.4452397657417	1401.1040947576305	1812.6773251410368	1426.856853400346	phage	gene-CPT_phageK_gp212	1.1246115488588335	0	0	0
gene-CPT_phageK_gp162	2	0	0	0.0	1.4427691009644046	1.493107256986529	53.0232653968958	3.484467598516546	128.45310612349758	175.50283372868117	32.47382175723402	411.7640175295914	357.25627183232774	397.5796568825996	369.2326448682976	265.9129664963216	298.3264265101171	305.72813098687294	128.1729645407948	157.70365909079266	189.1320562609556	phage	gene-CPT_phageK_gp162	0.9491183021881464	0	0	0
gene-CPT_phageK_gp216	1	2	0	0.9618791270626296	3.4626458423145707	2.9862145139730574	70.59669049986698	20.906805591099275	249.1211755122377	737.5728847134068	111.39276067888412	1810.1526525501577	2743.3268541556886	1671.0010517877474	4390.298063923402	7308.405099565567	4736.970498915074	6333.043721667436	2858.566246279952	4441.681479589633	2787.289311706362	phage	gene-CPT_phageK_gp216	1.1815112801135716	0	0	0
gene-CPT_phageK_gt003	0	0	0	0.0	0.0	0.0	1.5149504399113087	0.7743261330036769	9.20049795925878	31.61026648771744	11.705679935747144	59.60704694256074	149.62014803234237	80.03437265688842	302.1786032294794	506.6170584929918	317.58547429747904	474.0421912091348	272.0405778008705	483.35622658686106	386.3770157395393	phage	tRNA-Phe	1.25155472007814	0	0	0
gene-CPT_phageK_gp097	0	1	0	0.0	4.039753482700332	2.2396608854797933	49.38738434110866	19.74531639159376	225.0583346957148	514.6546512531495	83.82777244309247	1365.8424560151188	1297.7257737499085	872.601480020245	1971.562990523174	1411.4259088138087	1631.3546361059566	1499.5583119153994	826.8226302566669	862.7963529839654	996.3659264149536	phage	gene-CPT_phageK_gp097	1.0077504805137711	0	0	0
gene-CPT_phageK_gp035	2	0	0	0.6412527513750863	3.751199662507452	13.064688498632126	123.6199558967628	16.260848793077216	433.1311346974133	373.3962728861622	152.55144174328538	732.8375587293972	430.9758199882049	356.10435445311896	621.3384247960621	365.9352749949379	399.5308344907644	613.6374377001683	339.5751268353524	222.4682708287748	698.2167331671202	phage	gene-CPT_phageK_gp035	0.8744184237575761	0	0	0
gene-CPT_phageK_gp124	0	0	0	0.3206263756875431	2.308430561543047	2.9862145139730574	69.6877202359202	18.970990258590085	201.70322449144248	756.012206831242	104.59591426457932	1663.1463159188115	1962.946548529273	1327.2096777433806	2549.359829839484	2063.061761471461	2282.008348608402	2529.073254786772	1133.58167340625	1446.4096621482677	1733.6260063169093	phage	gene-CPT_phageK_gp124	1.006278318215474	0	0	0
gene-CPT_phageK_gp076	0	0	0	0.0	2.596984381735928	2.2396608854797933	53.62924557286033	12.002055061556993	233.19723673659752	472.8369028787733	91.37982401454224	1227.6126170931068	913.4244605822884	741.6950567271967	1039.7730612564797	523.6940379927556	803.2155812493911	658.3515400918275	293.6801692168489	338.82503090040376	511.6199591616734	phage	gene-CPT_phageK_gp076	1.017260348226408	0	0	0
gene-CPT_phageK_gp224	0	0	1	0.6412527513750863	2.019876741350166	2.6129376997264253	72.1116409397783	27.10141465512869	248.05957959386168	882.4532727821118	120.45522256462384	2139.2713166501862	2596.760178532169	1874.4892543323867	3886.957335777468	4242.680684607976	4225.284033192025	3535.3223232429723	1886.6870142238697	2898.67375247624	2002.8729818519423	phage	gene-CPT_phageK_gp224	1.0616648659097907	0	0	0
gene-CPT_phageK_gp119	4	1	1	0.3206263756875431	2.308430561543047	2.6129376997264253	58.17409689259425	30.97304532014708	204.18028163431984	1386.9004421486025	231.847983243508	2798.971394468466	5233.215498379042	2254.571518002549	9520.36766514779	12874.416163821905	11524.840772990206	10894.24569490441	7489.914404715053	11978.891859198076	7072.930436418417	phage	gene-CPT_phageK_gp119	1.1854479543490213	0	0	0
gene-CPT_phageK_gp009	0	0	0	0.6412527513750863	2.308430561543047	9.705197170412436	153.00999443104217	11.614891995055151	239.21294694072824	156.73423800159895	45.68991200727112	226.3605034199086	173.17550661469366	367.1212316609498	171.5538467902232	88.36659233211093	113.66614478423448	159.95288660430927	44.70596907916404	57.81247827458293	115.10181440009896	phage	gene-CPT_phageK_gp009	0.9602068568221752	0	0	0
gene-CPT_phageK_gp189	0	0	1	0.0	0.0	0.0	0.3029900879822617	0.0	0.3538653061253377	1.97564165548234	0.0	1.0970622136667625	6.543155161764243	5.832464404145715	4.789574402772728	384.6386334946792	22.280074891261908	387.88575001545	1490.7538306238266	615.8126641526776	1035.409273149789	phage	gene-CPT_phageK_gp189	2.079310352560096	0	0	0
gene-CPT_phageK_gp143	1	0	1	0.3206263756875431	4.905414943278975	4.106044956712954	121.49902528088695	32.908860652656266	408.714428574765	1140.9330560410513	192.19971249339667	2826.763637214691	3432.1029875174045	1786.3542366697404	5749.230946746464	8153.580053220542	6071.509222062863	7038.654069165083	7484.445057434091	8176.440756479938	5972.617937527603	phage	gene-CPT_phageK_gp143	1.120904558396799	0	0	0
gene-CPT_phageK_gp150	1	2	1	0.6412527513750863	5.771076403857618	5.972429027946115	179.97611226146347	43.74942651470774	621.3874775560929	2074.753011865704	294.9076138651136	4222.958147807924	5673.351735593717	4140.077649542767	6600.904358730415	7615.519667394652	7328.25649728523	6041.856762190046	7756.485635234962	7745.408481749186	6625.199590095565	phage	gene-CPT_phageK_gp150	1.0011978618393145	0	0	0
gene-CPT_phageK_gt001	0	0	0	0.0	0.5771076403857618	1.1198304427398966	12.725583695254992	3.871630665018385	48.47954693917126	131.70944369882264	20.76814182148687	237.3311255565762	349.8406959823282	168.81744191999542	412.3388144932522	508.7855638262951	370.07582022774017	603.8221469312675	361.45251595919865	405.7850532057751	485.253023704382	phage	tRNA-Met	1.0423304250828251	0	0	0
gene-CPT_phageK_gp186	0	0	0	0.0	0.0	0.0	1.8179405278935703	1.1614891995055152	3.184787755128039	11.52457632364698	3.0208206285799086	24.135368700668767	61.069448176466274	33.050631623492386	219.44959081795045	1113.2564254846	321.3617581773539	967.7149639560712	1369.0014041954648	1271.5086202795928	942.1108861470656	phage	gene-CPT_phageK_gp186	1.5819454647132416	0	0	0
gene-CPT_phageK_gp045	1	1	0	0.6412527513750863	2.019876741350166	11.571581241645598	160.28175654261645	14.71219652706986	250.53663673673907	146.19748250569313	50.59874552871347	218.31538051968568	175.79276867939936	378.1381088687805	172.86009435461574	94.87210833202094	97.8057524887599	155.95406443920157	43.041385124088784	58.91018355827754	123.2147176177271	phage	gene-CPT_phageK_gp045	0.9638782660633118	0	0	0
gene-CPT_phageK_gp029	0	0	1	0.3206263756875431	0.0	1.493107256986529	23.027246686651893	6.194609064029415	75.37331020469692	220.28404458628088	39.270668171538816	596.0704694256075	571.8717611381949	391.42316667822354	819.4526387289341	685.2476853238541	811.9010341731034	612.1833205492201	320.5513102059209	484.45393187055566	428.4627011809852	phage	gene-CPT_phageK_gp029	1.0161175953773098	0	0	0
gene-CPT_phageK_gp131	1	1	0	0.3206263756875431	2.308430561543047	3.359491328219689	76.35350217152995	42.20077424870039	298.662318369785	1740.2110248706942	250.35050959356	3497.800024574193	6400.078168893666	3007.283451937577	10518.776220198506	12822.91416215595	11375.677559735148	9968.3365990381	9687.165225414392	11631.285186028112	7599.255032662041	phage	gene-CPT_phageK_gp131	1.1285701999416915	0	0	0
gene-CPT_phageK_gp093	0	0	0	0.3206263756875431	1.1542152807715236	1.1198304427398966	23.93621695059868	10.453402795549636	100.14388163347056	269.01653875484527	39.270668171538816	679.812885068837	531.7404094793742	405.0322502878969	568.2176905107646	330.1549369954329	450.888295257063	336.26459115678654	222.8164522722165	200.51416515488256	303.7268142099528	phage	gene-CPT_phageK_gp093	1.0089140370800291	0	0	0
gene-CPT_phageK_gp217	0	0	0	0.3206263756875431	0.2885538201928809	0.7465536284932643	29.390038534279388	8.904750529542284	90.2356530619611	311.8221079569626	45.68991200727112	727.3522476610633	1262.8289462204991	779.9301011543743	1931.0693160270048	3134.032332956646	1921.7508664683364	2506.534438947074	1355.209137139127	1986.1147599647857	1223.0201600574394	phage	gene-CPT_phageK_gp217	1.164710270825885	0	0	0
gene-CPT_phageK_gp063	0	0	0	0.0	1.4427691009644046	1.493107256986529	20.300335894811536	4.258793731520223	66.52667755156348	107.34319661454046	18.12492377147945	258.54099502080027	196.7308651970449	153.58822930917052	180.69757974097112	87.28233966545926	126.50550997580912	96.6987905380597	43.99257595556036	60.00788884197216	69.46673380094079	phage	gene-CPT_phageK_gp063	1.0439830674631911	0	0	0
gene-CPT_phageK_gp046	1	0	0	0.0	1.4427691009644046	0.7465536284932643	18.179405278935704	6.968935197033092	66.52667755156348	219.95477097703383	21.52334697863185	530.2467366056018	497.27979229408254	421.5575660996431	551.2364721736612	296.8141674958941	457.3079778528504	283.5528444349119	122.94141496770112	162.8262837480342	187.61088690765035	phage	gene-CPT_phageK_gp046	1.073958180422234	0	0	0
gene-CPT_phageK_gp152	0	1	0	0.3206263756875431	2.308430561543047	2.2396608854797933	51.50831495698449	11.227728928553317	167.73215510341004	429.70206006740887	72.8772976644903	889.3517678791885	837.5238607058232	634.1184910507313	874.3150364334217	1243.637808649463	940.29468608885	1017.8820056637863	1638.4262072097886	1462.875241403687	1304.149192233721	phage	gene-CPT_phageK_gp152	1.0076077700678887	0	0	0
gene-CPT_phageK_gp170	0	0	0	0.0	0.2885538201928809	0.7465536284932643	7.271762111574281	1.5486522660073538	24.416706122648296	50.37886221479966	13.2160902500371	104.2209102983424	180.1548721205755	105.3083850748532	315.24107887340506	2288.044189801682	574.3727781289722	1705.6794180623162	4576.179090209749	3226.155828778466	2807.06451329933	phage	gene-CPT_phageK_gp170	1.7134061204557869	0	0	0
gene-CPT_phageK_gp071	0	0	1	0.3206263756875431	1.1542152807715236	2.2396608854797933	68.77874997197341	14.325033460568022	187.5486122464289	549.2283802240904	82.31736212880251	1485.422237304796	1539.8225147351857	1312.6285167330163	2298.5602974761123	1549.9391869785593	2255.19673306129	1728.9452924774885	746.2092072894509	1122.2207016971256	1253.4435471235447	phage	gene-CPT_phageK_gp071	1.0317123717622392	0	0	0
gene-CPT_phageK_gp109	0	0	0	0.3206263756875431	2.019876741350166	1.1198304427398966	34.8438601179601	10.840565862051475	109.69824489885468	505.10571658498486	77.78613118593265	1045.1346022198688	1924.1238279028053	1147.6993844157846	3016.561042037224	4299.875012773852	3159.2390939033407	3720.722259988876	2323.521403577191	3154.8049853383163	2212.2872961569683	phage	gene-CPT_phageK_gp109	1.1362971324391062	0	0	0
gene-CPT_phageK_gp047	1	0	0	0.0	0.8656614605786427	0.0	19.08837554288249	7.743261330036769	64.40348571481145	237.40627226712783	28.320193392936645	561.3301659928267	418.7619303529116	419.28938549803087	527.2886001597976	279.19506166280445	450.888295257063	285.37049087359725	144.81880409154735	165.38759607665494	202.82258044070304	phage	gene-CPT_phageK_gp047	1.051236983313667	0	0	0
gene-CPT_phageK_gp095	0	0	0	0.3206263756875431	1.1542152807715236	1.493107256986529	34.8438601179601	10.0662397290478	146.8541020420151	393.8112366594797	66.0804512501855	1057.2022865702031	1364.902166744021	952.6358526771336	2152.6959861189425	2257.685115135436	2237.825827213865	2128.100450412788	993.0432280563248	1490.6837752572835	1288.937498700668	phage	gene-CPT_phageK_gp095	1.0748548190136784	0	0	0
gene-CPT_phageK_gp179	2	0	1	1.2825055027501726	1.7313229211572854	1.1198304427398966	28.17807818235034	12.38921812805883	85.98926938845705	361.8716965625152	85.7157853359549	818.4084113954046	1941.1360313233924	806.8242425734907	4945.453278790241	13693.026927143914	6590.748255545662	11779.07598125643	12848.210156102305	15674.865549397837	9160.988902055456	phage	gene-CPT_phageK_gp179	1.4214980446002543	0	0	0
gene-CPT_phageK_gp106	0	0	0	0.3206263756875431	1.7313229211572854	0.7465536284932643	26.05714756647451	11.614891995055151	103.3286693885986	275.2727373305393	49.465937792996	687.4923205645043	886.3794192469962	479.5581843408699	1283.6059399430912	1236.3191031495642	1322.0769863442024	1148.3890199613932	859.4009162345684	1049.040349450818	992.3094748061396	phage	gene-CPT_phageK_gp106	1.030297109253097	0	0	0
gene-CPT_phageK_gp181	0	0	0	0.0	0.0	0.0	4.544851319733926	1.5486522660073538	14.154612245013508	25.024794302776304	6.419243835732306	55.95017289700487	144.8218342470486	77.11814045481557	362.2659911915373	851.6804696548851	436.9160449015259	691.0691759881635	666.5469751537065	904.5091537643608	454.82963663827655	phage	gene-CPT_phageK_gp181	1.3708419633109377	0	0	0
gene-CPT_phageK_gp145	0	0	0	0.0	0.0	0.0	2.120930615875832	4.258793731520223	4.60024897962939	137.3070950560226	15.104103142899543	230.74875227457565	680.4881368234813	398.55173428329056	1240.9351861729342	2154.681111803527	1637.3966903137564	1604.981805359149	2235.5362516660703	2326.037496148884	1891.320562609556	phage	gene-CPT_phageK_gp145	1.2593239976620485	0	0	0
gene-CPT_phageK_gp031	0	0	0	0.3206263756875431	1.7313229211572854	0.0	6.968772023592019	4.258793731520223	21.23191836752025	91.8673369799288	12.838487671464613	178.82114082768223	383.4288924793847	243.9914275734291	635.7071480043803	1738.0570246426237	659.7167938141449	1564.2665251325973	2276.19965971148	1721.2018848331525	1518.1270145986623	phage	gene-CPT_phageK_gp031	1.3855284759427973	0	0	0
gene-CPT_phageK_gp160	0	0	0	0.0	0.0	0.3732768142466321	5.15083149569845	1.935815332509192	19.10872653076824	41.817748374376194	16.6145134571895	81.54829121589599	174.9203479911641	155.2083583103221	414.5158937672398	3312.662959787508	722.0254778320808	2670.122618428754	4832.287221583471	4344.351611102044	2952.5897147655346	phage	gene-CPT_phageK_gp160	1.661265018354201	0	0	0
gene-CPT_phageK_gp144	2	0	1	0.0	2.885538201928809	1.866384071233161	62.41595812434591	13.937870394066184	208.0728000016985	648.9982838259486	117.05679935747146	1094.8680892394286	2636.019109502755	1543.6589122972327	4315.841952753026	7443.3945565637	5572.284493143402	6056.034404411792	7904.158011820924	7679.180262966278	6489.308461200294	phage	gene-CPT_phageK_gp144	1.2150511980737095	0	0	0
gene-CPT_phageK_gp197	0	0	0	0.3206263756875431	4.328307302893213	5.599152213699483	152.7070043430599	52.26701397774819	490.1034489835927	1560.427634221801	220.89750846490583	3924.557225690564	4964.946136746708	3045.5184963647544	7686.831500595432	7675.69569039382	7486.105163464001	7474.889214449562	3507.278393343566	5193.609598920443	4329.755035957908	phage	gene-CPT_phageK_gp197	1.0672832618651522	0	0	0
gene-CPT_phageK_gp135	0	1	0	0.3206263756875431	2.308430561543047	2.2396608854797933	40.29768170164081	12.776381194560669	184.0099591851756	538.3623511189376	81.56215697165753	1274.420604876222	1740.0430626851712	795.1593137651992	2608.1409702371493	2955.9438324591097	2448.542467710885	2595.9626437303923	1785.147392964279	2129.1823486063167	1707.7661273107196	phage	gene-CPT_phageK_gp135	1.067724678290176	0	0	0
gene-CPT_phageK_gp223	0	0	0	0.0	0.0	0.3732768142466321	19.08837554288249	8.904750529542284	66.88054285768882	246.2966597167984	35.11703980724144	628.9823358356103	712.767702288185	547.9276281894669	1042.8209722400622	915.3803138206706	1174.801915029081	734.6926905166115	362.6415044985381	604.8356113157315	463.9566527581082	phage	gene-CPT_phageK_gp223	1.067013728927734	0	0	0
gene-CPT_phageK_gp228	0	1	0	0.0	2.308430561543047	2.2396608854797933	40.29768170164081	9.67907666254596	150.3927551032685	313.1392023939508	49.08833521442352	711.9933766697286	664.3483540911295	454.9322235233658	768.9443995724216	550.5292914923843	722.7807346080558	559.4715738273454	258.9617038681364	377.97651935217823	354.43245932012854	phage	gene-CPT_phageK_gp228	0.9779363391188872	0	0	0
gene-CPT_phageK_gp111	2	1	1	1.2825055027501726	6.9252916846291415	9.331920356165805	168.15949883015526	51.87985091124635	612.5408449029595	2032.9352634913275	287.7331648722363	4393.002790926272	6006.180228155458	4362.359348500765	10000.631352989456	9892.99239369648	9539.270708951984	9137.672176558905	5864.32927373013	7386.458853981047	6432.518138676897	phage	gene-CPT_phageK_gp111	1.0509386008870183	0	0	0
gene-CPT_phageK_gp068	0	1	0	0.3206263756875431	1.1542152807715236	2.2396608854797933	46.054493373303785	8.904750529542284	163.13190612378065	357.92041325155054	50.59874552871347	852.4173400190742	912.9882502381708	741.3710309269665	1114.2291724268557	787.4384991557738	1044.1424927854098	777.5891464695853	381.1897257122338	493.6014759013441	554.7197575053228	phage	gene-CPT_phageK_gp068	0.996271722808012	0	0	0
gene-CPT_phageK_gp001	0	0	0	0.0	2.308430561543047	1.1198304427398966	35.14685020594236	6.194609064029415	140.8383918378844	218.3084029307985	33.229026914379	521.1045514917121	451.91391650585047	436.1387271100074	438.4637657811034	242.05940782998485	341.37606274069094	250.47167925083883	115.33188831592852	113.06364422054509	193.18850786976964	phage	gene-CPT_phageK_gp001	1.029502671795811	0	0	0
gene-CPT_phageK_gp177	0	0	0	0.3206263756875431	0.5771076403857618	0.0	6.059801759645235	0.0	13.80074693888817	22.061331819552795	8.30725672859475	44.24817595122608	94.22143432940511	53.14023123777207	226.4162444947108	1188.069859483565	319.095987849429	951.7196752956402	1505.735086219504	1426.6509670417647	962.9002006422376	phage	gene-CPT_phageK_gp177	1.5746972585365864	0	0	0
gene-CPT_phageK_gp055	0	0	0	0.3206263756875431	0.5771076403857618	0.7465536284932643	27.57209800638582	11.227728928553317	106.51345714372664	279.224020641504	42.669091378691206	672.4991369777252	635.9946817234845	417.34523069664897	646.5925443743183	355.3638114950841	507.910181843174	363.8928170248036	191.90275024939035	207.8322003795133	286.9939513235948	phage	gene-CPT_phageK_gp055	1.0304561746604528	0	0	0
gene-CPT_phageK_gp190	0	0	0	0.0	0.0	0.0	0.0	0.0	0.0	0.98782082774117	0.0	0.0	1.744841376470465	5.18441280368508	6.531237821962812	231.759007496794	12.839365191574656	249.01756209989057	960.4649420784232	394.0761968463659	732.189515390938	phage	gene-CPT_phageK_gp190	2.096515680896265	0	0	0
gene-CPT_phageK_gp007	0	1	0	0.0	0.2885538201928809	0.3732768142466321	20.300335894811536	6.968935197033092	72.89625306181955	229.5037056451985	29.45300112865411	570.1066637021607	439.7000268705572	421.5575660996431	561.6864526888018	285.70057766271447	479.2104243561248	268.2846143499551	135.7824911925674	156.60595380709805	213.47076591383995	phage	gene-CPT_phageK_gp007	1.0666214283799096	0	0	0
gene-CPT_phageK_gp153	0	0	0	0.3206263756875431	1.4427691009644046	0.7465536284932643	27.26910791840356	5.8074459975275765	107.92891836822798	224.5646015064926	41.91388622154624	474.6622511131524	450.16907512938	313.98100042317765	469.3782914717274	758.7058034895045	530.1902567344359	655.0797765021939	988.049476191099	898.2888238234245	805.2056443495911	phage	gene-CPT_phageK_gp153	1.0416744083002676	0	0	0
gene-CPT_phageK_gp077	0	0	0	0.0	1.4427691009644046	2.2396608854797933	30.904988974190697	3.484467598516546	124.9144530622442	209.74728909037503	37.76025785724886	530.2467366056018	376.4495269735028	306.5284070178804	406.2429925260869	198.96036433058103	303.9908523299294	283.5528444349119	113.90510206872116	124.40659881872276	192.6814514186679	phage	gene-CPT_phageK_gp077	1.017237455652094	0	0	0
gene-CPT_phageK_gp098	0	0	0	0.0	0.8656614605786427	0.7465536284932643	47.569443813215095	16.648011859579054	163.83963673603134	411.9212851680678	69.85647703591039	1190.312501828437	1063.0446086146308	815.2489133794788	1687.6718531951906	1241.7403664828223	1676.292414276468	1390.1359963065424	878.9003282797356	937.8062140364308	1259.0211680856642	phage	gene-CPT_phageK_gp098	1.0035050867245534	0	0	0
gene-CPT_phageK_gp142	0	2	0	0.0	3.4626458423145707	2.2396608854797933	67.56678962004436	22.068294790604792	299.0161836759103	788.6102941467007	156.32746752901028	1991.5336052097289	2742.018223123336	1522.9212610824925	4572.737307083563	6549.157169742737	4910.67955738932	5259.541734979879	5738.058690852278	6788.941277889947	4727.794350072788	phage	gene-CPT_phageK_gp142	1.1327059563277573	0	0	0
gene-CPT_phageK_gp033	1	0	1	0.9618791270626296	5.771076403857618	14.184518941372025	178.46116182155217	22.45545785710663	563.7074326576629	507.0813582404672	149.90822369327796	952.6156888673052	699.6813919646564	736.5106439235117	841.2234314688101	557.3058706589572	633.6604350430081	728.8762219128184	365.01948157721705	279.54894558089467	679.9627009274569	phage	gene-CPT_phageK_gp033	0.8598964716462509	0	0	0
gene-CPT_phageK_gp173	3	1	2	5.13002201100069	5.771076403857618	1.1198304427398966	11.210633255343684	7.743261330036769	21.5857836736456	98.782082774117	29.8306037072266	132.01315304456705	802.6270331764139	513.5808933650533	1848.340303615476	41179.91627943035	5670.090245632162	37501.31779366805	107946.1293072596	58007.138011558105	73297.03823256347	phage	gene-CPT_phageK_gp173	1.902197657798116	0	0	0
gene-CPT_phageK_gp028	1	1	0	0.0	0.8656614605786427	0.3732768142466321	34.8438601179601	8.904750529542284	121.72966530711616	342.7738272261859	54.75237389301084	1058.6650361884256	1083.9827051322764	674.2976902792908	1564.013750432695	1475.3968161462572	1599.633851515007	1174.1995993907249	705.3080015361732	1045.015430077271	811.7973782139139	phage	gene-CPT_phageK_gp028	1.0393352941899376	0	0	0
gene-CPT_phageK_gp019	0	1	0	0.9618791270626296	3.751199662507452	15.677626198358553	111.19736228949006	18.970990258590085	433.1311346974133	362.53024378100935	154.06185205757535	758.4356770482883	429.2309786117344	384.9426506736172	646.5925443743183	355.63487466174706	413.5030848463015	644.1738978700819	360.5013251277271	229.78630605340555	694.6673380094079	phage	gene-CPT_phageK_gp019	0.8794579977237366	0	0	0
gene-CPT_phageK_gp082	0	0	1	0.0	2.019876741350166	2.9862145139730574	74.53556164363638	21.68113172410296	260.4448653082485	908.7951615218764	143.11137727897318	2479.726290291438	2611.5913302321687	2114.5923723030523	4538.339454554559	3593.2133372836274	4857.81158307107	2817.351979962266	1552.3434369616111	2113.4485728733607	2122.031247860856	phage	gene-CPT_phageK_gp082	1.0863999645756313	0	0	0
gene-CPT_phageK_gp058	0	0	0	0.0	0.8656614605786427	0.0	24.84518721454546	3.484467598516546	86.34313469458239	148.50239777042253	32.851424335806506	344.8432224959189	225.08453756469	242.0472727720472	239.0433042838389	126.0443724982564	202.4088159612946	122.50936996739142	57.54704530403031	67.69182582783444	111.55241924238668	phage	gene-CPT_phageK_gp058	1.0350342926860123	0	0	0
gene-CPT_phageK_gp126	0	0	0	0.0	0.5771076403857618	0.0	10.907643167361424	3.097304532014708	41.04837551053917	72.44019403435246	18.50252635005194	180.28389044590452	242.96916167351225	188.5830157340448	447.60749873185136	1497.3529326459534	582.680602664697	1283.258385711845	1211.103726171183	1643.6307114520664	836.6431443179	phage	gene-CPT_phageK_gp126	1.3792958805042823	0	0	0
gene-CPT_phageK_gp016	1	0	0	3.2062637568754315	7.790953145207784	32.475082839457	323.5934139650555	45.298078780715095	921.111391844254	797.1714079871241	261.6785869507346	1325.2511541094486	892.9225744087605	1098.123436980546	1117.7124992652357	605.5551143249565	695.213862284969	1138.9372584802295	484.1561332190319	347.9725749311922	1101.8336682441193	phage	gene-CPT_phageK_gp016	0.859290010382335	0	0	0
gene-CPT_phageK_gp149	0	0	1	0.3206263756875431	4.616861123086094	4.4793217709595865	58.47708698057652	18.583827192088243	227.5353918385921	757.9878484867244	126.49686382178368	1661.3178788960336	2189.339717126316	1160.0123648245367	3242.541870677137	3912.525747612544	3404.6975460952094	3529.1423253514417	4040.1830566755166	3912.9534346100622	3670.581649525623	phage	gene-CPT_phageK_gp149	1.0741884285401684	0	0	0
gene-CPT_phageK_gp226	0	0	0	0.3206263756875431	0.0	0.0	1.211960351929047	1.1614891995055152	5.661844898005403	22.061331819552795	4.153628364297375	64.72667060633897	82.44375503822947	78.73826945596716	134.97891498723143	285.9716408293774	150.296098419021	237.74815418004152	631.1151166813903	326.750272779763	456.8578624426836	phage	gene-CPT_phageK_gp226	1.4487105041747663	0	0	0
gene-CPT_phageK_gp200	1	0	0	0.0	0.8656614605786427	0.3732768142466321	44.842533021374734	8.130424396538608	126.32991428674556	295.02915388536275	48.33313005727854	798.6612915494029	838.3962813940584	700.2197542977161	1095.5062906705623	1015.4026223192868	1084.1711019120837	1002.9773048665666	451.5778472411304	667.7707142475559	528.8598784991332	phage	gene-CPT_phageK_gp200	1.008000570068909	0	0	0
gene-CPT_phageK_gp015	0	0	0	0.6412527513750863	3.4626458423145707	4.4793217709595865	99.38074885818185	8.904750529542284	232.1356408182215	168.588087934493	53.61956615729338	299.1322969264705	187.13423762645732	304.58425221649844	198.114213932872	123.87586716495304	121.59634093197177	206.8481647223909	85.36937712457389	69.15543287276058	210.9354836583312	phage	gene-CPT_phageK_gp015	0.8871031725062184	0	0	0
gene-CPT_phageK_gp018	0	1	0	2.565011005500345	9.81082988655795	34.714743724936795	267.23725760035484	39.87779584968936	881.8323428643414	763.9147734531714	325.87102530805765	1491.2732357776854	1077.8757603146298	911.4845760478833	1566.1908297066825	922.1568929872436	1170.6480027612188	1450.1183287831584	802.3294663462739	619.471681764993	1658.0745951027477	phage	gene-CPT_phageK_gp018	0.8651863046823066	0	0	0
gene-CPT_phageK_gp140	1	0	0	0.0	3.751199662507452	3.359491328219689	118.46912440106432	32.908860652656266	419.3303877585252	984.5280916486992	167.27794230761245	2447.5457986905462	2463.7160235762967	1654.4757359760013	3181.583651005484	2204.0146081361777	2727.232218045652	2141.187504771322	1133.58167340625	1471.2909819120125	1766.5846756385235	phage	gene-CPT_phageK_gp140	0.9903605863517236	0	0	0
gene-CPT_phageK_gp130	0	3	0	0.0	0.5771076403857618	2.6129376997264253	16.664454839024394	12.002055061556993	62.9880244903101	649.6568310444427	77.78613118593265	1222.4929934293286	2724.133599014513	1284.1142463127485	4653.724656075902	6947.620024737224	5380.0716436577695	5175.929998800353	5263.65226365583	6136.172535852884	3948.4485847293854	phage	gene-CPT_phageK_gp130	1.186658483609922	0	0	0
gene-CPT_phageK_gp158	0	0	1	0.9618791270626296	3.4626458423145707	2.6129376997264253	34.23787994199557	10.0662397290478	156.0546000012739	325.651599545339	89.11420854310731	632.2735224766107	789.9769331970031	456.8763783247477	1393.766151206864	9427.034810202926	2082.620559751007	6735.834172480106	17194.914458219537	12296.12868618582	9883.037288424355	phage	gene-CPT_phageK_gp158	1.6760900925257547	0	0	0
gene-CPT_phageK_gp003	0	1	0	0.0	1.1542152807715236	0.3732768142466321	27.57209800638582	5.0331198645239	107.22118775597733	196.5763447204928	30.963411442944064	482.34168660881977	348.09585460585777	404.060172887206	350.94517896680173	191.9127219973452	321.7393865653414	209.7563990242874	92.02771294487492	112.69774245931356	168.34274176578353	phage	gene-CPT_phageK_gp003	1.043024854145635	0	0	0
gene-CPT_phageK_gp169	0	0	0	0.0	0.2885538201928809	0.7465536284932643	4.241861231751664	0.3871630665018384	14.154612245013508	36.22009701717623	8.684859307167237	95.07872518445272	155.727092849989	86.51488866149478	235.1245615906612	1690.0788441432874	448.6225249291381	1349.420716079991	3441.884023679896	2372.5070198252893	2174.765118775438	phage	gene-CPT_phageK_gp169	1.699818078392114	0	0	0
gene-CPT_phageK_gp089	0	0	0	0.6412527513750863	1.1542152807715236	0.3732768142466321	36.96479073383593	17.809501059084567	124.9144530622442	432.6655225506324	63.05963062160559	1034.163980083201	1030.7650431499271	846.6794160018197	1148.1916091010623	692.8374539904157	992.7850320191112	814.6691338187661	395.69538589217535	484.45393187055566	689.5967734983903	phage	gene-CPT_phageK_gp089	0.9978469714508078	0	0	0
gene-CPT_phageK_gp094	0	0	0	0.3206263756875431	0.5771076403857618	0.7465536284932643	18.179405278935704	10.453402795549636	71.83465714344355	198.8812599852222	27.94259081436416	516.716302637045	630.7601575940731	460.7646879275115	931.354513411897	856.5596066548176	881.3846575628015	835.753832507516	392.6040156898927	566.4159263864201	533.423386559049	phage	gene-CPT_phageK_gp094	1.0383622619595587	0	0	0
gene-CPT_phageK_gp182	0	0	0	0.0	1.1542152807715236	2.2396608854797933	37.26778082181819	8.130424396538608	148.97729387876714	337.8347230874801	75.52051571449772	789.8847938400688	1451.2718148793092	780.578152754835	3314.820902573525	8525.478717882064	3695.093776457589	7782.43499187512	8161.217334026117	8873.117709864784	5496.491929943052	phage	gene-CPT_phageK_gp182	1.3746934063896996	0	0	0
gene-CPT_phageK_gp030	0	0	0	0.3206263756875431	1.7313229211572854	1.1198304427398966	65.74884909215079	14.325033460568022	200.9954938791918	462.62942099211455	67.96846414304794	1236.0234273978854	1139.817629179331	765.6729659442403	1499.5722039226614	1230.35571348298	1379.4765013183007	1120.760794093376	597.3478421641494	843.0376578774624	718.4989912111905	phage	gene-CPT_phageK_gp030	0.9937176770313608	0	0	0
gene-CPT_phageK_gp194	0	1	0	0.0	1.1542152807715236	1.493107256986529	26.05714756647451	10.0662397290478	110.40597551110535	233.4549889561632	47.20032232156108	583.2714102661619	534.35767154408	453.3120945222142	709.2924274651613	789.3359413224142	663.1154493060324	1054.234934437493	1172.104902080849	882.1891463292369	1127.1864907992071	phage	gene-CPT_phageK_gp194	1.0411383232646536	0	0	0
gene-CPT_phageK_gp081	0	0	1	0.0	0.8656614605786427	1.866384071233161	29.390038534279388	10.0662397290478	107.22118775597733	467.23925152157335	64.19243835732306	1169.8340071733242	1660.652780055765	1101.039669182619	2369.0976659533103	2431.165541799702	2710.9941973621903	1705.3158887745792	1016.822998843114	1384.2063627389064	1272.7116922654116	phage	gene-CPT_phageK_gp081	1.0900245102529518	0	0	0
gene-CPT_phageK_gp118	1	0	0	0.3206263756875431	0.8656614605786427	0.7465536284932643	8.78671255148559	7.35609826353493	40.69451020441383	274.6141901120452	42.29148880011872	579.2488488160504	1162.0643567293298	533.0224413788724	2228.022928998914	3187.7028399559035	2688.336494082941	2597.4167608813405	1818.2012743579164	2991.612799829051	1690.52620797326	phage	gene-CPT_phageK_gp118	1.210324357279195	0	0	0
gene-CPT_phageK_gp103	0	0	0	0.0	0.2885538201928809	0.0	8.180732375521067	2.7101414655128693	37.86358775541113	199.86908081296332	32.09621917866153	433.70526180292666	741.12137465583	349.9478642487429	1257.9164045100374	1700.921370809804	1401.0013194335877	1416.6736343113482	1757.3250611437356	1637.776283272362	1415.7016114761072	phage	gene-CPT_phageK_gp103	1.1580613381046598	0	0	0
gene-CPT_phageK_gp083	0	1	0	0.0	3.751199662507452	3.359491328219689	92.10898674660756	32.13453451965259	363.7735346968471	1105.3715062423692	185.4028660790919	3034.83977040682	2846.272495367446	1942.858698180984	4595.378931533034	3121.563427290152	4647.472570962039	2486.176798833798	1510.015444961126	1821.8248691718247	2194.033263917305	phage	gene-CPT_phageK_gp083	1.0666371435296635	0	0	0
gene-CPT_phageK_gp072	0	0	0	0.3206263756875431	1.4427691009644046	2.6129376997264253	68.47575988399115	22.842620923608468	225.0583346957148	650.3153782629369	106.86152973601426	1686.9159972149246	1613.105852546945	1285.0863237134392	2408.7205087398847	1465.638542146392	2212.147096830716	1651.1500249017563	743.1178370871683	977.3236042494368	1248.3729826125273	phage	gene-CPT_phageK_gp072	1.027258052320991	0	0	0
gene-CPT_phageK_gp044	0	0	0	0.6412527513750863	2.308430561543047	5.972429027946115	62.41595812434591	12.776381194560669	167.02442449115938	130.06307565258737	49.465937792996	189.42607555979427	152.23741009704807	210.29274434947607	130.1893405844587	78.60831833224591	109.51223251637208	142.139951505193	56.83365218042663	53.05575537857294	152.62399178162903	phage	gene-CPT_phageK_gp044	0.8529548372723537	0	0	0
gene-CPT_phageK_gp040	0	0	0	0.0	1.4427691009644046	4.4793217709595865	49.0843942531264	7.743261330036769	103.68253469472393	73.42801486209363	30.58580886437157	115.9229072441212	79.39028262940616	125.39798468913288	72.27903189638845	47.70711733267338	40.40623751466143	88.33761692010717	44.70596907916404	27.07673033113377	82.14314507848474	phage	gene-CPT_phageK_gp040	0.855459314763689	0	0	0
gene-CPT_phageK_gp027	1	0	0	0.3206263756875431	0.2885538201928809	0.0	15.452494487095349	6.968935197033092	50.95660408204862	202.50326968693983	39.6482707501113	592.7792827846072	628.1428955293674	397.9036826828299	958.3502964093432	932.7283564870972	932.7421183291002	713.6079918278616	429.2248627015484	696.3110516236159	493.36592692201015	phage	gene-CPT_phageK_gp027	1.0487754779346763	0	0	0
gene-CPT_phageK_gp101	0	1	1	0.6412527513750863	4.328307302893213	4.852598585206218	119.6810847529934	34.07034985216178	490.8111795958433	1508.4024039607664	194.46532796483163	3536.928576861641	4649.1298476055545	3101.250934004369	6565.200258637018	6151.778567414901	6168.182089387661	5743.035687670177	3738.179967683291	4234.581082732584	4000.1683427417656	phage	gene-CPT_phageK_gp101	1.0235670604714249	0	0	0
gene-CPT_phageK_gp074	0	1	0	0.0	0.5771076403857618	1.1198304427398966	17.27043501498892	6.968935197033092	82.804481633329	197.2348919389869	30.963411442944064	517.0819900416005	396.07899245879554	345.4115030455185	541.2219075133183	276.4844299961753	464.1052888366252	289.0057837509679	122.94141496770112	165.38759607665494	238.82358846892785	phage	gene-CPT_phageK_gp074	1.0440271167230215	0	0	0
gene-CPT_phageK_gp051	0	0	0	0.0	1.7313229211572854	0.7465536284932643	29.69302862226165	6.581772130531253	110.75984081723068	229.1744320359514	37.38265527867637	474.29656370859686	331.08365118527075	420.26146289872185	372.71597170667775	192.99697466399687	296.43828457017963	224.66109982150712	95.35688085502544	120.38167944517583	161.2439514503589	phage	gene-CPT_phageK_gp051	1.025705074731555	0	0	0
gene-CPT_phageK_gp032	0	0	0	0.0	0.0	0.3732768142466321	3.6358810557871406	0.7743261330036769	10.262093877634792	41.15920115588208	3.776025785724886	77.16004236122895	158.3443549146947	113.73305588084143	266.0390872812852	754.097729656235	283.22129099061743	666.71271370978	993.0432280563248	752.6599228532726	672.8639106120323	phage	gene-CPT_phageK_gp032	1.3904159708792732	0	0	0
gene-CPT_phageK_gp105	0	1	0	0.3206263756875431	1.1542152807715236	1.1198304427398966	39.08572134971176	18.583827192088243	175.1633265320421	560.0944093292433	95.15584980026712	1353.4090842602288	1823.7954487557536	1023.2734771273427	2838.0405415702403	2970.039117125581	2978.3550960573334	2718.8355429855205	2087.388279664372	2381.654563856078	2185.920360699677	phage	gene-CPT_phageK_gp105	1.0569059700436765	0	0	0
