Geneid	0_R1	0_R2	2.5_R1	2.5_R2	5_R1	5_R2	10_R1	10_R2	20_R1	20_R2	30_R1	30_R2	Entity	Symbol	relative changes	negligible changes	Genes with too high Zero count	Outlier
gene-T4p066	0.0	0.0	54.42214546712566	915.3331215481244	865.4140038036651	1192.1656955434985	49.13530634986093	270.34622353128594	112.4990556648612	213.0936471701937	12.970860241863306	156.0662689667606	phage	55.1	1.2558140328554566	0	0	0
gene-T4p122	3.1775924652927463	0.1516696400656992	653.8349632092835	4523.081398241673	2461.8328930964085	9793.865631138728	6186.486035921419	10356.957441848272	14638.83697326628	10683.08666147926	7951.137328262207	10409.302431434016	phage	ipIII	0.7271996932498229	0	0	0
gene-T4p143	0.2647993721077288	0.0	1.923044009439069	51.06903231838644	0.9035907113585644	115.6006397376987	15.442524852813436	775.4022756172528	482.8426622696233	1757.850739438638	338.20317075080624	2041.2780692754632	phage	53	1.4723511838960797	0	0	0
gene-T4p252	2.6479937210772886	0.0505565466885664	16.153569679288182	777.1350710291504	37.724912199220064	1645.990650654291	125.99696414000051	1568.7067176082385	10007.078407735991	10371.989576578258	37033.72759944446	21095.85428792074	phage	37	1.6010338691206774	0	0	0
gene-T4p127	0.0	0.0	33.2686613632959	620.8933581278771	1041.3882948407454	2431.0384141168324	45.27467513665757	258.2547040293276	54.19662535679445	120.29480082188353	14.892469166583796	360.14544701947307	phage	e.4	1.635999131825665	0	0	0
gene-T4p233	1.0591974884309154	0.0	1.5384352075512553	28.29574328133296	4.06615820111354	265.9057190400709	1405.62072807995	2714.1766650937616	1085.574829116398	1474.5933084421297	715.7993244583824	1482.0135894363302	phage	mobE	1.0974137226478913	0	0	0
gene-T4p274	0.0	0.0505565466885664	225.188453505315	1181.2857695102568	665.946354271262	3143.949438571581	80.72228900334295	1551.8121778596687	70.00397441919283	208.45370485277817	24.98091602136637	230.2739319632116	phage	ndd.5	1.465044552476085	0	0	0
gene-T4p005	0.0	0.0	7.49987163681237	69.41342240705737	111.36755517494306	978.7561243864096	225.32047626150512	1108.5908130045502	158.48407111911104	233.49466339121108	38.91258072558992	98.68419666282078	phage	mobA	1.4370597597206505	0	0	0
gene-T4p230	4.766388697939119	0.2022261867542656	10.769046452858786	301.7119061379619	660.9766053587898	4209.330268875752	4141.053425871493	16089.714775497598	12437.099068146508	14085.931977218128	4967.839472633646	9792.915233290058	phage	nrdB	1.0350109647824337	0	0	0
gene-T4p098	0.0	0.0505565466885664	220.3808434817173	647.7674795245441	411.8114667016657	646.8361962879464	30.18311675777172	154.20046120414136	64.87171823010245	94.91014285253095	49.481429811552616	119.95122459015666	phage	mobD.2	1.1127874395351427	0	0	0
gene-T4p227	0.0	0.0505565466885664	439.4155561568273	2894.7502237687527	1435.8056403487587	3728.438881859935	312.71112826947206	1747.1573929246408	554.8995391644522	1081.990358494464	211.857383950434	970.7295994332596	phage	alc	1.0108042467036802	0	0	0
gene-T4p211	1.853595604754102	0.0	627.1046514780804	2627.895392687505	1577.4434843542138	1636.2006646460904	188.4689964991094	939.4774777479936	1053.960130991601	676.1058805376882	195.04330585912973	504.8325592751134	phage	30.8	0.9049237593003968	0	0	0
gene-T4p086	0.0	0.0	7.49987163681237	266.1986979037092	900.4281438688093	2415.762398797536	2472.5588088197874	1399.9628454475749	261.3344851484823	208.2818551373184	87.43320607478229	299.4566112268316	phage	nrdC.2	1.2653053692289018	0	0	0
gene-T4p265	0.0	0.0505565466885664	10.961350853802694	182.32300670841497	347.8824238730473	970.0572823295876	74.05392599871897	624.0903440719126	149.86188072143918	108.8545197641289	9.60804462360245	78.973292730168	phage	52.1	1.3455699470104765	0	0	0
gene-T4p033	1.3239968605386443	0.1516696400656992	66.7296271275357	1490.707240484292	2356.790472900976	8046.913855427731	1797.650279457055	7785.124831335898	1634.726241349069	1922.777366361376	234.43628881589976	1257.7372187026265	phage	61	1.2039714475990004	0	0	0
gene-T4p020	0.2647993721077288	0.0	46.53766502842547	538.0292055812876	287.3418462120235	514.7471590627522	8.423195374261873	237.0273697925562	29.561795649160608	72.96247919237507	0.4804022311801225	160.47528695169606	phage	modA	1.1951811503900895	0	0	0
gene-T4p237	2.3831943489695595	0.0505565466885664	121.72868579749309	1742.5803640117515	4339.720288977345	14548.010136848548	5593.352694983812	10771.327097669551	6865.316459022424	7742.492530367992	3667.871035060235	5763.883276306252	phage	td	0.8456275350344009	0	0	0
gene-T4p149	0.0	0.0	0.5769132028317208	20.340128503682823	1.5812837448774877	60.98282306036963	20.00508901387195	197.42764342364256	471.3464084060608	951.2863749075848	803.7129327643448	1059.3314093805295	phage	5.3	1.319644707505736	0	0	0
gene-T4p105	0.7943981163231866	0.0	0.1923044009439069	68.75728922951922	79.29008492171403	1904.985791335632	608.2248993164928	2536.1962155357687	1938.1452272480924	3853.435269674552	1540.6499553946528	4070.0098888437938	phage	rI.1	1.0437983439992564	0	0	0
gene-T4p095	0.5295987442154577	0.0	10.769046452858786	372.62896707687753	1497.4757063989807	5820.768027736394	934.974686543068	1178.6208634533923	801.8637069834815	1013.9133212130184	295.44737217577534	712.8344665644229	phage	nrdC.11	1.4366396705878262	0	0	0
gene-T4p152	1.3239968605386443	0.1011130933771328	4.615305622653766	306.2228217335367	14.005656026057748	810.2653125610643	50.53917224557125	1665.4052860697334	5654.514578892221	16787.851403515037	2445.727758938004	14266.28542925567	phage	7	1.6071028984614255	0	0	0
gene-T4t006	0.5295987442154577	0.0	142.11295229754722	648.2049016429029	1004.3410756750444	1359.625982525875	706.8464784901422	1450.142651380702	1666.9568102165565	1236.286853018043	312.74185249825973	693.5774321302193	phage	gene-T4t006	0.7226038352882379	0	0	0
gene-T4p013	0.7943981163231866	0.1011130933771328	733.0643763981732	4107.9678079192	1699.2023327097802	4266.706254985732	704.0387466987216	3288.725366761817	1069.972770301563	1371.041579897904	156.61112736471992	597.4867754585371	phage	motB.2	0.9859704076714524	0	0	0
gene-T4p270	0.2647993721077288	0.0	929.407169761902	1565.123678370078	2786.8996515076524	1683.72604563946	701.9329478551562	727.1705478261077	509.9409749480205	197.7744725349171	275.2704784662102	240.1618031794272	phage	ndd.2	0.9969233592414876	0	0	0
gene-T4p036	0.7943981163231866	0.0505565466885664	559.2211979448813	3770.578660252601	1720.2108167488668	4326.294838552674	859.5168946486386	3640.3198838354288	866.119554470893	1073.937971827203	355.4976510732906	717.9242887970322	phage	sp	0.98863426529148	0	0	0
gene-T4p256	0.0	0.0	0.9615220047195344	52.46331532065502	326.87393983396066	621.8005045146535	18.952189592089216	207.53749722944664	117.22073135882437	278.003739695308	7.68643569888196	150.16596548692044	phage	asiA.1	1.2123090674435355	0	0	0
gene-T4p035	1.0591974884309154	0.0	581.1438996524867	4772.193294646992	2671.4659381315955	7872.573299640829	1203.4640390976651	8252.697172965794	1635.752692586887	2245.0446827672663	431.8816058309301	1336.0621264350098	phage	61.2	1.0680193264505318	0	0	0
gene-T4p157	1.0591974884309154	0.0505565466885664	5.576827627373301	473.3454098289844	4.292055878953181	982.8479142040784	20.707021961727104	989.7916338978092	3760.096174375178	8178.0088092619135	8501.197882963446	12925.425253837053	phage	12	1.4186845480148855	0	0	0
gene-T4t003	1.5887962326463732	0.0505565466885664	68.46036673603086	497.37628745631935	1007.7295408426388	4394.097311309159	2681.383860806696	4834.928423074744	2652.9658692646008	4401.513112194664	1729.928434479621	2571.8515129626267	phage	gene-T4t003	0.8335807079641019	0	0	0
gene-T4p208	0.0	0.0	105.382811717261	1169.5300500793649	780.9282722916392	1667.9953870070883	142.4923884145967	534.411574432388	215.96534043692333	207.3735066413164	75.42315029527923	173.6699216566133	phage	30.5	1.1939920988263184	0	0	0
gene-T4p204	0.0	0.0	12.49978606135395	276.58747321473	1327.6006526635706	4707.710268667829	801.2564599766607	2841.339145189357	745.8194693986145	1081.9167086164096	108.57090424670768	499.1916097943871	phage	30.2	1.306673394810601	0	0	0
gene-T4p067	0.2647993721077288	0.0505565466885664	141.15143029282768	1572.0130767342284	1412.7640772091154	3194.8694896359057	39.30824507988874	568.6708796879367	126.25350225162344	257.03807440920826	16.333675860124163	224.6978209822637	phage	55.2	1.4788028084302434	0	0	0
gene-T4p180	0.0	0.0	3.846088018878138	45.95666131006831	235.8371756645853	2368.4794942378053	430.6358635091383	1218.0862396056175	81.91080877788252	136.76782354667614	44.67740749975139	170.8818661661394	phage	24.3	1.7186084082832498	0	0	0
gene-T4p089	0.0	0.0505565466885664	21.34578850477367	512.5767060692866	2179.6866934746968	7875.0586830856355	683.682691210922	3097.91447151008	380.1975384878156	701.4168886289866	44.67740749975139	564.4191405715209	phage	nrdC.5	1.62202157148499	0	0	0
gene-T4p220	0.2647993721077288	0.0505565466885664	4.423001221709859	68.86664475910891	280.5649158768342	1131.6375157962032	567.1618218669662	1095.8275424191495	675.1996242367308	529.1498238601791	119.62015556385047	352.5593425453929	phage	cd.3	0.9687076421726936	0	0	0
gene-T4p117	1.5887962326463732	3.235618988068251	30.96100855196901	441.5229507183838	931.60202341068	1374.1139494358438	1646.0327627203412	1942.30108266458	2699.977335956669	2152.3194862970104	1572.836904883721	1945.5116051026728	phage	vs.6	0.7244367474681369	0	0	0
gene-T4p049	0.0	0.0	1.3461308066073483	17.606240263940506	49.01979609120212	683.9047810806065	253.0468277017838	4387.6429641648	776.4077162855932	1490.9926812888675	33.62815618260857	567.1747768121056	phage	62	1.7415578595029788	0	0	0
gene-T4p181	1.3239968605386443	0.1011130933771328	4.0383924198220456	713.9822526911029	7.228725690868515	1625.8347971079957	139.68465662317607	1899.0739004450788	3628.505125686901	6517.842358082515	9988.042788465926	11658.25403341666	phage	hoc	1.316141723221876	0	0	0
gene-T4p175	8.738379279555051	1.0616874804598948	53.268319061462215	8895.607571120736	408.8747968897504	13095.15196558823	708.2503443858525	12408.015024922131	52812.14792722542	81774.02425265934	195567.9050955784	119659.02989090502	phage	23	1.4766720154242985	0	0	0
gene-T4p125	0.2647993721077288	0.0	14.615134471736926	100.853137164094	708.4151177051144	1976.4254105967111	169.5168069070202	245.9280716481645	55.0177863470489	102.93797956044034	34.588960644968815	193.80227583782607	phage	e.2	1.7935334229620046	0	0	0
gene-T4p130	0.2647993721077288	0.0	486.9147431899723	5063.434408826741	1737.6049379425192	2376.663073873144	92.6551491168806	357.9089772579679	200.9791523647794	329.01855522752714	88.39401053714253	312.42431118252426	phage	e.7	1.560631602751384	0	0	0
gene-T4p142	0.0	0.0	1.3461308066073483	32.341897876151585	0.6776930335189233	72.43983454984266	10.178027743899763	370.5378976266799	521.8478093067101	1232.2361097250612	642.7781853190039	1228.5274745524289	phage	4	1.3175777584592283	0	0	0
gene-T4p239	0.2647993721077288	0.0505565466885664	587.2976404826917	3604.850355159421	3834.387183650068	5628.302358534929	1547.7621500206192	1360.866932391243	636.6050576947712	533.7897661775946	370.3901202398744	540.1047031545972	phage	frd	1.1166026690645443	0	0	0
gene-T4p145	0.0	0.0	0.7692176037756276	17.387529204761123	0.6776930335189233	40.342016646795216	8.072228900334295	108.25268709669956	177.98664463765448	427.3656923892548	139.79704927341564	425.2108815471608	phage	repEB	1.3557288290737273	0	0	0
gene-T4p073	0.2647993721077288	0.0	2.49995721227079	42.238573304018765	92.61804791425286	874.9155916802335	55.45270288055733	1173.9521934234697	393.13082408432336	816.7771476212378	36.03016733850919	474.0991103801219	phage	55.8	1.204149437068012	0	0	0
gene-T4t008	1.3239968605386443	0.0	289.80273222246774	641.752925397111	1582.1873355888465	4283.346200244253	2187.9249984645217	4409.743574810047	3356.906128160238	2592.0583581993733	1147.2005280581325	1991.9035516941635	phage	gene-T4t008	0.7964364639894912	0	0	0
gene-T4p206	0.0	0.0	46.15305622653766	805.4034754280859	1094.474249133061	3118.2469366057794	1615.4986794886418	883.9572507015013	338.31832798483805	343.74853083837	263.2604226867071	257.7006173695014	phage	30.3'	1.1806052711947914	0	0	0
gene-T4p009	0.5295987442154577	0.0505565466885664	701.9110634452602	5128.4736100502105	3573.249468067442	10456.553724275866	2795.096998359232	3809.903444850395	1234.2049683524554	1064.658087192372	455.9017173899362	704.729654092115	phage	goF	1.1573756767820953	0	0	0
gene-T4p120	1.5887962326463732	0.3033392801313985	1247.4786489231242	4351.311200138664	2798.1945353996343	7033.059267271983	7738.108817155241	9165.371782484446	12660.249567248156	10159.36237863574	9372.16712809301	13549.43097570498	phage	denV	0.6995365060257221	0	0	0
gene-T4p068	0.2647993721077288	0.0	363.8399265858719	1586.53002328726	1837.6776092254804	2336.715081431012	498.7233594510884	489.2363140709047	284.5322831231708	160.11483488986212	140.27745150459577	251.5085406406582	phage	55.3	1.1445235723440943	0	0	0
gene-T4p277	1.0591974884309154	0.1011130933771328	0.9615220047195344	16.375990556056465	160.38735126614517	1169.615387215012	518.0265155171053	3831.8361177247807	2930.7235742181724	1902.7200495712773	78.30556368235996	458.3757741838446	phage	denB.1	1.3483784635664884	0	0	0
gene-T4p032	0.0	0.0	3.2691748160464176	21.89844480033594	191.335333130176	1050.044195876464	120.38150055715928	1251.304330681831	378.1446360121794	542.5050017473433	24.98091602136637	266.4213955897048	phage	dam	1.270287532214449	0	0	0
gene-T4p134	0.2647993721077288	0.0	701.7187590443164	3854.4270125654975	1578.7988704212516	4474.690415940134	152.6704161584965	2545.701493366475	1418.145030169455	2201.836754308794	375.6745447828558	1768.8266932063614	phage	trna.3	0.8931720564470131	0	0	0
gene-T4p019	0.2647993721077288	0.0505565466885664	123.45942540598824	938.3797994091522	1040.2588064515471	2433.5844166700485	168.81487395916506	1653.8511674345286	399.2895315112318	548.6179416258431	72.06033467701837	498.7377402959378	phage	srd	1.095618501057559	0	0	0
gene-T4p084	1.0591974884309154	0.1516696400656992	26.345702929315248	256.84880012379045	774.3772396342897	2200.413016171329	2159.14574760246	2561.9914571399468	1410.1387105144736	842.8001045337269	155.65032290235968	278.0599062999388	phage	nrdC	1.0296242672289986	0	0	0
gene-T4p041	0.5295987442154577	0.1011130933771328	4.423001221709859	74.7718433569523	372.7311684354078	3780.177290887793	3086.048205245194	5838.826829724838	2651.118257036528	3341.6668170351672	680.7299615822335	1657.4989890867405	phage	uvsX	1.0319175394846918	0	0	0
gene-T4p102	0.0	0.0	263.07242049126467	2302.45333662858	792.4490538614609	1812.8750561067736	97.21771327793913	406.6109308075224	208.164311029506	406.8419263714804	70.13872575229787	268.1071965839448	phage	mobD.5	1.2892289789528977	0	0	0
gene-T4p259	0.5295987442154577	0.0	69.42188874075039	951.9945628430688	1655.3781832088898	2812.453844231987	294.460871625238	623.2170676634378	291.5121515403338	575.0582478473061	78.30556368235996	343.12534082762653	phage	arn.2	1.2443117363040503	0	0	0
gene-T4p096	0.0	0.0	74.03719436340417	1038.1120423949517	1239.0487629504314	3281.797291095717	118.97763466144896	442.7847266508812	127.69053398456872	355.3361116522331	26.902524946086857	323.54411389453065	phage	mobD	1.537485203209362	0	0	0
gene-T4p224	0.0	0.0	130.9592970428006	745.7500340369086	755.6277323735994	1450.5243355865357	211.6327837783296	804.8585606261903	319.63691545654905	465.221729709121	120.1005577950306	322.9605673965245	phage	pseT.1	0.9226365943299032	0	0	0
gene-T4p116	0.0	0.0505565466885664	3.461479216990325	177.9761244072247	369.3427032678132	962.358655561529	651.0428091356573	995.132055011174	1273.6206958846694	1266.728802613785	710.5148999154011	748.7225761918022	phage	vs.5	0.7696077385531336	0	0	0
gene-T4p002	0.0	0.0	12.884394863241765	147.24722059252107	343.5903679940941	2101.482631246356	378.3418588939292	2905.692898983113	463.13479850351615	555.099130894614	39.39298295677004	217.6304245064113	phage	rIIA.1	1.4852766852725443	0	0	0
gene-T4p083	1.5887962326463732	0.0	12.49978606135395	177.23797458249427	826.1078078595675	3175.4410653905293	7311.684551333234	4187.360378636529	2468.820517200038	1297.6126514778523	1002.5994564729156	682.2306946689883	phage	49.3	1.2016176951978144	0	0	0
gene-T4p056	0.2647993721077288	0.0	27.884138136866504	238.85981550628605	169.64915605757045	404.0263575520513	117.92473523966623	1432.9458236445837	484.2796940025685	786.0896984319818	30.74574279552784	293.3617922476561	phage	46.2	1.2081257919899016	0	0	0
gene-T4p209	0.2647993721077288	0.0505565466885664	350.7632273216862	2511.021670438521	1352.675294903771	1868.1293734224064	339.0336138140404	502.3018726438541	391.8990825989417	296.24435949340176	93.67843508012388	402.7443413739233	phage	30.6	1.1341465205579275	0	0	0
gene-T4p046	0.2647993721077288	0.0	804.0247003464748	5115.925063029794	1701.0095141324975	2357.871150266071	668.2401663581087	2769.428191706877	706.8143223615276	815.2796001008021	219.543819649316	593.4019499724939	phage	imm.1	1.0835587169750405	0	0	0
gene-T4p111	0.0	0.0	32.69174816046417	368.1180514813027	611.9568092675877	1583.4923498836736	302.1821340516447	909.1479163305812	258.4604216825917	557.7259765452143	208.01416610099304	690.1085723920716	phage	vs	0.9499195620404878	0	0	0
gene-T4p222	0.5295987442154577	0.0	6.538349632092835	162.22892814630896	432.8199507407524	1505.2937000348893	1214.3439997894202	1231.420498611944	561.6741173340515	470.5245209290245	464.0685553199983	434.90423726404094	phage	cd.5	0.9110237041422448	0	0	0
gene-T4p182	0.5295987442154577	0.0	1.1538264056634415	132.5935796275023	3.162567489754976	226.95794188670368	9.827061269972186	549.0221604972544	1504.1616438986096	2509.1040455509765	901.2345856939096	3553.182207109665	phage	inh	1.429461973841063	0	0	0
gene-T4p115	0.5295987442154577	0.0	1.923044009439069	109.8476294728462	553.4493107071207	1983.0632029675965	1335.778399768362	2567.163940482451	2313.8263802895085	2135.380014344541	846.4687313393757	1509.2457593432846	phage	vs.4	0.8470501305339916	0	0	0
gene-T4p081	0.7943981163231866	0.0	32.11483495763245	131.14461886043884	487.7130864557851	1620.894339772588	6497.793298295181	2557.4907248808845	1877.995184711953	616.0321300048007	674.0043303457118	469.5928346455187	phage	49.1	1.4186499035604017	0	0	0
gene-T4p029	0.7943981163231866	0.0	1.5384352075512553	662.6945093135371	32.30336793106868	3914.8426402204086	251.2919953321459	6028.9995614473055	5863.2947606644175	12736.764411102326	1654.0248819531616	23053.81488498088	phage	soc	1.4827088698599924	0	0	0
gene-T4p026	0.0	0.0	28.268746938754315	291.07708088536424	271.7549064410882	611.8286611812233	32.63988207526476	239.1433857053989	94.63880412682668	162.25068135343437	14.412066935403674	141.12099476782484	phage	mrh	1.0869042127254291	0	0	0
gene-T4p101	0.0	0.0	307.87934591119495	2093.0374974643187	1082.9534675632394	1500.3532426994816	77.56359073799476	327.31071540717875	204.46908657336087	342.8892822610709	61.49148559105568	204.435789801494	phage	mobD.4	1.2503360710321076	0	0	0
gene-T4t007	1.853595604754102	0.0	348.26327010941543	1006.0708722251718	2031.4978168118923	4752.659337553777	2510.463188003966	4861.5633535332245	4065.157482254711	3085.2179416503927	1384.5192302611129	1922.9802264296573	phage	gene-T4t007	0.7690307714705229	0	0	0
gene-T4p104	0.7943981163231866	0.0	0.7692176037756276	52.135248731885945	48.79389841336248	867.12603624956	591.0275420940415	1493.3362460460312	2942.630408576862	2818.261683663217	1164.0146061494368	1856.3262486573967	phage	rI	1.0580095942159506	0	0	0
gene-T4p169	1.5887962326463732	0.2527827334428321	4.615305622653766	431.9543418792857	5.6474419459910274	948.2647128562248	10.178027743899763	1679.6464090387065	6113.954152939592	15449.854068904124	4747.33484852197	14163.224633857802	phage	20	1.4772738716878908	0	0	0
gene-T4p065	0.2647993721077288	0.0505565466885664	47.69149143408892	677.484844690543	1527.5200975516532	4843.6789288312575	1058.5148853655755	4834.290259545474	1691.3863496766269	3914.9574678091726	587.5319287332898	2407.096885025552	phage	55	0.9657177700896236	0	0	0
gene-T4p238	1.3239968605386443	0.0	5.769132028317207	143.0096938209205	1108.0281098034395	4151.954282765772	887.2432460889173	3650.899963399642	2316.7004437553987	3603.66398323336	844.0667201834751	2803.7464074202994	phage	I-TevI	0.9356848908671476	0	0	0
gene-T4s002	1.853595604754102	0.6572351069513634	4.0383924198220456	1728.3914840474888	505.3331053272771	25800.250278112893	5136.745312404033	30649.751571334946	7090.930441094837	35461.63068440499	9970.748308143442	48418.60357906574	phage	gene-T4s002	1.1750655053109624	0	0	0
gene-T4p133	0.0	0.0	200.7657945854388	1401.7191782806797	959.6133354627954	1366.7487277640396	49.13530634986093	981.4283329089546	1985.567274435288	1735.16657699794	215.700601799875	1053.3986866508	phage	trna.2	0.8254154703000004	0	0	0
gene-T4p139	3.442391837400475	0.1011130933771328	38.8454889906692	313.98706433440486	378.60450805923847	2788.6608441810977	856.0072299093629	6717.141371325425	9744.306890854565	9624.615164043442	2478.875512889432	8019.452587349536	phage	1	1.1092982845390738	0	0	0
gene-T4p207	0.0	0.0	130.19007943902497	1189.4874342294838	1279.7103449615668	2772.596780452471	381.8515236332049	923.590564624587	395.59430705508674	332.7255990895893	108.09050201552756	338.7811613424695	phage	30.4	1.1680321376730685	0	0	0
gene-T4p226	0.7943981163231866	0.0505565466885664	135.57460266545436	1396.8528572139385	1098.5404073341747	2796.6928760454107	615.5951952689719	1369.5996964759906	270.98312678397224	681.3350218795375	195.04330585912973	446.672424973832	phage	pseT.3	1.036643421458911	0	0	0
gene-T4p253	0.7943981163231866	0.0	2.115348410382976	112.14409559422975	13.102065314699184	354.0155931138754	23.163787279220152	393.7804851137777	932.838884929068	1525.018924949915	4204.480327288432	2906.6451065687206	phage	38	1.4977196864117808	0	0	0
gene-T4p055	0.0	0.0	13.269003665129578	91.03847838341908	88.32599203529966	299.7918006412107	62.472032359108894	804.6906228553297	223.5610795967771	505.7782625576417	20.657295940745264	155.2557877195298	phage	46.1	1.242990520201388	0	0	0
gene-T4p276	1.0591974884309154	0.0	2.49995721227079	20.914245034028703	146.60759291792706	2492.4758804902763	2753.33198796185	8239.39650151364	1559.1794302456583	1137.694216262801	251.73076913838412	436.65487675805946	phage	denB	1.5938685236182366	0	0	0
gene-T4p243	0.5295987442154577	0.2022261867542656	3.653783617934232	164.22466656132084	265.20387378373863	3061.3255938088737	3147.818304656448	11508.2044486514	7990.3070156710355	16579.495898499667	4073.81092040744	12234.408942448084	phage	32	1.123387917628154	0	0	0
gene-T4p214	0.0	0.0505565466885664	125.38246941542732	1144.4329560385304	1401.9209886728129	4847.164527564827	3178.352387888147	5605.158215349493	7005.3244078608095	2582.9257733206505	507.78515835738943	707.5177095825889	phage	31	1.0190423297658908	0	0	0
gene-T4p106	0.2647993721077288	0.0	2.307652811326883	29.197926400447923	323.9372700220453	1176.283489140102	272.3499837678006	1205.3565565743893	474.8363426146423	627.7179106560694	85.99199938124192	396.29291064596623	phage	tk	1.0772120549857744	0	0	0
gene-T4p236	0.5295987442154577	0.0	1.7307396084951625	15.063724200980154	253.6830922139169	3471.171385768276	1174.3338217616763	2890.2090365097724	1786.4357342985809	1788.587288546597	598.5811800504326	1052.3612706543447	phage	nrdA.2	1.048075448704961	0	0	0
gene-T4p077	0.5295987442154577	0.0505565466885664	2.884566014158604	29.744704048396382	74.77213136492121	611.7377325186085	185.3102982337612	1713.0660254399525	1020.908401133859	2611.133676615415	225.30864642347743	1323.353780478431	phage	I-TevII	1.2518978769712692	0	0	0
gene-T4p092	0.5295987442154577	0.0	667.1039668744131	4599.794302248842	1935.4913037300448	3667.1832728117206	168.81487395916506	790.0464492362913	315.941691000404	504.0597654030434	159.49354075180065	520.7504109707261	phage	nrdC.8	1.3070850337813733	0	0	0
gene-T4p164	0.5295987442154577	0.0505565466885664	5.576827627373301	276.1500510963712	3.840260523273898	585.5805872397323	14.038658957103122	646.6947680297403	2307.051802119909	4093.141072781668	3383.472914201602	7088.468988280474	phage	17	1.413285204579171	0	0	0
gene-T4p271	0.2647993721077288	0.0	990.9445780639523	1415.1972473026092	2616.572802416563	1346.6231837719497	644.0234796571058	551.2053515184413	469.2935059304247	2781.633144310921	226.26945088583767	212.7999562729157	phage	ndd.2a	0.9665460732329008	0	0	0
gene-T4p201	0.0	0.0	0.5769132028317208	17.004784851197197	24.1710515288416	989.5766352375786	158.98781268919288	2055.625490441268	335.6495547665111	1010.4272269851188	48.52062534919237	358.0057765267838	phage	alt.1	1.4558463693921768	0	0	0
gene-T4p155	0.5295987442154577	0.2022261867542656	3.846088018878138	380.994665090489	11.972576925500976	895.1623738891435	95.46288090830124	1596.248512029366	4100.87798533078	9548.878539444358	4605.616190323834	11504.813723690928	phage	10	1.4023810789409286	0	0	0
gene-T4p217	0.5295987442154577	0.0505565466885664	152.6896943494621	1787.3067756139358	1159.7586780287174	2743.075274656845	1624.272841336831	2669.7403309240644	1414.244515465746	1051.4011091426134	255.093584756645	375.64184846652574	phage	cd	0.8510393160115235	0	0	0
gene-T4p167	2.912793093185017	0.2527827334428321	7.115262834924556	1258.8461788717464	35.917730776502935	2374.692952849821	62.12106588518132	2275.8254955935986	9104.827769693904	12562.09145031708	15158.612002657585	22725.21336810363	phage	18	1.337661506037943	0	0	0
gene-T4p010	0.2647993721077288	0.0	431.9156845200149	2548.749328146965	1601.840433560895	3997.8908187419856	181.09870054663028	1410.0055241450348	527.5959362384914	512.284001785764	74.9427480640991	308.3719049463703	phage	cef	1.220552101655173	0	0	0
gene-T4p088	0.2647993721077288	0.0505565466885664	544.4137590722005	4448.118182707938	1651.3120250077764	5172.082948641946	355.8800045625642	1701.9821325631574	172.03322745830965	341.0234853503641	18.735687016024777	491.3785705710823	phage	nrdC.4	1.3653530631222035	0	0	0
gene-T4p048	0.0	0.0	0.7692176037756276	12.41185260843011	7.680521046547797	381.32450145254	156.8820138456274	2787.397533188954	685.6694268624752	1530.1253164950072	64.85430120931653	463.88704666501394	phage	regA	1.5963792905050465	0	0	0
gene-T4p162	0.2647993721077288	0.0	1.3461308066073483	66.89824522649444	1.8071814227171288	264.9964324139223	16.495424274596168	197.4948185319868	594.1099764491028	1850.6004858682447	1130.8668521980082	1660.967848824888	phage	16	1.3573483711748835	0	0	0
gene-T4p028	0.0	0.0	133.2669498541275	490.4048724449764	377.7009173478799	815.3573176674968	42.81790981916453	463.6761853459315	258.66571193015534	305.1559947379617	31.22614502670796	327.7261971302416	phage	mrh.2	0.875433484530358	0	0	0
gene-T4t001	0.5295987442154577	0.0	0.7692176037756276	95.33068291981452	381.76707554899343	1621.743007290327	1719.384755771205	2160.049196362347	2295.5555482563464	2532.9420560811905	1534.8851286204913	2017.709274605992	phage	gene-T4t001	0.8120839760252375	0	0	0
gene-T4p255	0.0	0.1011130933771328	515.3757945296705	1009.8709768784136	836.0473056845117	3078.571730151493	87.03968553403936	805.4631366012882	593.6993959539756	1156.3767353292203	158.0523340582603	846.8880648563952	phage	asiA	1.055599381456198	0	0	0
gene-T4p007	0.0	0.0	88.26772003325327	828.0674089355497	785.446225848432	2041.1969279327	244.9745988014495	953.2819625127294	367.4695431388714	295.6797104283194	39.87338518795016	172.1137976619302	phage	39.1	1.1731746959802205	0	0	0
gene-T4p062	0.0	0.0	0.9615220047195344	29.908737342780924	299.7662184932037	2422.7942153730846	470.9970080108098	2673.804424978889	814.5917023324256	2134.7417154014047	263.7408249178872	1145.923225834667	phage	a-gt.3	1.1285997505019345	0	0	0
gene-T4p087	0.0	0.0	93.26763445779486	1227.4064641147097	1629.8517456130105	4410.43416102563	418.7030033956007	2194.711552267961	304.6507273844052	336.162593398786	22.09850263428564	383.1306951909382	phage	nrdC.3	1.3646601684303503	0	0	0
gene-T4p070	0.0	0.0505565466885664	340.37878967071526	2284.136285422306	1399.6620118944163	2065.687047730304	84.58292021654631	383.0996428870478	158.68936136667466	199.7630192423809	34.10855841378869	225.3786252299376	phage	55.5	1.3255869521224508	0	0	0
gene-T4p250	0.7943981163231866	0.0505565466885664	2.307652811326883	104.407191875759	15.135144415255953	292.7599840656612	118.6266681875214	441.0045862797596	1457.1501772065417	2078.37500873058	3247.038680546448	4191.030948680295	phage	35	1.3891360332378588	0	0	0
gene-T4p052	0.2647993721077288	0.0505565466885664	1.923044009439069	42.32058995121103	252.7795015025584	1364.1421061024134	725.7986680822314	3960.543625312293	407.0905609186492	701.6623882225007	40.353787419130285	348.0530668107897	phage	rpbA	1.639847510227134	0	0	0
gene-T4p044	0.2647993721077288	0.0505565466885664	225.3807579062589	3008.999413307584	2565.519927224804	4376.942103629154	603.3113686815067	3045.3163616765605	1370.7229829822595	1711.5986160205914	125.38498233801197	822.9950776880316	phage	42	0.9386848527277366	0	0	0
gene-T4p037	0.0	0.0505565466885664	254.41872244878888	1934.8547239128284	935.4422839339536	1670.9657233191738	1035.3510980863553	2913.0149857926326	570.0910174841598	894.9933181148135	174.86641214956458	543.6708206424128	phage	61.4	0.9260615707784228	0	0	0
gene-T4p198	0.5295987442154577	0.0505565466885664	1.1538264056634415	17.660918028735352	2.03307910055677	39.614587345876295	114.41507050039046	628.8261892101797	497.41826984663993	905.7216503513772	208.4945683321732	769.0818651222396	phage	alt.-2	1.2246160435933475	0	0	0
gene-T4p172	2.912793093185017	0.1011130933771328	3.2691748160464176	653.3992892984132	6.325134979509951	1114.209522128354	14.3896254310307	1388.8117774624354	5704.194818802615	16389.552862997847	14925.616920535223	25087.9931385306	phage	21	1.502252840117004	0	0	0
gene-T4p262	0.0	0.1516696400656992	1025.5593702338556	7743.191661422158	3456.912163980028	4976.79849089942	706.1445455422871	1413.3306920080734	328.6696863493481	526.5720781282816	142.19906042931626	592.9480804740447	phage	motA	1.3307235247746103	0	0	0
gene-T4p151	1.0591974884309154	0.1011130933771328	4.230696820765952	215.59442658607887	14.909246737416312	534.7817743922275	56.50560230234007	1133.5799533085974	3661.35156529708	7486.755603804409	2144.515559988067	8830.54980032822	phage	6	1.4761036371405396	0	0	0
gene-T4p072	0.5295987442154577	0.0	1.7307396084951625	49.29200496255393	138.70117419353963	1191.6201235678093	136.87692483175545	1773.725148274777	895.47605987249	1288.504616558481	92.23722838658352	583.319563256943	phage	gene-T4p072_gene_nrdH	1.16265887882442	0	0	0
gene-T4p090	0.2647993721077288	0.1011130933771328	300.9563874772143	3247.230434518729	3251.1193794681144	7866.511388799838	331.31235138763367	1634.3367984605347	235.05733346033955	425.3525957224396	50.44223427391286	347.79371281167585	phage	nrdC.6	1.518663108231889	0	0	0
gene-T4p137	1.5887962326463732	0.1011130933771328	5.961436429261115	169.80179857039516	148.18887666280455	1030.0701996553985	1384.913706118223	3825.017844227843	15063.171914980274	9515.662444441909	3858.1103186075634	6284.601268027089	phage	57B	1.3197962345870096	0	0	0
gene-T4p057	0.7943981163231866	0.0505565466885664	29.614877745361664	297.0642961303999	351.2708890406419	1866.7351339289787	2356.739872423687	5858.509136469693	2000.758752754995	2471.0270585969474	439.568041529812	2202.272064225387	phage	47	1.0980450091350902	0	0	0
gene-T4p129	0.2647993721077288	0.0	576.7208984307769	7292.892929454201	3807.73125766499	8455.062312351656	1161.3480622263558	3669.2051804234407	847.8487224377313	1324.4948569676403	201.76893709565144	856.8407745723894	phage	e.6	1.1741434906224375	0	0	0
gene-T4p248	0.0	0.0	64.80658311809663	833.3711521206499	679.9520102973197	3496.388934866799	1002.360249537163	4093.684690050524	741.5083741997786	877.7101467314245	110.01211094024804	427.0587787908469	phage	rnh	1.2567894689264916	0	0	0
gene-T4p195	0.0	0.0	1.3461308066073483	79.20074230533486	3.840260523273898	186.3128296978589	5.615463582841249	218.25192701034865	552.4360561936888	1623.14511247748	918.048663785214	2732.099865165098	phage	48	1.5508948096526851	0	0	0
gene-T4p045	0.2647993721077288	0.0505565466885664	373.4551466330672	2696.105904269076	1439.1941055163534	2533.999969751065	316.2207930087478	1874.4206356827528	508.093362719948	548.004192642058	131.63021134335355	334.85843210587245	phage	imm	1.0465875055548706	0	0	0
gene-T4p240	0.2647993721077288	0.0505565466885664	362.8784045811523	3200.207556795161	991.2390103603452	3486.811115738033	203.5605548779953	784.5380903520658	234.85204321277592	343.2329816919905	84.07039045652144	418.0462273216406	phage	frd.1	1.3709360267088222	0	0	0
gene-T4p196	0.2647993721077288	0.0	29.99948654724948	166.43911603551211	41.33927504465432	362.5628873996727	29.13021733598898	231.38466069164232	594.9311374393573	973.5777379986604	1542.5715643193732	1894.289190277688	phage	54	1.2689112647842116	0	0	0
gene-T4p186	0.5295987442154577	0.0505565466885664	1.7307396084951625	30.947614873883005	74.54623368708157	337.1331714217154	162.49747742846864	616.365206612328	1339.7241556001536	1271.147795297038	281.03530524037166	827.4689341727455	phage	uvsY.-1	1.1439331587119568	0	0	0
gene-T4p221	0.0	0.0	1.923044009439069	71.62787188124865	216.18407769253653	991.6983040319254	157.58394679348254	885.0320524350087	401.5477242344316	379.71422128817807	97.52165292956488	359.17286952279613	phage	cd.4	1.0785990985391982	0	0	0
gene-T4p205	0.0	0.0	85.76776282098248	1420.9657514884657	1788.6578131342785	4795.244261211739	1967.8690193119303	1781.7861612760826	605.6062303126652	627.3742112251497	333.8795506701851	524.2841092086522	phage	30.3	1.1186760344089648	0	0	0
gene-T4p153	1.3239968605386443	0.0505565466885664	2.307652811326883	230.79484519904625	4.969748912472104	505.74522146388057	130.20856182713146	868.2382753489554	3131.2921460878247	7077.458681497787	5230.619493089173	6627.661770354937	phage	8	1.3414252853296835	0	0	0
gene-T4p223	1.853595604754102	0.0	109.61350853802692	1394.1736467389908	1947.2379829777065	4711.135248292989	3647.594563529319	3084.2443369620323	1534.9551810331518	1399.838682217102	1041.031634967325	1105.010132474457	phage	pseT	0.8517195265222746	0	0	0
gene-T4p163	0.5295987442154577	0.0505565466885664	6.538349632092835	304.7465220840758	4.743851234632463	656.2624676456875	17.899290170306482	745.9124030541432	2557.916484642647	4873.682480400233	3861.473134225824	7938.663816625571	phage	gene-T4p163_gene_17	1.4083223266772391	0	0	0
gene-T4p132	0.2647993721077288	0.1011130933771328	14.42283007079302	245.9132471648212	1012.2474943994316	3127.8550652887498	532.0651744742083	4081.4588203318767	4654.956363504977	4398.223417641576	923.3330883281952	3482.1192113524694	phage	segB	0.971417935934901	0	0	0
gene-T4p140	0.0	0.0	1.3461308066073483	44.3983450134152	1.1294883891982055	102.93124608002746	3.5096647392757805	215.63209778492435	787.698679901592	1804.790261718524	406.9006898095637	1986.910987211222	phage	3	1.5389735534044229	0	0	0
gene-T4p043	1.0591974884309154	0.0505565466885664	15.57665647645646	307.8084769125872	1993.321109256993	3929.8761791060665	533.8200068438463	3706.621715771167	1713.557696413497	2379.259310541396	204.65135048273217	1413.2847796711592	phage	b-gt	1.009980713009949	0	0	0
gene-T4p121	1.853595604754102	0.1011130933771328	175.1893092598992	1558.1249244763374	1193.1915343489843	5177.265882410993	4040.326047854279	6231.028699792527	9125.1515042027	7351.706277412331	5808.543377198861	6673.437751198532	phage	ipII	0.7837639776710298	0	0	0
gene-T4p268	2.118394976861831	0.1011130933771328	735.3720292095	3446.6129038431363	4392.580345591821	14208.48251064464	2152.126418123909	4095.532005529989	1425.3301888341812	645.4184313484323	415.0675277396258	567.1423575622164	phage	ndd	1.416547267945842	0	0	0
gene-T4p249	1.5887962326463732	0.1011130933771328	12.692090462297855	598.6121689739772	171.90813283596688	2000.4608870812408	296.91763694273106	1879.4923563627408	5361.565395618942	13003.03327022766	10621.693331392507	19099.60655674142	phage	34	1.3836351982549868	0	0	0
gene-T4p202	1.0591974884309154	0.0	8.269089240587997	87.64845696613861	748.8508020384103	5517.642176132638	3364.364619069763	6804.771300160452	1978.5874060181245	3044.538659005116	582.7279064214886	1321.538302484634	phage	30	1.1249567706381554	0	0	0
gene-T4p215	0.0	0.0505565466885664	10.57674205191488	346.8484009761075	390.3511873068998	1464.31518274979	671.7498310973845	1968.9024255688885	976.7709979076816	844.5922515663794	106.16889309080706	342.15276333094954	phage	31.1	1.0100781379309445	0	0	0
gene-T4p003	0.7943981163231866	0.0	7.307567235868463	167.20460474263996	381.5411778711538	3499.8139144919587	1700.4325661791158	6835.302386902897	2569.207448258646	2534.2186539674635	198.8865237085707	1020.8821790119008	phage	60	1.2464376727266784	0	0	0
gene-T4p261	0.5295987442154577	0.0505565466885664	169.8047860334698	2339.6342166890754	1155.9184175054436	1787.3847210204062	143.54528783637943	502.5033979688868	258.4604216825917	636.7522956973863	82.62918376298106	386.53471642930754	phage	arn.4	1.1642869001588458	0	0	0
gene-T4p183	0.2647993721077288	0.0505565466885664	0.9615220047195344	46.776827781991	0.9035907113585644	104.62858111550496	10.87996069175492	914.8578005398392	1080.0319924321802	3006.559871888492	586.5711242709295	2554.3775372723308	phage	segE	1.4550640082496245	0	0	0
gene-T4p244	0.2647993721077288	0.0505565466885664	3.846088018878138	44.644394954992	294.79646958073164	2358.386412687555	3214.15096822876	5128.5508216473	2423.246082240916	4751.276383074129	740.7802404797488	4395.401899982011	phage	SegG	0.996543981556342	0	0	0
gene-T4p189	0.0	0.0505565466885664	1.1538264056634415	35.977969235008864	2.258976778396411	80.13846131790125	5.264497108913671	415.0749944588933	851.74923714144	2396.6161318028394	301.2121989499368	1822.642648022486	phage	26	1.5666658264793356	0	0	0
gene-T4p103	0.2647993721077288	0.0	2.115348410382976	67.85510611040425	32.07747025322904	1206.1384000319829	797.0448622895298	3186.652789632785	3950.6055241142135	4557.920903222464	1804.87118254372	3660.327827993575	phage	rI.-1	1.0539210479565169	0	0	0
gene-T4p173	2.3831943489695595	0.1011130933771328	3.2691748160464176	609.7664329921259	6.325134979509951	1031.9493920161058	12.985759535320389	1270.7179369933087	5121.991676712202	15317.67708775616	13050.607012239208	23604.19649035036	phage	gene-T4p173_gene_21	1.5169470259933384	0	0	0
gene-T4p050	0.0	0.0505565466885664	3.846088018878138	112.4448233006014	331.84368874643275	2309.194006212913	1551.97374770775	7551.489804514726	1511.7573830584631	1057.8822984113842	89.35481499950278	546.8479071315575	phage	44	1.6206076698674543	0	0	0
gene-T4p109	0.2647993721077288	0.0	1.3461308066073483	38.54782418036664	339.97600514865985	1187.0736904370658	253.39779417571137	861.7558773937388	153.14652468245703	269.14120436945086	42.27539634385078	200.4158028152293	phage	tk.3	1.2830734225052003	0	0	0
gene-T4p275	0.0	0.0505565466885664	251.3418520336864	704.9877603823508	684.2440661762729	1826.756831932643	68.43846241587772	845.4659136202672	75.75210135097406	144.96750997004537	21.61810040310551	181.9368303783673	phage	ndd.6	1.2936806767394275	0	0	0
gene-T4p200	0.7943981163231866	0.0	3.2691748160464176	156.70647390202947	28.91490276347406	1757.6813578995504	1922.9453106492003	6764.264709828891	4431.600574155764	10151.776441196156	2268.459335632538	8654.869885178474	phage	alt	1.1600044227705677	0	0	0
gene-T4p014	0.2647993721077288	0.0	1.3461308066073483	21.597717093964288	77.70880117683653	1123.1508406188157	669.2930657798913	2449.607500880078	1108.7726270910864	1333.2837424154434	95.11964177366424	523.1494354625291	phage	dexA	1.187326616610616	0	0	0
gene-T4p017	0.5295987442154577	0.0505565466885664	16.92278728306381	272.4593019727191	1239.95235366179	4780.907842072796	1185.5647489273588	5814.710965829266	2107.3043912405114	2766.166669919536	232.9950821223594	1092.6908175165486	phage	dda	1.1411185993110995	0	0	0
gene-T4p038	1.0591974884309154	0.0505565466885664	371.7244070245721	1514.0546460516914	864.9622084479857	2011.645112582869	1364.5576506304235	3172.176553784607	980.876802858954	1182.8170415506834	530.8444654540353	994.4604903521772	phage	dmd	0.78761989227547	0	0	0
gene-T4p124	0.0	0.0	8.076784839644091	66.92558410889187	890.9404413995445	4958.249043725988	503.285923612147	1281.6338920992434	359.8738039790177	436.2773276338148	83.58998822534132	393.3427589060461	phage	nudE	1.7688727594142026	0	0	0
gene-T4p184	0.5295987442154577	0.0505565466885664	3.0768704151025106	144.18526576400967	5.6474419459910274	367.6548925061052	31.937949127409603	1585.4669071401197	3477.41150348008	9178.46875275036	1232.7121252081945	6778.054670591082	phage	uvsW	1.5425802149695549	0	0	0
gene-T4p194	0.0	0.0	4.423001221709859	120.0997103718799	3.6143628454342576	228.6552769221812	19.3031560660168	410.910137741552	1042.258586880475	2390.208592412123	1844.7445677316705	3858.3770255668906	phage	29	1.4445282557966257	0	0	0
gene-T4p023	0.2647993721077288	0.0	2.6922616132146966	68.15583381677591	167.1642816013344	559.393132406651	22.11088785743742	226.3465275658264	80.06319654980997	128.8381866761724	8.647240161242204	166.60252518076084	phage	modA.3	1.2760954604018646	0	0	0
gene-T4p144	0.2647993721077288	0.0	4.423001221709859	158.7022123170414	10.165395502783849	332.1927140863077	81.07325547727054	727.2713104886241	1855.207967232392	3209.808985358772	2815.637476946698	4559.443304421522	phage	5	1.3175648088449912	0	0	0
gene-T4p147	0.2647993721077288	0.0	0.5769132028317208	78.62662577498897	1.8071814227171288	198.9519138013252	23.163787279220152	458.4029393409108	886.0327084845637	1877.728190951548	542.3741190023583	2181.91277529495	phage	5.1	1.3986100697913175	0	0	0
gene-T4p085	1.0591974884309154	0.0505565466885664	11.345959655690509	114.6866116571901	708.1892200272748	1866.462347941134	1361.0479858911478	1862.799341939204	435.0100345873009	384.0104641746739	70.61912798347801	192.4730865923676	phage	nrdC.1	1.1705481473120307	0	0	0
gene-T4p192	0.2647993721077288	0.1011130933771328	0.9615220047195344	60.1182023919335	1.5812837448774877	123.45081427678208	5.615463582841249	344.8098311308463	741.9189546949058	3057.501037542657	422.75396343850775	2599.894164116812	phage	27	1.661745784074184	0	0	0
gene-T4p012	0.0	0.1011130933771328	267.4954217129745	2410.086516627235	1434.676151959561	3863.2557789635753	1009.730545489642	2699.734016799756	1040.6162648999662	1059.4289458505227	187.35687016024767	563.0251128262839	phage	motB.1	0.9569031277536296	0	0	0
gene-T4p128	0.5295987442154577	0.0	126.72860022203466	1744.82215236834	1209.682064831278	1774.1697553870458	49.48627282378851	190.1055566141233	89.30125769017266	190.58133444495547	18.735687016024777	192.63518284181376	phage	e.5	1.4126899906791748	0	0	0
gene-T4p061	0.0	0.0505565466885664	0.5769132028317208	23.757488803360715	236.06307334242496	3178.80542590728	638.7589825481921	3716.832332239488	869.6094886794746	2496.3626166475974	337.7227685196261	1208.8489898696653	phage	a-gt.2	1.2035113024680932	0	0	0
gene-T4p021	0.0	0.0	172.88165644857233	1215.8147779782023	435.7566205526677	748.1913455493163	11.230927165682498	122.69533539070538	16.012639309961994	58.87080252466872	4.804022311801225	145.8866245015419	phage	gene-T4p021_gene_modB	1.4857391904305404	0	0	0
gene-T4s001	3.442391837400475	0.2022261867542656	5.769132028317207	956.0680563202848	522.2754311652502	4762.873657320847	4133.683129919014	9326.15540430632	11875.63024106002	17386.158462868123	4624.351877339859	23956.23712489753	phage	gene-T4s001	1.1521544007131652	0	0	0
gene-T4p234	1.5887962326463732	0.0505565466885664	10.384437650970971	157.85470696272125	205.5668868340734	5239.5823258563805	7926.226847180423	14004.062011626467	8198.676616948105	10545.21408976177	5933.928359536872	7934.125121641078	phage	gene-T4p234_gene_nrdA	0.9311303307412782	0	0	0
gene-T4p232	0.2647993721077288	0.0505565466885664	6.153740830205021	62.30531298372736	157.45068145422985	893.1013242032066	1271.2005685656875	2880.1663578123125	1260.6874102881618	1424.9287406742376	626.4445094588797	1335.3489029374466	phage	nrdB.1	1.0083942484364767	0	0	0
gene-T4p269	0.0	0.0	717.8723287236045	1247.7465926183925	2178.5572050854985	1019.2799983584346	233.743671635767	486.91877283302927	477.9156963280965	144.47651078301726	111.45331763378842	194.61275708505687	phage	ndd.1	1.088321413613673	0	0	0
gene-T4p148	0.0	0.0	1.7307396084951625	37.837013238033634	1.1294883891982055	77.25905366843051	31.236016179554447	241.83039003916747	801.6584167359179	1232.9971584649547	1090.993467010058	1299.979501308295	phage	segC	1.2818330820442452	0	0	0
gene-T4p008	0.0	0.0	145.76673591548143	1424.7111783769126	1031.674694693641	3552.91625345904	150.2136508410034	1410.9459756618537	410.1699146321034	369.7469377915077	38.4321784944098	224.2763707337037	phage	39.2	1.353707106623666	0	0	0
gene-T4p100	0.0	0.0505565466885664	240.38050117988365	2277.6022925293223	968.1974472207016	1892.92258876206	50.53917224557125	425.8901869023116	198.72095964157964	407.4065754365627	49.481429811552616	287.91535826626523	phage	mobD.3	1.287744096713827	0	0	0
gene-T4p190	0.0	0.0505565466885664	0.3846088018878138	19.19189544299105	2.03307910055677	47.19197589711507	1.7548323696378902	235.71745517984408	495.775947866131	1423.4066431944505	164.777965294782	1148.3870888262484	phage	26'	1.588299264568082	0	0	0
gene-T4p022	0.0	0.0	1.5384352075512553	17.87962908791474	77.25700582115725	641.4714051936694	32.63988207526476	342.4922898929709	93.20177239388136	130.3357341966081	6.245229005341592	123.51734207797212	phage	modA.2	1.4899037222841705	0	0	0
gene-T4p011	1.0591974884309154	0.0505565466885664	443.0693397747616	3352.9498927495647	2031.046021456213	6460.9361220992505	1234.7000552772197	3120.2837825887023	2357.5532030205586	1122.8905907739045	352.13483545502976	738.2835777274696	phage	gene-T4p011_gene_motB	1.0138180148640432	0	0	0
gene-T4p278	2.3831943489695595	0.2022261867542656	25.191876523651807	413.3365629666405	1435.3538449930795	9815.446033732656	6760.316220793009	23364.476721188337	14145.524508370914	8901.938010616139	1668.4369488885652	2565.821532483229	phage	rIIB	1.2083995858962413	0	0	0
gene-T4p040	0.0	0.0	0.3846088018878138	11.892413842879067	23.26746081748304	558.7263222141421	340.43747970975073	1225.3747388609647	382.25044096345175	502.0221187768768	77.82516145117984	347.2101663136697	phage	40	1.2031509467767212	0	0	0
gene-T4p069	0.0	0.0	321.34065397726846	1545.9317829270867	1507.8669995796042	1958.815559603632	222.16177799615693	336.98393100874546	181.6818690937996	139.34556927857366	51.883440967453225	137.03616928178167	phage	55.4	1.2599815365211164	0	0	0
gene-T4p273	0.2647993721077288	0.0	198.84275057599976	364.2085912984712	330.2624050015553	890.7977980836299	13.687692483175544	511.5048624870113	56.865398575121446	73.77262785097143	1.4412066935403671	90.22277244173137	phage	ndd.4	1.2383712423790292	0	0	0
gene-T4p158	0.5295987442154577	0.0	2.6922616132146966	425.7757544574681	2.03307910055677	872.2786604644024	6.668363004623983	861.3528267436735	1665.109197988484	5224.133150141536	3253.7643117829693	8960.972442632597	phage	wac	1.5003943451941006	0	0	0
gene-T4p031	1.3239968605386443	0.0	20.191962099110228	124.39191490827533	688.3102243773864	4077.695874963632	4027.691254792886	7285.106912375748	3558.706441515272	2096.9347780002413	525.0796386798738	695.9440373721333	phage	56	1.1592098928150796	0	0	0
gene-T4p176	1.0591974884309154	0.0	102.6905501040463	1090.137935597248	287.5677438898631	879.8560490156411	105.28994217827342	356.0952493326741	1264.1773444967432	1556.1728233668475	429.4795946750295	1664.6960625621498	phage	segD	0.9154124203734308	0	0	0
gene-T4p074	1.0591974884309154	0.0	12.49978606135395	105.5827638188482	318.2898280760543	4270.1312346108925	1261.022540821788	5627.023713115534	1627.3357924367788	2741.5185107307257	799.3893126837238	1705.6415751722493	phage	gene-T4p074_gene_nrdG	1.1391078922159923	0	0	0
gene-T4p257	0.0	0.0	4.615305622653766	172.83641451650914	657.8140378690349	1941.2057086105533	80.72228900334295	539.8191706540972	206.93256954412425	591.4576206940445	43.716603037391145	383.1306951909382	phage	arn	1.3593048443263942	0	0	0
gene-T4p093	0.7943981163231866	0.0	225.7653667081468	2150.6952004404843	1344.5429785015438	1993.0956654094368	189.5218959208921	271.4210252647934	148.4248489884939	249.5257868476784	145.081473816397	382.125698444372	phage	nrdC.9	1.2547492280580883	0	0	0
gene-T4p001	2.3831943489695595	0.0505565466885664	32.49944375952027	385.5602584508586	1171.957152632058	9736.792740570796	3318.037044511323	19664.40457848073	4615.951216467891	4978.068907562406	317.0654725788808	2011.257843878035	phage	rIIA	1.4336578404277025	0	0	0
gene-T4p112	0.2647993721077288	0.0505565466885664	238.26515276950067	1539.3977900341026	1095.15194216658	1422.7304743805917	374.8321941546534	928.25923465451	300.3396321855692	602.7506019956907	143.6402671228566	678.3079654323913	phage	vs.1	0.8349641168606722	0	0	0
gene-T4t002	1.0591974884309154	0.0505565466885664	35.768618575566684	324.78592288138697	713.3848666175866	4178.141737598854	1714.471225136219	4632.899284729523	2093.3446544061853	4092.478223879181	1114.052774106704	2325.173440555464	phage	gene-T4t002	0.9334042048781018	0	0	0
gene-T4p254	0.2647993721077288	0.1011130933771328	277.30294616111377	469.54530517574256	599.0806416307282	1288.0348154937712	146.35301962780005	717.3965695620248	3154.489944062513	3620.210655836206	5995.900247359108	4581.812586845092	phage	t	1.13442565076997	0	0	0
gene-T4p165	0.5295987442154577	0.0505565466885664	5.576827627373301	272.842046326283	3.840260523273898	577.5182458212142	13.687692483175544	635.543700044601	2259.8350451802776	3977.559864155255	3358.9724004114164	6978.275957906976	phage	gene-T4p165_gene_17	1.413683179865716	0	0	0
gene-T4p030	0.0	0.0	4.423001221709859	38.82121300434087	269.4959296626918	2361.811392312716	3284.3442630142754	5253.899573817602	3058.4141082027413	3007.73826993736	1127.0236343485674	1401.0951417128083	phage	segF	1.004420408990062	0	0	0
gene-T4p080	0.7943981163231866	0.0	103.45976770782192	757.9978533509542	811.87625415567	3666.849867715466	3130.971913907924	6385.061223225807	2743.293578192592	1942.564633598608	420.3519522826072	973.1934624248412	phage	pin	1.0614813415854945	0	0	0
gene-T4p110	0.0	0.0	11.345959655690509	166.7398437418838	833.1106358725964	2236.2995283499963	620.1577594300304	1291.7773334592196	335.03368402382023	471.408319465675	186.87646792906764	411.9189890925758	phage	tk.4	1.1469382515344406	0	0	0
gene-T4p266	0.0	0.0	41.34544620293999	407.2399921920152	828.5926823158036	2014.34266290711	426.4242658220073	984.0817496885512	315.941691000404	169.2474197685847	35.069362876148936	163.0688269428346	phage	ac	1.2541459983206862	0	0	0
gene-T4p210	0.0	0.0	405.7622859916436	4005.720387752837	930.4725350214816	2207.353904084264	77.21262426406717	613.6446147243875	407.9117219089037	559.1744241469472	71.09953021465813	366.6941354970978	phage	30.7	1.4001427782119709	0	0	0
gene-T4p071	0.0	0.0	159.03573958061102	1105.5023875045997	465.123318671821	1425.6098820300624	34.04374797097508	340.7457370760214	66.30874996304775	158.29813789785817	25.46131825254649	201.907088310134	phage	55.6	1.337231420053714	0	0	0
gene-T4p053	0.2647993721077288	0.0505565466885664	1.1538264056634415	17.606240263940506	108.65678304086735	1096.2965755932255	112.66023813075256	2010.6853429589887	98.12873833540812	275.5241938008161	16.814078091304285	144.7519507554188	phage	45.2	1.811017186915446	0	0	0
gene-T4p024	0.0	0.0	7.307567235868463	137.67861175342298	206.01868218975267	492.8030418183648	52.64497108913671	160.5485089426695	75.54681110341043	99.50098525124366	11.049251317142817	98.26274641426076	phage	modA.4	1.1786699852027689	0	0	0
gene-T4p126	0.2647993721077288	0.0	7.307567235868463	212.0950496392088	642.9047911316186	1915.5638257531607	44.22177571487484	172.53926578211156	26.071861440579145	94.46824358420568	9.60804462360245	219.70525649932208	phage	e.3	1.8771771679432343	0	0	0
gene-T4p131	0.2647993721077288	0.1011130933771328	870.5620230730666	5256.419579670152	1261.6385307343955	2388.301942687846	51.59207166735398	893.294590761347	467.24060345478847	844.8377511598934	219.06341741813583	1002.4680450748174	phage	e.8	1.2755940751575991	0	0	0
gene-T4t004	1.5887962326463732	0.0505565466885664	115.95955376917588	669.6112465600852	1117.5158122727046	3342.6285663850617	2812.996288529538	4760.028177270946	2683.1435356564525	4654.623193107647	2020.091382112415	3167.457971927588	phage	gene-T4t004	0.7839344344870388	0	0	0
gene-T4p272	0.5295987442154577	0.0	422.8773776756513	422.1943608634057	963.4535959860692	312.06717009421754	34.74568091883023	177.10717314951808	171.00677622049156	49.910067361405964	12.01005577950306	99.39742016038387	phage	ndd.3	1.208830048060464	0	0	0
gene-T4p193	0.0	0.0	0.0	25.42516062960353	0.2258976778396411	69.04516447888768	1.4038658957103125	108.9580257343138	360.9002552168357	959.486061330954	154.20911620881932	1008.0765753056544	phage	28	1.5817585782037775	0	0	0
gene-T4p235	0.7943981163231866	0.0	1.1538264056634415	18.59044003024774	220.25023589365009	3311.288487337138	2148.616753384633	3385.1888223441074	2032.7840313749189	2973.5401765608526	1090.513064778878	2139.962265938284	phage	nrdA.1	0.9125974000795366	0	0	0
gene-T4p231	1.5887962326463732	0.0505565466885664	1.7307396084951625	77.28702053751523	182.75122137226964	1347.623399060713	1089.75090154513	5131.8759895103385	2477.647997845273	5126.988960988027	1683.809820286329	4462.671843502166	phage	I-TevIII	1.085370093713395	0	0	0
gene-T4p168	0.5295987442154577	0.0	0.9615220047195344	556.8110177883173	2.258976778396411	1308.0694308232466	10.528994217827345	1442.6190392461504	3370.044704004309	7810.986916958412	6701.611124962708	12500.73308028812	phage	19	1.3902648418224652	0	0	0
gene-T4p025	0.2647993721077288	0.0	8.269089240587997	190.9894324283981	175.29659800356148	466.979301635743	50.89013871949882	192.79256094789184	60.97120352639375	105.3193256175266	12.970860241863306	150.26322323658815	phage	srh	1.0832912619814417	0	0	0
gene-T4p076	1.3239968605386443	0.0505565466885664	19.4227444953346	276.3414232731532	445.47022069977226	4227.91002560339	3286.0990953839137	14139.890080698466	6372.20928437462	13143.311737961589	2114.730621654899	9336.646710349012	phage	gene-T4p076_gene_nrdD	1.1179343573165712	0	0	0
gene-T4p160	0.0	0.0	1.1538264056634415	69.98753893740326	1.1294883891982055	178.4929647129805	0.7019329478551561	207.23520924189768	396.00488755021394	1692.547847563901	386.7237960999986	2441.8827401566973	phage	14	1.6809907243370967	0	0	0
gene-T4p156	1.0591974884309154	0.1011130933771328	2.307652811326883	87.0470015533953	36.143628454342576	421.60589899092525	223.56564389186724	650.3222238803279	1868.1412528288995	3851.6676726012506	569.2766439484451	5249.324942064369	phage	11	1.5322944707047637	0	0	0
gene-T4p141	0.0	0.0	4.99991442454158	89.56217873395823	50.826977513919246	663.8398561969262	27.726351440278663	728.1781744512709	1135.0497787792292	2742.034059877105	772.967189968817	2042.088550522694	phage	2	1.2498029354435587	0	0	0
gene-T4t005	0.7943981163231866	0.0	127.8824266276981	636.0117600936521	1034.3854668277163	2987.370281548783	1612.3399812232935	4139.2294135079	2357.963783515685	4138.337547947604	1090.0326625476978	2947.9148116777124	phage	gene-T4t005	0.8335301004816709	0	0	0
gene-T4p170	0.7943981163231866	0.1011130933771328	1.1538264056634415	230.4394397278797	4.743851234632463	517.4447093869932	9.476094796044608	837.5056632814778	2344.6199174240505	6615.035647154727	6377.820021147306	7850.548295426639	phage	67	1.4069730107567344	0	0	0
gene-T4p171	1.0591974884309154	0.0	0.3846088018878138	392.72304563898354	2.258976778396411	919.8949701203868	7.019329478551561	1263.3286750754453	3558.911731762835	10173.650454978258	5816.229812897743	10741.145873300193	phage	68	1.40534792699752	0	0	0
gene-T4p051	1.0591974884309154	0.0	24.9995721227079	202.4444241529184	977.459252012127	4085.2429539606665	1973.484482894772	7717.277971908244	2612.728980742132	1215.7385370409172	140.27745150459577	636.260198326058	phage	45	1.3456903757098038	0	0	0
gene-T4p154	0.5295987442154577	0.0505565466885664	0.9615220047195344	162.1742503815141	2.258976778396411	378.9906657787584	32.990848549192336	1212.0068923004665	2254.4974987436235	5654.371187774906	3293.1572947397394	7098.713471245471	phage	9	1.4038981961828398	0	0	0
gene-T4p058	0.0	0.0	1.1538264056634415	10.908214076571836	82.452652411469	480.0124099438737	177.5890358073545	1258.8951179247272	365.4166406632353	378.8795226702303	75.90355252645935	215.912204262282	phage	47.1	1.349638083369275	0	0	0
gene-T4p107	0.0	0.0	0.7692176037756276	10.662164134995027	195.6273890091292	728.4598257618906	57.909468198050384	737.8178024986655	145.14020502747604	259.7631198972142	17.294480322484407	191.11147809701987	phage	tk.1	1.3082871443913031	0	0	0
gene-T4p039	0.5295987442154577	0.0505565466885664	4.230696820765952	64.30105139873925	47.21261466848499	1526.2982210989232	5426.643619868212	7614.332118370737	2866.878307225888	2510.380643437249	746.5450672539104	1165.2450987686489	phage	41	1.2804619722502415	0	0	0
gene-T4p004	1.0591974884309154	0.0	15.384352075512552	166.13838832914047	344.49395870545266	3110.0633569704414	833.8963420519254	5085.256464319455	1168.9226696272256	1405.3378731118164	100.88446854782572	465.7349439087001	phage	60.1	1.404658086976987	0	0	0
gene-T4p135	0.2647993721077288	0.0	507.87592289285817	754.7718652280582	543.5098128821764	1695.5467717793924	47.38047398022304	1142.6821804892384	483.2532427647505	941.3681913296172	216.1810040310551	1072.850236584339	phage	trna.4	0.8173098340691718	0	0	0
gene-T4p241	0.5295987442154577	0.0505565466885664	430.9541625152954	2793.5690200158897	1799.0491063149016	2789.3882734820163	430.2848970352107	575.7914411724233	474.8363426146423	455.8927451555872	349.25242206794906	544.6758173889789	phage	frd.2	1.076125315604105	0	0	0
gene-T4p229	0.2647993721077288	0.0	0.3846088018878138	24.74168856966795	18.97540493852985	451.15771434075646	217.950180309026	1528.6367654809153	702.0926466675644	1717.3187565494686	204.65135048273217	987.9118018745525	phage	denA	1.211676340602269	0	0	0
gene-T4p188	0.0	0.0505565466885664	1.1538264056634415	44.288989483825496	1.8071814227171288	104.96198621175948	1.4038658957103125	210.79548998414097	607.0432620456105	1584.8962758079913	159.01313852062054	1457.6018942697388	phage	25	1.5830124863887882	0	0	0
gene-T4p166	0.5295987442154577	0.0505565466885664	4.807610023597673	234.26688326351896	3.162567489754976	503.56293356112377	11.932860113537654	547.1748450177885	2006.917460181904	3334.9401281728824	3216.7733399821	6354.140559039491	phage	gene-T4p166_gene_17	1.4258168861786529	0	0	0
gene-T4p136	0.2647993721077288	0.0	942.6761734270316	1447.3204341195817	1063.5262672690303	2227.9340913894284	857.4110958050733	1933.131680375595	3534.071611807638	3077.9757036417286	3584.281046834894	5484.396923011187	phage	ipI	0.7832760454307665	0	0	0
gene-T4p015	0.0	0.0	0.5769132028317208	11.673702783699683	88.77778739097894	756.7083302809086	139.68465662317607	1197.4634813439443	463.3400887510798	615.2956312242585	44.67740749975139	277.18458655292955	phage	dexA.1	1.229691169875467	0	0	0
gene-T4p047	0.7943981163231866	0.0	7.307567235868463	123.2983596123784	126.05090423451972	2431.0687236710373	4459.380017723807	22259.950002238613	6052.57236891807	6081.810530042215	1124.1412209614866	2211.381873444261	phage	43	1.6067226545140167	0	0	0
gene-T4p185	0.7943981163231866	0.1516696400656992	0.9615220047195344	206.05315662937824	40.88747968897504	1624.4102480603628	53.69787051091944	4329.502907892884	3171.323744362729	8798.656331624778	410.26350542782455	13263.0717414334	phage	uvsY.-2	1.5364386262701282	0	0	0
gene-T4p108	0.0	0.0	0.3846088018878138	19.27391209018332	258.8787388042287	1010.0658938801282	105.99187512612858	694.7249704958527	132.00162918340465	269.4603538410191	15.85327362894404	186.86455636153053	phage	tk.2	1.350171745861857	0	0	0
gene-T4p075	1.0591974884309154	0.0	1.7307396084951625	48.06175525466989	119.95166693284942	1210.078642078627	1042.0194610909791	4995.913570221651	1890.31259956577	4276.431069299257	853.6747648070776	2228.045367887326	phage	mobC	1.1744287895559395	0	0	0
gene-T4p006	1.0591974884309154	0.0505565466885664	81.92167480210435	1479.8537041725149	2845.8589454237986	10438.913563728582	4674.522466241412	9500.743510892931	3588.473527411996	3716.5692462904703	1142.876907977511	1823.388290769938	phage	39	1.020628570655577	0	0	0
gene-T4p146	0.0	0.0	0.3846088018878138	13.997507787480652	0.9035907113585644	31.673484144178065	6.668363004623983	81.81928196325165	221.71346736870456	392.7256997444226	245.00513790186247	631.0406990938917	phage	repEA	1.4280368475120655	0	0	0
gene-T4p113	0.2647993721077288	0.1516696400656992	627.1046514780804	2807.621205568165	1383.6232767678016	2681.971213379656	448.1841872055172	1451.989966860168	748.0776621218142	1106.4175680491117	297.36898110049583	889.3572822112885	phage	regB	0.8561101394001169	0	0	0
gene-T4p242	0.2647993721077288	0.0	637.2967847281075	2151.187300323638	1383.8491744456414	2523.331006670921	301.8311675777171	647.9710950882804	527.1853557433642	519.3298401196172	183.03325007962667	697.2408073677025	phage	frd.3	0.974937869272324	0	0	0
gene-T4p018	0.2647993721077288	0.0505565466885664	58.07592908505989	409.42710278380906	1090.8598862876268	2203.41366203762	680.8749594195015	2616.2353571278986	1174.054925816316	1031.196492596407	167.66037868186274	460.0939944279739	phage	dda.1	0.993637341750787	0	0	0
gene-T4p114	0.0	0.0	1.1538264056634415	59.57142474398504	405.938127077835	2107.696089858372	1838.362390432654	2824.780480982509	1978.792696265688	2376.264215500525	783.0556368235996	1358.366570358801	phage	vs.3	0.8835830290657097	0	0	0
gene-T4p219	0.5295987442154577	0.1516696400656992	248.4572860195277	1529.6104701358252	1036.4185459282733	3872.894217200751	1214.3439997894202	2528.907716280421	791.393904357737	654.0845669994782	157.57193182708016	357.3573915289992	phage	cd.2	1.0738256686734222	0	0	0
gene-T4p218	1.0591974884309154	0.1011130933771328	235.38058675534205	1591.0682777652323	1214.4259160659103	3522.1823654952154	1251.195479551816	2671.318945970153	1121.295332192467	825.1732337194182	185.9156634667074	441.4853449915549	phage	cd.1	0.9607761518952952	0	0	0
gene-T4p212	3.9719905816159327	0.2022261867542656	4.423001221709859	391.49279593109947	558.6449572974324	4282.012579859234	4552.386133314615	5965.955722266262	9414.20017277227	7297.008967977401	2653.261522807816	5721.738251450252	phage	30.9	0.920264951444897	0	0	0
gene-T4p016	0.0	0.0	0.7692176037756276	9.513931074303256	82.22675473362936	730.5208754478275	141.79045546674155	1071.342215427684	350.4304525910913	577.2677441889325	40.353787419130285	179.99167538501345	phage	dexA.2	1.265675979775001	0	0	0
gene-T4p064	0.2647993721077288	0.0	1.1538264056634415	74.30708235619612	333.1990748134706	2327.2585005190663	299.3744022602241	1934.9118207467168	519.7949068310741	1633.5297452831242	158.0523340582603	1008.3683485546576	phage	a-gt.5	1.1534044594576236	0	0	0
gene-T4p245	0.0	0.0	1.923044009439069	54.51373150046176	224.090496416924	1763.0158394396224	550.66639759237	4244.996621595864	808.4329949055171	2752.860591951074	219.543819649316	1690.8908164726488	phage	59	1.2581942331545952	0	0	0
gene-T4p063	0.2647993721077288	0.0	0.9615220047195344	72.11997176440227	491.32744930121936	1757.7116674537554	200.0508901387195	2006.0502604832384	998.942344644552	2366.5669815567203	143.6402671228566	1812.3333265577105	phage	a-gt.4	1.0678169610424642	0	0	0
gene-T4p118	0.2647993721077288	0.0	60.57588629733068	450.2440542031618	858.8629711463154	1089.204139909266	185.3102982337612	1396.503327367848	1554.4577545516952	1439.4132166915665	186.3960656978875	1188.651797188674	phage	vs.7	0.8398286776086066	0	0	0
gene-T4p027	0.0	0.0	132.11312344846405	658.9490824250902	493.1346307239365	835.1191470091275	181.44966702055785	373.1913144062764	210.8330842478329	262.38996554781454	49.481429811552616	217.76010150596812	phage	mrh.1	0.8821997625149354	0	0	0
gene-T4p199	0.5295987442154577	0.0	0.1923044009439069	13.642102316314151	0.4517953556792822	35.46217841979745	282.8789779856279	659.3236883984524	646.4589895778247	980.9918257227844	319.4674837347814	904.0756216609996	phage	alt.-1	1.1346339508821863	0	0	0
gene-T4p267	0.0	0.0	70.76801954735774	508.6672458864551	991.916703393864	2465.6216154646863	273.0519167156557	925.6058178749134	355.97328927530896	167.6025724920406	41.31459188149053	187.1239103606444	phage	stp	1.3521189962462976	0	0	0
gene-T4p138	1.3239968605386443	0.1011130933771328	9.038306844363625	168.73558215689567	130.56885779131255	913.1359395326818	464.3286450061858	3180.338329448429	8683.161601198237	7090.224660360518	1911.040075634527	4190.83643318096	phage	57A	1.2855544126610856	0	0	0
gene-T4p034	0.0	0.1011130933771328	61.53740830205021	906.584679180949	789.286486371706	1267.8183428390662	190.5747953426749	1179.762840295244	319.43162520898545	361.2281018965703	38.4321784944098	169.5526769206809	phage	61.1	1.0197737294994893	0	0	0
gene-T4p216	0.0	0.0	18.65352689155897	290.284253295839	408.1971038562315	1304.2201174392171	121.7853664528696	1726.0644089045577	751.3623060828321	620.5738724848106	35.069362876148936	258.99738736507067	phage	31.2	1.155858941600702	0	0	0
gene-T4p054	1.5887962326463732	0.0	35.191705372734965	504.86714123321326	633.4170886623536	3492.6002405911795	1733.423414728308	11868.800430243136	3165.1650369358213	5862.211143643898	528.4424542981347	2350.4928747189538	phage	46	1.3140639503354017	0	0	0
gene-T4p042	0.2647993721077288	0.1011130933771328	4.807610023597673	43.30478971751827	625.2847722601266	2773.7788530664648	1132.919777838222	2308.1031351529928	756.6998525194861	961.7201076319316	222.4262330363967	511.219151503292	phage	segA	1.1270404026024172	0	0	0
gene-T4p082	1.0591974884309154	0.0	3.461479216990325	46.20271125164512	419.9437831038928	1916.3215646082847	4056.11953918102	3366.010328911834	1677.837193337428	1317.2280689996246	312.2614502670796	751.8024049312792	phage	49.2	1.1397085046452162	0	0	0
gene-T4p097	0.2647993721077288	0.1011130933771328	364.8014485905914	2372.0034534476245	1272.707516948538	2043.5307636064813	47.731440454150615	376.78518270269177	124.20059977598729	276.21159266265545	56.68746327925445	257.50610187016605	phage	mobD.1	1.323349286055497	0	0	0
gene-T4p091	0.0	0.0	285.7643398026457	2223.607999794412	1565.2450097508731	2917.900783311026	73.00102657693624	696.5051108669744	142.06085131402182	247.11989083124075	14.892469166583796	214.16156476826347	phage	nrdC.7	1.3556604192625628	0	0	0
gene-T4p197	0.5295987442154577	0.0	585.9515096760844	1769.2084354668416	2105.8181528211344	4680.310431666549	128.10276298356598	1782.7266127929015	888.2909012077636	1557.4494212531206	144.12066935403675	1152.7312683114055	phage	alt.-3	1.0294119349495554	0	0	0
gene-T4p203	0.0	0.0	1.3461308066073483	20.77755062204159	458.7981836923111	2692.731105122414	228.8301410007809	1832.973593834373	338.31832798483805	540.8601544707992	32.186949489068205	274.3316925626772	phage	30.1	1.5183572298255017	0	0	0
gene-T4p251	0.7943981163231866	0.0	4.423001221709859	144.95075447113754	9.487702469264926	320.12951151273563	52.64497108913671	404.0246891362702	2751.094607600009	2768.744415651433	4725.236345887684	5104.735087558396	phage	36	1.3752832786774916	0	0	0
gene-T4p177	2.3831943489695595	0.0	4.230696820765952	408.2515308407199	14.005656026057748	927.2601917921908	201.4547560344298	2011.2563313799149	9342.759166620132	11859.324313923766	3552.094097345825	11958.68322214017	phage	24	1.3690875839589918	0	0	0
gene-T4p119	3.1775924652927463	0.2527827334428321	904.792206441082	3398.469131941274	3160.5344106544185	9960.20446461552	14101.48195593616	13174.818886671328	13931.406780162064	12110.764997600854	21387.987734370232	17064.06669469635	phage	vs.8	0.7703503709085434	0	0	0
gene-T4p225	0.2647993721077288	0.0	106.53663812292444	1129.3965707199477	918.2740604181412	3039.260238347666	246.72943117108736	1513.6567163201555	329.4908473396026	737.8244783471199	87.91360830596241	482.0418266029836	phage	pseT.2	1.1728584890648153	0	0	0
gene-T4p178	0.7943981163231866	0.0	5.576827627373301	41.6917956560703	442.0817555321776	1791.4765108380752	3161.1550306656954	2399.192582067746	811.5123486189714	452.9222000740672	257.97599814372575	609.9681866658913	phage	gene-T4p178_gene_rnlB	1.2114431812431803	0	0	0
gene-T4p060	0.2647993721077288	0.0505565466885664	12.884394863241765	183.9086618874655	747.043620615693	5367.155239505037	932.8688876995024	7754.022756172528	2403.9487989699355	4069.843161357185	247.8875512889432	1359.4364056051456	phage	gene-T4p060_gene_mobB	1.2580989685184183	0	0	0
gene-T4p159	0.0	0.0	1.923044009439069	134.01520151216826	1.5812837448774877	269.8156515325102	5.966430056768827	309.9795374543717	743.3559864278511	2419.938593186674	2096.4753368700544	3700.365601606776	phage	13	1.469306219744067	0	0	0
gene-T4p161	0.2647993721077288	0.0505565466885664	1.3461308066073483	100.8804760464914	3.162567489754976	237.4147380874132	6.3173965306964055	511.1353993911181	794.8838385663186	3242.9514304831687	891.6265410703073	3452.098985955041	phage	15	1.5486003535766089	0	0	0
gene-T4p213	4.50158932583139	0.0505565466885664	15.961265278344277	417.90215632701023	1345.4465692129024	2589.7089303797725	4130.875398127594	4546.310570073832	19272.032570529514	9053.975908879387	3765.87309022098	4868.074563367007	phage	rIII	1.2569043927593966	0	0	0
gene-T4p258	0.2647993721077288	0.0	19.23044009439069	322.2707457008241	976.781558978608	2852.9777182040125	181.44966702055785	686.8654828195798	195.4363156805618	506.6375111349409	72.06033467701837	362.6417292609439	phage	arn.1	1.4790570569590331	0	0	0
gene-T4p094	0.2647993721077288	0.0505565466885664	1120.7500487010896	8280.510056061114	2451.2157022379456	1991.0043061692943	166.358108641672	507.10489289046535	479.9685988037326	391.96465100452906	250.769964676024	591.1974409800262	phage	nrdC.10	1.6382557737027306	0	0	0
gene-T4p179	0.0	0.0	0.7692176037756276	26.682749219885	189.0763563517796	987.1215613469772	289.19637451632434	798.9471510918995	95.25467486951752	130.23753435920247	42.27539634385078	271.15460607353253	phage	24.2	1.321668635086398	0	0	0
gene-T4p099	0.0	0.0	63.65275671243319	1344.0614753045145	310.15751167382723	1313.222055038089	24.216686701002885	240.31895010142267	61.381784021520986	258.1919224987243	28.824133870807348	130.7144155533815	phage	mobD.2a	1.477078670293028	0	0	0
gene-T4p079	0.2647993721077288	0.0	16.92278728306381	210.3453611657737	282.14619962171173	1594.1310034096127	655.6053732967158	2211.2030413664656	834.5048563460963	1468.6276683197382	146.52268050993737	1040.074374946326	phage	49	1.0009665781039776	0	0	0
gene-T4p123	0.5295987442154577	0.0	7.115262834924556	172.94577004609883	412.7150574130243	4677.521952679694	1277.5179650963842	2997.857147631374	2389.3731913929187	4471.652346061628	2014.3265553382528	5774.257436270807	phage	e	0.9816937629282126	0	0	0
gene-T4p059	0.7943981163231866	0.1516696400656992	3.2691748160464176	53.22880402778287	278.5318367762775	3503.663227875988	2454.3085521755534	12275.478536159002	11743.83390212418	9841.219455400886	2266.057324476638	3621.8785976249465	phage	a-gt	1.1786779838861328	0	0	0
gene-T4p247	0.2647993721077288	0.0	7.115262834924556	208.7870448691206	367.0837264894168	2210.566716829989	521.8871467303086	3228.0998314811645	441.1687420142093	544.3462486986987	44.19700526857127	276.73071705448035	phage	gene-T4p247_gene_dsbA	1.4762500373395724	0	0	0
gene-T4p264	0.7943981163231866	0.0	28.65335574064213	401.3621324765692	1987.4477696331624	7323.849130314322	2114.2220389397303	6593.136121322008	1584.430130695983	1495.141624419255	174.38600991838445	884.4943947279038	phage	52	1.2714230449305333	0	0	0
gene-T4p174	3.9719905816159327	0.4550089201970977	4.230696820765952	1527.7787650151977	7.228725690868515	2258.9104557868927	19.65412253994437	2921.4118743356594	10924.109943602662	27098.93253094246	21988.490523345383	25661.878700069778	phage	22	1.3514522737905834	0	0	0
gene-T4p246	0.2647993721077288	0.0	3.653783617934232	105.96550817241211	234.48178959754745	1280.942379809812	454.5015837362136	2116.3853759386084	323.1268496651305	474.7225639781146	35.549765107329065	207.51561854097105	phage	33	1.4002170259294129	0	0	0
gene-T4p228	0.5295987442154577	0.0	5.576827627373301	94.1277720943279	107.52729465166917	1216.2314815822326	457.3093155276342	3121.056296334661	1259.45566880278	2915.774122206997	423.2343656696879	2031.0660055603555	phage	gene-T4p228_gene_rnlA	1.1366485486079962	0	0	0
gene-T4p260	0.2647993721077288	0.0505565466885664	205.1887958071487	2655.343630614518	2346.399179720352	2542.9412882415268	315.5188600608927	599.1012037678653	415.712751316321	726.9979462731504	88.87441276832266	520.5234762215015	phage	arn.3	1.1258072994991817	0	0	0
gene-T4p187	0.7943981163231866	0.0	9.038306844363625	92.43276138568766	219.5725428601312	1173.4040814906311	662.2737363013398	2161.7621616251245	1699.8032498267348	1787.8262398067034	862.8024071995	1145.6962910854422	phage	uvsY	0.9107735735387432	0	0	0
gene-T4p078	0.2647993721077288	0.0	28.076442537810408	308.2732379133434	441.4040624986587	2364.418013974341	773.8810750103096	3364.465301419917	1176.313118539516	2101.599270277008	215.22019956869485	1533.1711657615374	phage	gene-T4p078_gene_49	1.0293948388785388	0	0	0
gene-T4p263	0.0	0.0	0.7692176037756276	8.365698013611484	172.5858258694858	943.5667319544568	339.384580287968	966.9520970607769	328.6696863493481	213.01999729213944	53.32464766099359	129.1258723088092	phage	motA.1	1.2579956072578742	0	0	0
gene-T4p191	0.0	0.0	0.1923044009439069	32.50593117053612	1.1294883891982055	91.04990083168508	4.913530634986093	468.54638070088697	475.4522133573331	2254.398217280152	247.40714905776304	2289.1556539285275	phage	51	1.6677723437652778	0	0	0
gene-T4p150	0.0	0.0505565466885664	0.3846088018878138	37.837013238033634	7.002828013028874	133.2104907307776	37.90437918417843	226.58164044503107	696.5498099833468	1249.200131636882	930.0587195647172	1145.7611295852207	phage	5.4	1.2593860543963986	0	0	0
