Geneid	Entity	Symbol	relative changes	negligible changes	Genes with too high Zero count	Outlier	Ctrl_T	0_T	2_T	5_T	10_T	20_T	30_T	classification
gene-CPT_phageK_gp066	phage	gene-CPT_phageK_gp066	0.9948209774879808	0	0	0	1.6666666666666667	1.4198458756099865	62.37736941281808	326.78575144549427	674.5219731487969	557.0590890524383	296.5119573492951	early
gene-CPT_phageK_gp079	phage	gene-CPT_phageK_gp079	1.0066677386937943	0	0	0	0.0	1.544271480358864	80.07525576823606	302.15161524982983	397.7145254434816	263.28562818096043	148.80073802132287	early
gene-CPT_phageK_gp220	phage	gene-CPT_phageK_gp220	1.051170711056636	0	0	0	1.0	3.61985945689921	224.69805532781777	1702.123627496312	3353.0954028476176	3302.5596670137325	1616.8844186696808	early
gene-CPT_phageK_gp161	phage	gene-CPT_phageK_gp161	0.9957271934321242	0	0	0	0.3333333333333333	3.427490243437289	193.14583473393236	1003.4513037829632	2387.4653629649806	2303.6422630240527	1108.7859062402667	early
gene-CPT_phageK_gp043	phage	gene-CPT_phageK_gp043	0.8534514019370223	0	0	0	0.0	8.50913291592249	210.79463086401495	305.2652394619977	394.8325193102246	266.4352170977399	205.2445988082892	early
gene-CPT_phageK_gp215	phage	gene-CPT_phageK_gp215	1.1290533488042052	0	0	0	1.0	0.6053486384036789	44.7150420386528	352.29855775688856	1017.6855319799093	1845.8430477776926	999.9359289415116	middle
gene-CPT_phageK_gp221	phage	gene-CPT_phageK_gp221	1.054935542870887	0	0	0	0.6666666666666666	2.3412185713788083	150.81672446707924	1366.2549582367767	2915.780109004358	2970.0634997797206	1468.1910468486042	middle
gene-CPT_phageK_gp187	phage	gene-CPT_phageK_gp187	1.5727783704464453	0	0	0	0.3333333333333333	0.0	0.7748104961493786	2.8442826809778183	26.876021555737932	190.32946545790784	264.51534060464553	late
gene-CPT_phageK_gp218	phage	gene-CPT_phageK_gp218	1.200429052617163	0	0	0	0.0	0.12442560474887737	29.23699254397621	283.7980525237934	1101.0585920289036	2223.169106048994	1330.5514244272172	middle
gene-CPT_phageK_gp210	phage	gene-CPT_phageK_gp210	1.0978021997799872	0	0	0	0.6666666666666666	0.6725214862710672	40.98638326773533	413.53233538375844	1469.933856710804	2463.7395563268196	2035.1001430022523	middle
gene-CPT_phageK_gp159	phage	gene-CPT_phageK_gp159	1.6908674457168285	0	0	0	0.3333333333333333	0.7908585575107905	7.647996694364945	72.15346866949895	349.0470116922893	3603.0565079391563	6884.880605747591	late
gene-CPT_phageK_gp088	phage	gene-CPT_phageK_gp088	0.9900367961178466	0	0	0	0.3333333333333333	1.267179272843192	100.92945038235406	581.6760839469467	1086.8588233999956	831.0974374906586	507.32266030295847	early
gene-CPT_phageK_gp193	phage	gene-CPT_phageK_gp193	2.007491033465116	0	0	0	0.3333333333333333	0.24885120949775477	2.6953898891943466	14.957205454177787	101.62918125922256	921.7157631627133	3669.0309675597346	late
gene-CPT_phageK_gp132	phage	gene-CPT_phageK_gp132	1.1028243313506376	0	0	0	0.6666666666666666	0.31679481821079797	42.755844486935196	469.7444641264206	1500.7582550313218	2533.9335296920303	2080.3884051494147	middle
gene-CPT_phageK_gp026	phage	gene-CPT_phageK_gp026	1.0717313913257265	0	0	0	0.0	0.0	22.236663536563707	296.7618778897778	740.273346740481	946.50811075882	562.4776668119407	middle
gene-CPT_phageK_gp014	phage	gene-CPT_phageK_gp014	0.8484054170350608	0	0	0	0.0	1.9274683855913952	54.56112536881269	74.32449213757673	95.81150174565043	61.26442216626845	56.1377609912412	early
gene-CPT_phageK_gp204	phage	gene-CPT_phageK_gp204	1.0751952578541024	0	0	0	0.6666666666666666	0.7122240969661933	81.5429472316895	675.2315911157649	1803.9124703783398	2618.7789820037688	1483.7938531486143	middle
gene-CPT_phageK_gp038	phage	gene-CPT_phageK_gp038	0.8666399544383705	0	0	0	0.6666666666666666	12.967128289723524	414.41369635847377	783.6044196895322	1059.6439844566082	837.3364462317013	633.8540895103687	early
gene-CPT_phageK_gp062	phage	gene-CPT_phageK_gp062	1.0232542943675011	0	0	0	0.0	1.6122150890719071	68.16592714802174	378.4561859886624	509.7588449846548	373.653341360038	204.30678106034097	early
gene-CPT_phageK_gp171	phage	gene-CPT_phageK_gp171	1.7147762794889565	0	0	0	0.0	0.34503581622871504	13.75223154901999	61.27119632774858	234.219745394074	1847.7863423240226	4340.688774408385	late
gene-CPT_phageK_gp211	phage	gene-CPT_phageK_gp211	1.1202764382152044	0	0	0	0.0	0.23130106331139175	20.894141348549912	261.2534921265065	1012.8609797569947	1778.5382055778912	1402.8901542492385	middle
gene-CPT_phageK_gp229	phage	gene-CPT_phageK_gp229	0.998172291002408	0	0	0	0.0	1.295420270861109	48.12149109466412	280.60563415929647	513.4905204746492	487.80420830369485	238.56460455868873	early
gene-CPT_phageK_gp114	phage	gene-CPT_phageK_gp114	2.1081098223306105	0	0	0	0.0	0.1923692134619206	1.2746885638230212	20.736854819602197	101.83025745822879	521.1681460622524	2739.327577466596	late
gene-CPT_phageK_gp231	phage	gene-CPT_phageK_gp231	1.0265551971560514	0	0	0	0.0	0.8144972372063076	42.77129541239876	330.47486450952977	797.2522213390621	877.1911903223812	481.60810676798855	middle
gene-CPT_phageK_gp120	phage	gene-CPT_phageK_gp120	1.1360220992258836	0	0	0	3.6666666666666665	5.302308190469595	332.1857787041234	4064.0945733642784	13697.119053162505	23706.88054680235	15804.413572660926	middle
gene-CPT_phageK_gp070	phage	gene-CPT_phageK_gp070	1.0619135401624042	0	0	0	0.3333333333333333	1.6335967927350152	93.18486305514678	895.0161126313919	2624.728082483581	3193.4582260941984	1726.9084232510802	middle
gene-CPT_phageK_gp207	phage	gene-CPT_phageK_gp207	1.027719601348018	0	0	0	0.0	0.4694614209775925	17.649855328695498	95.85542609770913	254.38611401182175	302.134826053841	173.17404620743832	middle
gene-CPT_phageK_gp065	phage	gene-CPT_phageK_gp065	1.042273804288952	0	0	0	1.0	1.594664942885544	118.68554250791362	918.99280404821	2307.463700085795	2365.7137319097046	1249.8532723139485	middle
gene-CPT_phageK_gp192	phage	gene-CPT_phageK_gp192	1.355308179733061	0	0	0	0.0	0.34503581622871504	19.674275609155156	123.06137847687648	707.714089747535	2157.9743750385555	1399.324756064612	middle
gene-CPT_phageK_gp042	phage	gene-CPT_phageK_gp042	0.9878987979561646	0	0	0	0.0	0.8358789408694157	47.63990814387464	47.46820668412003	72.05747741441871	38.15001577038516	27.081933600557743	early
gene-CPT_phageK_gp099	phage	gene-CPT_phageK_gp099	0.9884426970000962	0	0	0	0.0	0.8144972372063076	52.38475287678971	339.05133055554035	672.3058924824769	756.6401294240868	587.6402726792497	middle
gene-CPT_phageK_gp096	phage	gene-CPT_phageK_gp096	1.012396805360779	0	0	0	1.0	3.4045670180828704	191.03868696808365	1351.2188973848142	3208.7945798984197	3664.961004142973	2170.5071732389383	middle
gene-CPT_phageK_gp141	phage	gene-CPT_phageK_gp141	1.0542557619082285	0	0	0	0.3333333333333333	3.648100454917126	265.4977873467344	1996.1028004023356	5001.155974365892	8137.426767778819	7391.822840624193	middle
gene-CPT_phageK_gp090	phage	gene-CPT_phageK_gp090	0.9884915243374544	0	0	0	0.0	2.600760632708117	137.87047464228212	1042.5976650989612	1945.1767415366014	1567.5073653943891	1002.2838515902085	early
gene-CPT_phageK_gp163	phage	gene-CPT_phageK_gp163	0.9368827919290084	0	0	0	0.3333333333333333	2.3702303302423804	172.9576832210771	525.152337710315	816.9964814527353	593.2338197787941	341.7023399515051	early
gene-CPT_phageK_gp115	phage	gene-CPT_phageK_gp115	2.1245494019051203	0	0	0	0.0	0.9152841622596678	3.8965203648109235	42.30874204626108	223.40611505871493	1025.916228078442	5515.260311047238	late
gene-CPT_phageK_gp205	phage	gene-CPT_phageK_gp205	1.0907321100630376	0	0	0	0.3333333333333333	2.4877966406364487	131.03613989871107	1134.2010573814619	3238.702352277447	5114.388847008314	3071.1613024783496	middle
gene-CPT_phageK_gp154	phage	gene-CPT_phageK_gp154	1.0799064564406036	0	0	0	0.6666666666666666	1.7580223974838927	74.9950660069745	361.82737312906437	510.3504405711654	928.6509124522327	1354.4443532143089	late
gene-CPT_phageK_gp202	phage	gene-CPT_phageK_gp202	1.0483020215384256	0	0	0	0.3333333333333333	1.2778701246747461	104.65025815695287	747.276131831005	1916.3731938048604	2561.046502169601	1417.9816861991221	middle
gene-CPT_phageK_gp036	phage	gene-CPT_phageK_gp036	0.8707966508361292	0	0	0	0.3333333333333333	13.20297636485276	393.7474713940383	868.4897876595261	1184.4456581158286	1209.3408260463223	1013.1046535137457	middle
gene-CPT_phageK_gp203	phage	gene-CPT_phageK_gp203	1.0656237568192823	0	0	0	0.0	0.299244672024435	25.110690504816947	207.50485390939488	571.7141354823478	747.2552480385235	410.37813902877934	middle
gene-CPT_phageK_gp122	phage	gene-CPT_phageK_gp122	1.063055402331932	0	0	0	0.0	2.206102114798377	122.13843481263716	951.0998806063432	2449.099678677622	3737.1922869817304	2425.8232734094386	middle
gene-CPT_phageK_gp198	phage	gene-CPT_phageK_gp198	0.9873251197112513	0	0	0	0.0	1.651146938921378	101.18502849533274	590.5677551840934	1297.254362758257	1271.307640277673	698.5569045321719	early
gene-CPT_phageK_gp056	phage	gene-CPT_phageK_gp056	1.0427962097606445	0	0	0	0.0	0.0	23.326666789018763	129.8592065961059	220.91324101689278	146.35470341246864	77.18625282093403	early
gene-CPT_phageK_gp010	phage	gene-CPT_phageK_gp010	0.8614157378898712	0	0	0	0.0	3.517531010154539	76.80985688512662	126.60930985394445	166.2233772993989	100.22476157996289	92.40185527362206	early
gene-CPT_phageK_gp110	phage	gene-CPT_phageK_gp110	1.1119090029187546	0	0	0	0.0	0.8251880890378617	45.99235980789708	504.4731726770147	1858.381969085467	3086.967749778443	2136.261074074743	middle
gene-CPT_phageK_gp053	phage	gene-CPT_phageK_gp053	1.024581370784015	0	0	0	0.0	1.0465690613633543	58.26452645539255	272.15524854443134	430.54744500298375	280.8303948574474	140.09890135865166	early
gene-CPT_phageK_gp069	phage	gene-CPT_phageK_gp069	0.994611061012842	0	0	0	0.0	0.6335896364215959	30.05867626083646	184.586618255649	391.33019173346946	331.17857807759924	184.38843306797745	early
gene-CPT_phageK_gp195	phage	gene-CPT_phageK_gp195	1.5503189532566222	0	0	0	2.6666666666666665	4.497015589908088	133.0187659257069	948.9526018037518	2094.744878753132	4904.735056371172	13158.796527145481	late
gene-CPT_phageK_gp100	phage	gene-CPT_phageK_gp100	1.1995780195687191	0	0	0	0.0	0.2206102114798377	16.814093478382638	173.80665860884778	508.0717438717482	730.1054256618659	1111.965957916334	late
gene-CPT_phageK_gp108	phage	gene-CPT_phageK_gp108	1.0274143553837634	0	0	0	0.0	0.5305457353358267	39.697616570459694	279.99990411862353	702.3366879171044	1012.5801774691257	813.3239226533846	middle
gene-CPT_phageK_gp086	phage	gene-CPT_phageK_gp086	1.0169338582404153	0	0	0	1.0	3.0145108184955305	155.18816049865168	1309.4803414130145	2789.7182162499207	2858.4906636387454	1655.0622006941794	middle
gene-CPT_phageK_gp230	phage	gene-CPT_phageK_gp230	1.0081272203656355	0	0	0	0.3333333333333333	1.4587777254594576	112.65424668974613	677.3067239488445	1529.5408020743719	1580.7579100609616	843.8080428901038	middle
gene-CPT_phageK_gp034	phage	gene-CPT_phageK_gp034	0.894671165268263	0	0	0	0.6666666666666666	5.920604656737236	192.36922093500274	486.54353494024184	600.993822554999	553.2873458221812	472.46595043654526	early
gene-CPT_phageK_gp174	phage	gene-CPT_phageK_gp174	1.7622532284966748	0	0	0	1.0	2.2359176942606305	6.800247161728005	50.200139223433716	669.5679284734672	10769.999774637714	23055.60288371249	late
gene-CPT_phageK_gp112	phage	gene-CPT_phageK_gp112	1.0191942488326986	0	0	0	0.0	3.8114579095154753	170.2801686516636	1179.964427450341	2996.702267015304	3664.148379676293	2276.1736408023485	middle
gene-CPT_phageK_gp025	phage	gene-CPT_phageK_gp025	1.0885517531063431	0	0	0	0.0	0.1923692134619206	10.634658366363835	167.15800352353884	488.8703887509	696.0165544488922	438.11634937816734	middle
gene-CPT_phageK_gp208	phage	gene-CPT_phageK_gp208	1.045041036018144	0	0	0	1.6666666666666667	1.544271480358864	107.94340924124795	850.1296127794222	2183.256672666073	2895.3189267627317	1691.0044991753566	middle
gene-CPT_phageK_gp078	phage	gene-CPT_phageK_gp078	0.9912043901804932	0	0	0	0.3333333333333333	1.1992356641301487	103.88231162085822	449.2118882116063	659.9470471977681	471.0907904035244	265.27681179698266	early
gene-CPT_phageK_gp166	phage	gene-CPT_phageK_gp166	2.0296573903499207	0	0	0	2.0	2.8672503546498174	15.671707527200374	198.04989610284838	762.5193225391531	11078.336379272188	45754.75860781015	late
gene-CPT_phageK_gp006	phage	gene-CPT_phageK_gp006	1.0564318133185917	0	0	0	0.3333333333333333	0.6618306344395131	34.042249876762035	255.22762888484294	404.08976662647063	265.89098194784873	136.68276123703922	early
gene-CPT_phageK_gt004	phage	tRNA-Asp	1.2685159309676837	0	0	0	0.0	0.0	3.375062841938496	31.625663095863317	161.21229309117862	435.70622307879785	353.2082296491946	middle
gene-CPT_phageK_gp087	phage	gene-CPT_phageK_gp087	1.0037268463645452	0	0	0	0.3333333333333333	1.8496046858924526	131.73679102613704	941.9785408121064	1612.2042141384754	1460.096857900423	817.1231451861742	early
gene-CPT_phageK_gp225	phage	gene-CPT_phageK_gp225	1.0928696797113326	0	0	0	0.3333333333333333	1.8152751543653818	92.13906773680685	1006.3271124341246	3069.279798116899	4755.333468996895	2661.501370111589	middle
gene-CPT_phageK_gp061	phage	gene-CPT_phageK_gp061	1.027767726815364	0	0	0	0.0	0.41297942494175827	34.619283964354786	231.57352185700952	351.25484556564714	278.94670995628843	137.5808621173304	early
gene-CPT_phageK_gp121	phage	gene-CPT_phageK_gp121	1.0647856172315413	0	0	0	0.0	2.3740618877191255	151.58132413863504	1275.3485746940937	3307.07192481663	4472.850787900327	2614.2585468814673	middle
gene-CPT_phageK_gp180	phage	gene-CPT_phageK_gp180	1.4028647001928014	0	0	0	0.3333333333333333	0.7297742431525563	26.62940964618858	174.99161524912859	987.7661164070895	3807.0239676116385	4136.431307870894	late
gene-CPT_phageK_gp067	phage	gene-CPT_phageK_gp067	1.0280617324108057	0	0	0	0.3333333333333333	1.3565045852193434	71.77410021887488	460.482104157513	1230.8158572754867	1363.829714937082	703.8557202265205	middle
gene-CPT_phageK_gp052	phage	gene-CPT_phageK_gp052	1.0115936926002995	0	0	0	0.0	0.5656460277085528	31.747831810375775	162.11745801529833	307.64461067603315	221.96453819658373	105.25780307034482	early
gene-CPT_phageK_gp167	phage	gene-CPT_phageK_gp167	1.9318454695382403	0	0	0	0.3333333333333333	0.0961846067309603	2.437281178193121	20.13531926135415	72.7841992181352	1028.258078775122	3495.6233807725807	late
gene-CPT_phageK_gp037	phage	gene-CPT_phageK_gp037	0.85147463231174	0	0	0	0.3333333333333333	5.960251960927807	183.66347785991888	344.9125514479584	386.5381818274579	327.80006488892536	318.7902139278576	early
gene-CPT_phageK_gp191	phage	gene-CPT_phageK_gp191	0.951315392945396	0	0	0	0.0	2.1603109705940966	83.06596365391884	257.60971651573146	390.13415042478465	274.77398898786487	146.63259245407588	early
gene-CPT_phageK_gp176	phage	gene-CPT_phageK_gp176	1.6182985305711597	0	0	0	1.0	0.6732922471167221	16.84037428015867	120.73759128507707	563.5490931987175	4585.76753921566	7988.280954698151	late
gene-CPT_phageK_gp196	phage	gene-CPT_phageK_gp196	1.047189724265382	0	0	0	1.0	1.5549623321904178	86.03904986558337	618.8881712048468	1663.3291472870933	2163.633391322243	1204.2375962291483	middle
gene-CPT_phageK_gp201	phage	gene-CPT_phageK_gp201	1.0134740994605795	0	0	0	0.0	1.0633484467040624	68.62048369182033	430.1438341242374	1017.701374374937	1278.2944307977848	708.0512016980219	middle
gene-CPT_phageK_gp136	phage	gene-CPT_phageK_gp136	1.0973323489291622	0	0	0	0.3333333333333333	0.9786254526503111	72.18461959830599	758.1365953574565	2328.2877741355956	2954.7715239193044	1629.9311232255802	middle
gene-CPT_phageK_gp213	phage	gene-CPT_phageK_gp213	1.0176353463261154	0	0	0	1.3333333333333333	5.6503717435763745	315.12508539040635	2036.3283123780056	4439.939457669842	4855.687583204491	2555.4338463102536	middle
gene-CPT_phageK_gp059	phage	gene-CPT_phageK_gp059	1.0716374683581416	0	0	0	0.0	0.9221434566144767	80.38006693020048	389.25480964894587	455.77820571126585	278.23930622588114	139.12829057813673	early
gene-CPT_phageK_gp049	phage	gene-CPT_phageK_gp049	1.0436422045118627	0	0	0	0.0	0.5656460277085528	48.97838411820455	326.3959217575554	487.0575242072883	331.9963075494797	172.49362206869282	early
gene-CPT_phageK_gp129	phage	gene-CPT_phageK_gp129	1.225366053117156	0	0	0	0.0	0.4236702767733123	7.079935327928015	213.57134214175323	1138.7084945200334	2476.5239915584716	2165.0821338381256	middle
gene-CPT_phageK_gp005	phage	gene-CPT_phageK_gp005	1.0519967648582669	0	0	0	0.0	1.1923763697753398	43.04187616886977	314.6699707363851	496.1967207014912	329.7697070171949	163.52645931572343	early
gene-CPT_phageK_gp080	phage	gene-CPT_phageK_gp080	1.10161262032966	0	0	0	0.0	1.7366406938207846	82.81376848665349	970.7060744466379	3136.9981258994862	4266.283150537325	2195.623082620075	middle
gene-CPT_phageK_gp039	phage	gene-CPT_phageK_gp039	0.902611193151066	0	0	0	0.0	2.4434917116189228	115.5688475792274	182.25855426399121	245.1003635970164	141.8071291816897	119.85376086806245	early
gene-CPT_phageK_gp048	phage	gene-CPT_phageK_gp048	1.0526746956138238	0	0	0	0.0	0.4412204229596754	32.5467523597465	248.98386196698925	384.04778796065875	281.276139670428	137.82366492960426	early
gene-CPT_phageK_gp148	phage	gene-CPT_phageK_gp148	1.16470322671365	0	0	0	2.6666666666666665	5.6412554731891555	277.21819088322945	4208.943921140855	14407.124154393881	28375.308238954556	32080.193873977183	late
gene-CPT_phageK_gp147	phage	gene-CPT_phageK_gp147	1.1610953483798163	0	0	0	0.0	0.12442560474887737	2.920200839819072	78.81495802191189	333.7269811734445	578.3708735226982	667.265771447272	late
gene-CPT_phageK_gp184	phage	gene-CPT_phageK_gp184	1.6148644599603317	0	0	0	0.3333333333333333	0.0961846067309603	3.7790496259148454	18.883331723390995	139.0582456452096	1215.1877638612827	1913.3655275943638	late
gene-CPT_phageK_gp041	phage	gene-CPT_phageK_gp041	1.0119638323880262	0	0	0	0.0	0.7580152411704734	28.262315188141667	117.91210956285107	313.21715849431166	358.3721545840064	209.80145971311936	middle
gene-CPT_phageK_gp175	phage	gene-CPT_phageK_gp175	1.7327339555512655	0	0	0	1.0	1.3603361426960883	5.643513699946762	28.25575314091638	425.9543805359796	6240.301688049848	12194.61608697353	late
gene-CPT_phageK_gp020	phage	gene-CPT_phageK_gp020	0.8891764303901175	0	0	0	0.0	8.374787220187713	203.373599598675	494.6408348071048	597.1996379412058	545.5407713700516	475.8100777156831	early
gene-CPT_phageK_gp091	phage	gene-CPT_phageK_gp091	0.9909831997307688	0	0	0	0.6666666666666666	1.5160304823409467	139.6074721388237	893.5499506785623	1500.1233703029502	1233.1397800785796	775.0990498182595	early
gene-CPT_phageK_gp133	phage	gene-CPT_phageK_gp133	1.1135670204848116	0	0	0	0.6666666666666666	1.6908495496165044	104.68449873734163	1157.1181234947708	3656.8069319523115	6488.018309879098	4838.557155916163	middle
gene-CPT_phageK_gp138	phage	gene-CPT_phageK_gp138	1.0630124987032812	0	0	0	0.3333333333333333	3.6763414529350436	220.86391350032827	1994.8063462341113	4801.194614965524	5414.794078904994	3145.9687702528267	middle
gene-CPT_phageK_gp023	phage	gene-CPT_phageK_gp023	1.180987019818846	0	0	0	0.0	0.24885120949775477	6.294644630038686	153.08085599432874	621.0888349760668	1090.5526926183777	676.817316943009	middle
gene-CPT_phageK_gp156	phage	gene-CPT_phageK_gp156	1.028288612068354	0	0	0	0.0	1.5481030378356089	55.04085116444551	433.9192379080598	976.697285277242	1443.3141963837	1441.5299792635853	middle
gene-CPT_phageK_gp219	phage	gene-CPT_phageK_gp219	1.0058239323850224	0	0	0	0.0	2.3977005674146423	140.1953721839034	813.4446115730474	1420.3428271243968	1194.8550896839681	652.1518010568021	early
gene-CPT_phageK_gp064	phage	gene-CPT_phageK_gp064	1.0691472083535565	0	0	0	1.0	5.104621204344175	259.2008011983934	2483.7913673076346	7076.098894346003	8858.799814261905	4910.594254070755	middle
gene-CPT_phageK_gp075	phage	gene-CPT_phageK_gp075	1.026194466218724	0	0	0	1.0	0.7297742431525563	52.42603632205808	354.52804480260505	575.4875899052296	423.03151095198905	240.1273721212887	early
gene-CPT_phageK_gp021	phage	gene-CPT_phageK_gp021	0.8506560249655294	0	0	0	0.6666666666666666	9.686216115543877	253.0540782976179	548.9181282328078	753.221075804573	655.4549745434923	448.23245360333664	early
gene-CPT_phageK_gp017	phage	gene-CPT_phageK_gp017	0.8513217686124438	0	0	0	0.0	7.2037925540754815	178.4658534409357	335.8738637860991	401.9144426439325	334.6659383570843	330.6675411014227	early
gene-CPT_phageK_gp107	phage	gene-CPT_phageK_gp107	1.0427509678795082	0	0	0	0.0	1.306111122692663	57.7152003527338	528.8604627692604	1391.363108065968	2009.2520800321288	1641.0080302914982	middle
gene-CPT_phageK_gp011	phage	gene-CPT_phageK_gp011	0.8634866196097287	0	0	0	1.0	6.676307615370746	216.93691921677078	315.5230369284766	416.432350261817	282.2226940946739	201.6354288968988	early
gene-CPT_phageK_gp164	phage	gene-CPT_phageK_gp164	0.8615645133616806	0	0	0	0.0	0.1923692134619206	17.761062849283174	42.3508105978679	57.99294385054325	54.30089755434202	37.85954816720321	early
gene-CPT_phageK_gp165	phage	gene-CPT_phageK_gp165	2.055730759813103	0	0	0	1.0	0.20306006529347465	2.773569026551884	47.89263505190305	202.77130497225446	2887.649032723138	12467.265787684626	late
gene-CPT_phageK_gp157	phage	gene-CPT_phageK_gp157	0.9748883639445792	0	0	0	0.3333333333333333	3.341225727692228	248.20638175337024	1230.1146606933173	1997.3356109285012	2817.4791359909964	3311.976414296754	late
gene-CPT_phageK_gp002	phage	gene-CPT_phageK_gp002	1.0136245871936824	0	0	0	0.0	0.5771076403857618	31.074771750512543	156.22983284214578	305.05500144159635	226.39591992710635	110.64032767571746	early
gene-CPT_phageK_gp188	phage	gene-CPT_phageK_gp188	2.0528283323977967	0	0	0	0.0	0.0961846067309603	0.23591020408355845	0.6989327384749444	2.819427284560838	174.96556854503464	674.5408467676851	late
gene-CPT_phageK_gp206	phage	gene-CPT_phageK_gp206	1.1080137368759857	0	0	0	0.3333333333333333	1.8366568580284899	110.83535574553373	1185.7309651630728	3894.1969160893364	6399.013200644632	4020.757860855773	middle
gene-CPT_phageK_gp151	phage	gene-CPT_phageK_gp151	1.014072948711556	0	0	0	0.3333333333333333	1.548873798681264	87.35053551409685	667.1466523109033	1294.7316477613833	1762.8630274490888	2230.579873719545	late
gene-CPT_phageK_gp004	phage	gene-CPT_phageK_gp004	1.0380890398642106	0	0	0	0.3333333333333333	0.938922841955185	63.14508265294083	383.3719052948397	582.323696559323	388.57526876261926	204.0517011702996	early
gene-CPT_phageK_gp113	phage	gene-CPT_phageK_gp113	1.0149606108846123	0	0	0	0.3333333333333333	2.3870097155830883	104.14500529983603	605.3457594504357	1558.101438233339	1774.8675290258282	1004.8341569114009	middle
gene-CPT_phageK_gp102	phage	gene-CPT_phageK_gp102	1.0013749442752289	0	0	0	0.6666666666666666	2.7190977039478406	195.71134640480318	1334.8442699128764	3259.3474229197477	4029.6592040025475	2734.062085421565	middle
gene-CPT_phageK_gp024	phage	gene-CPT_phageK_gp024	1.1690832024245084	0	0	0	0.0	0.0	7.596637113076167	150.64168423855867	537.3223990959822	968.35557434329	611.1935947331201	middle
gene-CPT_phageK_gp060	phage	gene-CPT_phageK_gp060	1.0875856546511902	0	0	0	0.0	1.1312920554171055	59.581467190775356	239.8635832024761	274.8382651281864	152.83908585016272	82.68658781281273	early
gene-CPT_phageK_gp085	phage	gene-CPT_phageK_gp085	1.0351557163854217	0	0	0	0.0	0.2885538201928809	39.76345835092063	380.7121419256832	972.7064820179565	1073.9295683502785	587.6684414936561	middle
gene-CPT_phageK_gp128	phage	gene-CPT_phageK_gp128	1.261150982089037	0	0	0	0.0	0.10687545856251436	9.202373424387975	252.06578322016117	1398.7794365769823	3497.4230352042664	3161.2646177242264	middle
gene-CPT_phageK_gp155	phage	gene-CPT_phageK_gp155	1.0972758066130484	0	0	0	1.0	1.209926515961703	78.14525591083465	1049.2096672907267	2902.5874424448975	4829.51961627619	4864.971289735358	late
gene-CPT_phageK_gp123	phage	gene-CPT_phageK_gp123	1.110407640103834	0	0	0	1.6666666666666667	0.8541998479014338	51.152469483072196	683.4773779064911	2276.7345271300605	3098.904603237336	1691.7810163712682	middle
gene-CPT_phageK_gp012	phage	gene-CPT_phageK_gp012	0.9840949425558828	0	0	0	0.0	1.1312920554171055	43.484175653197916	45.53891724026632	76.22519138212849	38.251405055915804	26.399721532802264	early
gene-CPT_phageK_gp050	phage	gene-CPT_phageK_gp050	1.0263770539756705	0	0	0	0.3333333333333333	0.5374050296906357	66.42438889975521	394.66936891475433	575.9194514150328	388.64032667964574	205.80069371211889	early
gene-CPT_phageK_gp172	phage	gene-CPT_phageK_gp172	1.7407257363741344	0	0	0	0.3333333333333333	0.2206102114798377	4.414460253396842	11.947186210851735	43.216334047619114	391.5925302237527	925.4230188583147	late
gene-CPT_phageK_gp137	phage	gene-CPT_phageK_gp137	1.071835162545678	0	0	0	0.0	1.594664942885544	68.41231755384526	597.997707901868	1598.5836788058702	1844.524244982038	1048.994224016775	middle
gene-CPT_phageK_gp233	phage	gene-CPT_phageK_gp233	1.0635404457537394	0	0	0	0.0	0.7404650949841104	49.00845193141345	422.656861389736	1208.1583272837854	1495.2627331326366	780.0186173335322	middle
gene-CPT_phageK_gp146	phage	gene-CPT_phageK_gp146	1.2067369738929956	0	0	0	0.3333333333333333	0.7511559468156644	20.05404613620487	706.8878883994427	3337.9634494351617	6646.316404555357	7781.170263451182	late
gene-CPT_phageK_gp209	phage	gene-CPT_phageK_gp209	1.0888704913932967	0	0	0	0.0	1.306111122692663	72.80245276802141	741.1106066655144	2130.2156056703484	3161.2046948005336	1880.0400597175549	middle
gene-CPT_phageK_gp168	phage	gene-CPT_phageK_gp168	1.88042672873778	0	0	0	0.3333333333333333	0.30993552385598905	8.703733460152103	66.55349406949186	226.25513071899232	3247.3706906295233	9725.134941478633	late
gene-CPT_phageK_gp134	phage	gene-CPT_phageK_gp134	1.1100796375882918	0	0	0	1.0	1.9679417571321762	126.64510812059245	1255.893742054054	3622.98239336786	6428.300910059636	4514.092878856323	middle
gene-CPT_phageK_gp232	phage	gene-CPT_phageK_gp232	1.0406560871715935	0	0	0	0.0	0.5656460277085528	28.361320040405925	234.09317092667038	605.8959214907718	667.9359514933367	355.8018003052207	middle
gene-CPT_phageK_gp008	phage	gene-CPT_phageK_gp008	1.0633583839666818	0	0	0	0.0	0.5374050296906357	30.340141284766958	268.33787523939696	478.7273454806998	346.6400727329635	161.80021908631755	early
gene-CPT_phageK_gp183	phage	gene-CPT_phageK_gp183	1.6609302272458448	0	0	0	1.0	0.6618306344395131	17.941880851792106	110.55632746989333	568.9456315880392	5574.111453571783	9896.361869084994	late
gene-CPT_phageK_gp227	phage	gene-CPT_phageK_gp227	1.8867893311550343	0	0	0	0.6666666666666666	1.6878218127384406	4.2501162937898975	18.108116153450112	60.47912742313391	223.8898369310449	874.330022064532	late
gene-CPT_phageK_gp222	phage	gene-CPT_phageK_gp222	1.0692352002347645	0	0	0	0.0	0.31679481821079797	40.44052040821607	429.79756968033604	1033.3265190561654	1211.6760585709133	602.839671991156	middle
gene-CPT_phageK_gp057	phage	gene-CPT_phageK_gp057	1.0303116732924484	0	0	0	0.0	0.5198548835042726	35.78560919901073	191.23878134084632	278.42606674527076	184.2107238380485	100.92172437301019	early
gene-CPT_phageK_gp214	phage	gene-CPT_phageK_gp214	1.0536253071931454	0	0	0	0.3333333333333333	0.6618306344395131	26.722285968717614	279.685939808722	666.3749319215232	856.1496914290292	461.4591311508612	middle
gene-CPT_phageK_gt002	phage	tRNA-Trp	1.310718625723437	0	0	0	0.0	0.41297942494175827	7.950502419201506	61.1326925952435	326.5075250352477	976.8308153022248	941.8564850209494	middle
gene-CPT_phageK_gp185	phage	gene-CPT_phageK_gp185	1.5978803229542131	0	0	0	0.3333333333333333	0.0961846067309603	2.7630888248119336	14.067227322168733	112.74673176060865	903.2733571924397	1399.0688175291327	late
gene-CPT_phageK_gp092	phage	gene-CPT_phageK_gp092	0.9949839371898692	0	0	0	0.0	1.3519022668969434	66.14808367926854	370.86495835127585	576.777312138477	430.2194703495734	284.08065278399755	early
gene-CPT_phageK_gp054	phage	gene-CPT_phageK_gp054	1.0357269184011813	0	0	0	1.0	0.24885120949775477	52.469275529881806	417.68090629669706	700.6482728480904	513.0252522779872	270.171625042853	early
gene-CPT_phageK_gp116	phage	gene-CPT_phageK_gp116	2.070736434596271	0	0	0	1.0	1.2923925339830453	3.436283573248341	48.4305949533176	231.67730000745868	1067.3170126838615	5286.727301906889	late
gene-CPT_phageK_gp127	phage	gene-CPT_phageK_gp127	1.3599375990238305	0	0	0	0.0	0.31679481821079797	32.75393146145762	139.03014592923233	396.7408181407959	1515.508155034783	1605.4205842462216	late
gene-CPT_phageK_gp013	phage	gene-CPT_phageK_gp013	1.010624604594427	0	0	0	0.0	0.3732768142466322	30.771781662530287	112.75526189387007	312.46002412380307	355.58216755317244	213.3641225855697	middle
gene-CPT_phageK_gp104	phage	gene-CPT_phageK_gp104	1.1353315019576018	0	0	0	0.3333333333333333	0.8755815515645419	23.084278380627463	269.4786973927773	884.1358652933604	1637.241679797108	1727.9852198442368	late
gene-CPT_phageK_gp125	phage	gene-CPT_phageK_gp125	1.055592177159607	0	0	0	4.0	9.670262797553379	566.4761140670346	5642.874913243316	14420.073436680968	17837.808569825454	10337.429509224756	middle
gene-CPT_phageK_gp178	phage	gene-CPT_phageK_gp178	1.6365520113886516	0	0	0	0.0	0.0	1.9374031105194789	5.770298401245944	28.303472727189956	213.41216844145	409.38662757066186	late
gene-CPT_phageK_gp139	phage	gene-CPT_phageK_gp139	1.0135508387412504	0	0	0	0.3333333333333333	1.1877740514529398	60.725378932514296	455.06643259925886	938.7540633031409	968.2578171461558	604.0139517922286	middle
gene-CPT_phageK_gp117	phage	gene-CPT_phageK_gp117	1.232632141728243	0	0	0	0.0	0.587027731371661	23.9196905563678	476.832926350859	2219.7255177162865	5151.256562967613	3968.746780740099	middle
gene-CPT_phageK_gp084	phage	gene-CPT_phageK_gp084	1.0136297388818174	0	0	0	1.0	2.839691751219973	145.78667395487062	945.7770007801464	1714.3334983035793	1570.0037052220666	875.8478889220993	early
gene-CPT_phageK_gp073	phage	gene-CPT_phageK_gp073	1.0220997620320762	0	0	0	0.0	0.4694614209775925	38.46431005930375	268.8625223047588	528.8537275438372	484.185405436509	269.8485896033012	early
gene-CPT_phageK_gp022	phage	gene-CPT_phageK_gp022	1.2108784783171564	0	0	0	0.0	0.0	6.282926324860969	182.04894538368703	734.2592492493617	1453.744243944322	904.6804751241908	middle
gene-CPT_phageK_gp199	phage	gene-CPT_phageK_gp199	1.0380462835294346	0	0	0	0.0	1.4595484863051127	86.66610682362841	431.355032409118	893.6920157369283	1557.826629424252	1173.5028127828261	middle
gene-CPT_phageK_gp212	phage	gene-CPT_phageK_gp212	1.1246115488588335	0	0	0	0.3333333333333333	0.4801522728091466	19.326808209911402	277.4736663554124	1049.8436540608932	1918.4146984609297	1546.8794244330045	middle
gene-CPT_phageK_gp162	phage	gene-CPT_phageK_gp162	0.9491183021881464	0	0	0	0.6666666666666666	0.9786254526503111	61.65361303963664	206.58022433850218	374.68952452774164	289.98917466443714	158.33622663084768	early
gene-CPT_phageK_gp216	phage	gene-CPT_phageK_gp216	1.1815112801135716	0	0	0	1.0	2.470246494450086	113.54155720106799	886.3727659808161	2934.875323288946	6126.1397733826925	3362.512345858649	middle
gene-CPT_phageK_gt003	phage	tRNA-Phe	1.25155472007814	0	0	0	0.0	0.0	3.829924844057922	34.30766445534177	177.27770797290339	432.74824133320186	380.591273375757	middle
gene-CPT_phageK_gp097	phage	gene-CPT_phageK_gp097	1.0077504805137711	0	0	0	0.3333333333333333	2.0931381227267085	98.06367847613906	654.7749599037869	1380.6300814311091	1514.1129522783883	895.3283032185286	middle
gene-CPT_phageK_gp035	phage	gene-CPT_phageK_gp035	0.8744184237575761	0	0	0	0.6666666666666666	5.8190469708382215	191.0039797957511	419.5950911196149	469.472866412462	459.70118239529023	420.08671027708243	early
gene-CPT_phageK_gp124	phage	gene-CPT_phageK_gp124	1.006278318215474	0	0	0	0.0	1.8717571504012158	96.78731166198425	841.2514790048776	1946.5053520373792	2291.3811216222116	1437.8724472904757	middle
gene-CPT_phageK_gp076	phage	gene-CPT_phageK_gp076	1.017260348226408	0	0	0	0.0	1.6122150890719071	99.60951245700494	597.2764479954741	898.297526188655	661.7537197779914	381.37505309297535	early
gene-CPT_phageK_gp224	phage	gene-CPT_phageK_gp224	1.0616648659097907	0	0	0	0.3333333333333333	1.7580223974838927	115.75754506292289	1047.3932706656406	2786.0689228806746	4001.095680347658	2262.744582850684	middle
gene-CPT_phageK_gp119	phage	gene-CPT_phageK_gp119	1.1854479543490213	0	0	0	2.0	1.7473315456523384	97.77580794902038	1472.573273286859	5669.384893843128	11764.50087723884	8847.245566777183	middle
gene-CPT_phageK_gp009	phage	gene-CPT_phageK_gp009	0.9602068568221752	0	0	0	0.0	4.218293494443523	134.61261112227518	142.9282178095929	237.2835283552889	120.66187457355154	72.54008725128197	early
gene-CPT_phageK_gp189	phage	gene-CPT_phageK_gp189	2.079310352560096	0	0	0	0.3333333333333333	0.0	0.21895179803586648	1.0242346230497008	5.721731322894229	264.93481946713035	1047.3252559754312	late
gene-CPT_phageK_gp143	phage	gene-CPT_phageK_gp143	1.120904558396799	0	0	0	0.6666666666666666	3.1106954252264907	187.70743816943607	1386.6321352497127	3655.8960569778696	7087.914448149495	7211.167917147211	late
gene-CPT_phageK_gp150	phage	gene-CPT_phageK_gp150	1.0011978618393145	0	0	0	1.3333333333333333	4.128252727726273	281.70433877742136	2197.539591179581	5471.444581288967	6995.2109756233085	7375.697902359904	late
gene-CPT_phageK_gt001	phage	tRNA-Met	1.0423304250828251	0	0	0	0.0	0.5656460277085528	21.692253766481542	129.93623702562857	310.3323174651919	494.22784366176757	417.49686428978526	middle
gene-CPT_phageK_gp186	phage	gene-CPT_phageK_gp186	1.5819454647132416	0	0	0	0.0	0.0	2.054739160842375	12.89358855096522	104.52322353930303	800.777715872675	1194.2069702073743	late
gene-CPT_phageK_gp045	phage	gene-CPT_phageK_gp045	0.9638782660633118	0	0	0	0.6666666666666666	4.744236911456951	141.84352993547512	138.37053618469744	242.26365730093187	116.21064175332747	75.0554287666978	early
gene-CPT_phageK_gp029	phage	gene-CPT_phageK_gp029	1.0161175953773098	0	0	0	0.3333333333333333	0.6045778775580241	34.86505531845941	285.20839406114237	594.2491888484509	703.1106800153925	411.15598108582066	middle
gene-CPT_phageK_gp131	phage	gene-CPT_phageK_gp131	1.1285701999416915	0	0	0	0.6666666666666666	1.996182755150093	139.07219826333844	1829.4538530128157	6642.045947009916	11388.976106976399	9639.235148034848	middle
gene-CPT_phageK_gp093	phage	gene-CPT_phageK_gp093	1.0089140370800291	0	0	0	0.0	0.8648906997329878	44.84450045987296	329.36669733174034	501.6634500926786	372.4359411364275	242.35247721235064	early
gene-CPT_phageK_gp217	phage	gene-CPT_phageK_gp217	1.164710270825885	0	0	0	0.0	0.45191127479122944	42.84348070859426	361.6214225417657	1324.6094544672926	2520.772546124019	1521.448019053784	middle
gene-CPT_phageK_gp063	phage	gene-CPT_phageK_gp063	1.0439830674631911	0	0	0	0.0	0.9786254526503111	30.361935725965083	128.00303846894005	177.0055580823955	103.4955467264427	57.82239953282444	early
gene-CPT_phageK_gp046	phage	gene-CPT_phageK_gp046	1.073958180422234	0	0	0	0.3333333333333333	0.7297742431525563	30.55833934251076	257.24161818708916	490.02461018912896	345.89166326121875	157.7928618744619	early
gene-CPT_phageK_gp152	phage	gene-CPT_phageK_gp152	1.0076077700678887	0	0	0	0.3333333333333333	1.6229059409034612	76.82273299631595	463.9770418703626	781.9857960633253	1067.2715001340332	1468.4835469490654	late
gene-CPT_phageK_gp170	phage	gene-CPT_phageK_gp170	1.7134061204557869	0	0	0	0.0	0.34503581622871504	11.079040166743312	55.938620921059716	200.23477868961126	1522.6987953309902	3536.466477429182	late
gene-CPT_phageK_gp071	phage	gene-CPT_phageK_gp071	1.0317123717622392	0	0	0	0.3333333333333333	1.23816751397962	90.21746522632344	705.6559932192296	1717.0037763147714	1844.6937375057794	1040.6244853700402	middle
gene-CPT_phageK_gp109	phage	gene-CPT_phageK_gp109	1.1362971324391062	0	0	0	0.0	1.1534445199258687	51.794223626288755	542.6754833302621	2029.4614181186046	3726.6121222220227	2563.537895024159	middle
gene-CPT_phageK_gp047	phage	gene-CPT_phageK_gp047	1.051236983313667	0	0	0	0.3333333333333333	0.2885538201928809	30.41170752924357	275.68554388429703	455.11330533691336	338.4846159311549	171.00966020296846	early
gene-CPT_phageK_gp095	phage	gene-CPT_phageK_gp095	1.0748548190136784	0	0	0	0.0	0.9893163044818651	63.92140062967434	505.69799149328946	1490.0780018466992	2207.87046425403	1257.5548340047587	middle
gene-CPT_phageK_gp179	phage	gene-CPT_phageK_gp179	1.4214980446002543	0	0	0	1.0	1.3778862888824515	42.185521899622074	421.99863109795825	2564.4711842290412	10687.617054648668	12561.3548691852	late
gene-CPT_phageK_gp106	phage	gene-CPT_phageK_gp106	1.030297109253097	0	0	0	0.0	0.9328343084460308	47.00023631670942	337.41033189601325	883.1811811769858	1235.5950364850532	966.9169134971753	middle
gene-CPT_phageK_gp181	phage	gene-CPT_phageK_gp181	1.3708419633109377	0	0	0	0.0	0.0	6.749371943584929	29.131403678504494	194.73532196446718	659.8885635148581	675.2952551854479	late
gene-CPT_phageK_gp145	phage	gene-CPT_phageK_gp145	1.2593239976620485	0	0	0	0.0	0.0	3.6599911090084816	127.71998349116593	773.3250190932354	1799.019869158811	2150.964770141504	late
gene-CPT_phageK_gp031	phage	gene-CPT_phageK_gp031	1.3855284759427973	0	0	0	0.0	0.6839830989482761	10.819828040877496	94.50898849302523	421.04248935239804	1320.6801145297886	1838.5095197144317	late
gene-CPT_phageK_gp160	phage	gene-CPT_phageK_gp160	1.661265018354201	0	0	0	0.0	0.12442560474887737	8.731791119658627	46.660184349153894	248.21486668957536	2234.937018682781	4043.076182483683	late
gene-CPT_phageK_gp144	phage	gene-CPT_phageK_gp144	1.2150511980737095	0	0	0	1.0	1.58397409105399	94.80887617337021	620.3077241409496	2831.839991517671	6357.237818039631	7357.548911995832	late
gene-CPT_phageK_gp197	phage	gene-CPT_phageK_gp197	1.0672832618651522	0	0	0	0.0	3.41602863076008	231.69248910146698	1901.9607894590902	5232.4320445689655	7545.5633561024615	4343.547676073973	middle
gene-CPT_phageK_gp135	phage	gene-CPT_phageK_gp135	1.067724678290176	0	0	0	0.3333333333333333	1.6229059409034612	79.02800736045903	631.448370988939	1714.447782229173	2666.8163146334623	1874.0319562937718	middle
gene-CPT_phageK_gp223	phage	gene-CPT_phageK_gp223	1.067013728927734	0	0	0	0.0	0.12442560474887737	31.624556310037864	303.46534511988335	767.8387675725713	941.624973122121	477.14458952412593	middle
gene-CPT_phageK_gp228	phage	gene-CPT_phageK_gp228	0.9779363391188872	0	0	0	0.3333333333333333	1.5160304823409467	66.7898378224851	358.073638092701	629.4083257289723	610.9271999759285	330.4568941801477	early
gene-CPT_phageK_gp111	phage	gene-CPT_phageK_gp111	1.0509386008870183	0	0	0	1.3333333333333333	5.846572514515039	277.5267315481204	2237.8904064299454	6789.723643215227	9523.31175973579	6561.102088796025	middle
gene-CPT_phageK_gp068	phage	gene-CPT_phageK_gp068	0.996271722808012	0	0	0	0.3333333333333333	1.23816751397962	72.69705000887558	420.3121662664461	922.8628178639977	869.7233794702564	476.50365303963355	early
gene-CPT_phageK_gp001	phage	gene-CPT_phageK_gp001	1.029502671795811	0	0	0	0.0	1.1427536680943147	60.72661703595205	257.5473271122965	442.17213646565375	277.9690499405049	140.52801346874776	early
gene-CPT_phageK_gp177	phage	gene-CPT_phageK_gp177	1.5746972585365864	0	0	0	0.0	0.299244672024435	6.620182899511135	24.872254833124543	124.59263668729598	819.6285075428781	1298.4287513011689	late
gene-CPT_phageK_gp055	phage	gene-CPT_phageK_gp055	1.0304561746604528	0	0	0	0.0	0.5480958815221898	48.43776135955526	331.4640829993068	566.6441522648173	409.05560345435396	228.90963398416616	early
gene-CPT_phageK_gp190	phage	gene-CPT_phageK_gp190	2.096515680896265	0	0	0	0.0	0.0	0.0	0.3292736092470567	4.486830667372786	164.53864492941975	695.576884771909	late
gene-CPT_phageK_gp007	phage	gene-CPT_phageK_gp007	1.0666214283799096	0	0	0	0.3333333333333333	0.2206102114798377	33.38850805122139	276.35445682533776	474.31468188633403	344.39853878959815	168.61973697116846	early
gene-CPT_phageK_gp153	phage	gene-CPT_phageK_gp153	1.0416744083002676	0	0	0	0.0	0.8366497017150708	47.0018240947197	247.04691294706376	411.1761223414283	647.991945575378	897.1813147880383	late
gene-CPT_phageK_gp077	phage	gene-CPT_phageK_gp077	1.017237455652094	0	0	0	0.0	1.227476662148066	53.10130321165048	259.2514278510752	363.07364217249005	262.16802036514076	143.66438410203727	early
gene-CPT_phageK_gp098	phage	gene-CPT_phageK_gp098	1.0035050867245534	0	0	0	0.0	0.5374050296906357	76.01903080294183	557.3634213441384	1188.6551250631	1436.0562590219442	1025.2425701339434	middle
gene-CPT_phageK_gp142	phage	gene-CPT_phageK_gp142	1.1327059563277573	0	0	0	0.6666666666666666	1.900768909264788	129.5504226955198	978.8237889618132	2945.892263763131	5573.126154037312	5751.598106271671	late
gene-CPT_phageK_gp033	phage	gene-CPT_phageK_gp033	0.8598964716462509	0	0	0	0.6666666666666666	6.972491490764091	254.87468411210725	536.5350902670167	759.1384891189928	639.9475092049279	441.51037602852284	early
gene-CPT_phageK_gp173	phage	gene-CPT_phageK_gp173	1.902197657798116	0	0	0	2.0	4.0069762858660685	13.513226086342017	86.87527984197021	1054.8494100523144	28117.108106243522	79750.10185046039	late
gene-CPT_phageK_gp028	phage	gene-CPT_phageK_gp028	1.0393352941899376	0	0	0	0.6666666666666666	0.41297942494175827	55.15942531820618	485.3970791025408	1107.4313819480874	1416.4100890173297	854.0402699424527	middle
gene-CPT_phageK_gp019	phage	gene-CPT_phageK_gp019	0.8794579977237366	0	0	0	0.3333333333333333	6.796901662642878	187.76649574849782	425.00925762895764	486.9220578865566	471.1039524593768	428.31832306351345	early
gene-CPT_phageK_gp082	phage	gene-CPT_phageK_gp082	1.0863999645756313	0	0	0	0.3333333333333333	1.6686970851077412	118.88718622532929	1177.2109430307626	3088.1743856965936	3756.1256334389877	1929.2744192319426	middle
gene-CPT_phageK_gp058	phage	gene-CPT_phageK_gp058	1.0350342926860123	0	0	0	0.0	0.2885538201928809	38.2242631692148	175.39901486738265	235.39170487352536	150.32085280898082	78.93043012475049	early
gene-CPT_phageK_gp126	phage	gene-CPT_phageK_gp126	1.3792958805042823	0	0	0	0.0	0.1923692134619206	18.351107736638433	90.40887027676963	293.0532253798028	1121.0973070074986	1230.4591939803831	late
gene-CPT_phageK_gp016	phage	gene-CPT_phageK_gp016	0.859290010382335	0	0	0	0.3333333333333333	14.490766580513407	430.0009615300082	794.7003830157691	1036.2528368848473	813.2354116967184	644.6541254647811	early
gene-CPT_phageK_gp149	phage	gene-CPT_phageK_gp149	1.0741884285401684	0	0	0	0.3333333333333333	3.138936423244408	101.53210200375229	848.6008637348472	2197.29798420933	3615.455206353065	3874.5727136037335	late
gene-CPT_phageK_gp226	phage	gene-CPT_phageK_gp226	1.4487105041747663	0	0	0	0.0	0.10687545856251436	2.678431483146655	30.313876930063046	98.72031316047601	224.67196447614666	471.57441730127897	late
gene-CPT_phageK_gp200	phage	gene-CPT_phageK_gp200	1.008000570068909	0	0	0	0.3333333333333333	0.41297942494175827	59.76762390155297	380.6745251640147	878.0407754541123	1034.1836763659792	549.4028133292732	middle
gene-CPT_phageK_gp015	phage	gene-CPT_phageK_gp015	0.8871031725062184	0	0	0	0.0	2.861073454883081	113.47371340198187	173.7799836727523	229.94423459194255	150.77345760643857	121.8200978852219	early
gene-CPT_phageK_gp018	phage	gene-CPT_phageK_gp018	0.8651863046823066	0	0	0	0.3333333333333333	15.696861538998363	396.31579877146186	860.3530115129715	1185.1837220230652	1180.974408177207	1026.6252477380049	early
gene-CPT_phageK_gp140	phage	gene-CPT_phageK_gp140	0.9903605863517236	0	0	0	0.3333333333333333	2.3702303302423804	190.2361242707486	1199.7839442156194	2433.2584701859273	2357.4781103177174	1457.152443652262	early
gene-CPT_phageK_gp130	phage	gene-CPT_phageK_gp130	1.186658483609922	0	0	0	1.0	1.0633484467040624	30.551511463630494	649.978651886568	2887.324167134388	5834.540555731782	5116.091128079367	middle
gene-CPT_phageK_gp158	phage	gene-CPT_phageK_gp158	1.6760900925257547	0	0	0	0.3333333333333333	2.3458208897012085	66.78623989077242	349.0131101883523	880.206487576205	6081.829847478013	13124.693477609902	late
gene-CPT_phageK_gp003	phage	gene-CPT_phageK_gp003	1.043024854145635	0	0	0	0.3333333333333333	0.5091640316727185	46.60880187562901	236.6271475907522	367.7004021532885	241.136169195658	124.356065723324	early
gene-CPT_phageK_gp169	phage	gene-CPT_phageK_gp169	1.699818078392114	0	0	0	0.0	0.34503581622871504	6.261212181089004	46.66122716959873	159.12218103404834	1162.7073617174722	2663.0520540935413	late
gene-CPT_phageK_gp089	phage	gene-CPT_phageK_gp089	0.9978469714508078	0	0	0	0.0	0.7229149487977473	59.8962482850549	509.9630444184797	1008.5453560842698	833.4305399427643	523.2486970870405	early
gene-CPT_phageK_gp094	phage	gene-CPT_phageK_gp094	1.0383622619595587	0	0	0	0.0	0.5480958815221898	33.489155072642966	247.84671781221047	674.2931196444939	857.8993655750451	497.48110954512066	middle
gene-CPT_phageK_gp182	phage	gene-CPT_phageK_gp182	1.3746934063896996	0	0	0	0.0	1.1312920554171055	64.79183303237464	401.0800108806822	1848.890290069223	6667.669162071591	7510.27565794465	late
gene-CPT_phageK_gp030	phage	gene-CPT_phageK_gp030	0.9937176770313608	0	0	0	0.0	1.0572599131949083	93.6897921439702	588.8737708443492	1135.020933015411	1243.5310029648856	719.628163750934	middle
gene-CPT_phageK_gp194	phage	gene-CPT_phageK_gp194	1.0411383232646536	0	0	0	0.3333333333333333	0.8824408459193508	48.84312093554255	287.97557384796204	565.6540645104851	835.5621083553132	1060.4935130697643	late
gene-CPT_phageK_gp081	phage	gene-CPT_phageK_gp081	1.0900245102529518	0	0	0	0.3333333333333333	0.9106818439372679	48.892488673101504	567.0885656840735	1710.2633717305646	2282.491875978824	1224.580351282477	middle
gene-CPT_phageK_gp118	phage	gene-CPT_phageK_gp118	1.210324357279195	0	0	0	0.3333333333333333	0.64428048825315	18.94577367314478	298.7181759094048	1307.7032423690387	2824.4853649733946	2166.7800940534094	middle
gene-CPT_phageK_gp103	phage	gene-CPT_phageK_gp103	1.1580613381046598	0	0	0	0.0	0.0961846067309603	16.251487198815024	221.8901872648505	782.9952144715368	1506.19877485158	1603.6009852974014	late
gene-CPT_phageK_gp083	phage	gene-CPT_phageK_gp083	1.0666371435296635	0	0	0	0.3333333333333333	2.3702303302423804	162.6723519877024	1441.871380909427	3128.1700416938215	3418.4042656953297	1841.9578593500853	middle
gene-CPT_phageK_gp072	phage	gene-CPT_phageK_gp072	1.027258052320991	0	0	0	0.0	1.4587777254594576	105.45890516777148	814.697635071292	1768.9708950000895	1776.3118879596213	989.604807983044	middle
gene-CPT_phageK_gp044	phage	gene-CPT_phageK_gp044	0.8529548372723537	0	0	0	0.0	2.9740374469547497	80.73892127002199	122.98502966845922	164.23983167699427	110.08683411793702	87.50446644687621	early
gene-CPT_phageK_gp040	phage	gene-CPT_phageK_gp040	0.855459314763689	0	0	0	0.0	1.9740302906413305	53.5033967592957	73.31224365686214	92.35576640497584	58.816990589147316	51.308614829594184	early
gene-CPT_phageK_gp027	phage	gene-CPT_phageK_gp027	1.0487754779346763	0	0	0	0.3333333333333333	0.20306006529347465	24.459344588725685	278.3102744072194	661.4656248738469	859.6928222146863	539.6339470823915	middle
gene-CPT_phageK_gp101	phage	gene-CPT_phageK_gp101	1.0235670604714249	0	0	0	0.6666666666666666	3.2740528798248394	214.85420473366617	1746.5987695957465	4771.86034674898	6020.998781490914	3990.97646438588	middle
gene-CPT_phageK_gp074	phage	gene-CPT_phageK_gp074	1.0440271167230215	0	0	0	0.3333333333333333	0.5656460277085528	35.681283948450336	248.4267644745105	427.57080100587746	343.19850086125615	175.71753317109463	early
gene-CPT_phageK_gp051	phage	gene-CPT_phageK_gp051	1.025705074731555	0	0	0	0.0	0.8259588498835165	49.01154719000786	246.95121700774155	374.6870285968901	238.03211968522785	125.66083725018673	early
gene-CPT_phageK_gp032	phage	gene-CPT_phageK_gp032	1.3904159708792732	0	0	0	0.0	0.12442560474887737	4.89076702214187	40.6984231009453	179.37216602560713	568.0105781188774	806.1890205072099	late
gene-CPT_phageK_gp105	phage	gene-CPT_phageK_gp105	1.0569059700436765	0	0	0	0.3333333333333333	0.8648906997329878	77.61095835794737	669.5531144632464	1895.036489151112	2889.0765853894786	2218.321068073376	middle
