Geneid	Entity	Symbol	relative changes	negligible changes	Genes with too high Zero count	Outlier	0_T	5_T	15_T	25_T	classification
gene-EST35_0151	phage	gene-EST35_0151	2.2604074366941305	0	0	0	0.0	22.598254382196316	24.27266497367604	438.78674783052435	late
gene-EST35_0087	phage	gene-EST35_0087	1.3158139264586	0	0	0	0.0	1583.8367590613543	677.9623321143602	304.2143450490021	early
gene-EST35_0411	phage	gene-EST35_0411	1.0993881763126028	0	0	0	0.0	34.11393275600165	119.03040275853398	105.99787328414097	middle
gene-EST35_0027	phage	gene-EST35_0027	1.0355673092615865	0	0	0	0.0	308.34137138528683	659.7819129676042	189.27598513527542	middle
gene-EST35_0377	phage	gene-EST35_0377	1.301551445996206	0	0	0	0.0	368.99262521881514	1548.5139338493752	758.72985297054	middle
gene-EST35_0013	phage	gene-EST35_0013	0.8764759328190276	0	0	0	0.0	89.86902746051084	149.067249186222	92.14378461046734	middle
gene-EST35_0409	phage	gene-EST35_0409	1.1105000809376355	0	0	0	0.0	212.57342563534647	487.4319499356556	426.25537256624494	middle
gene-EST35_0461	phage	gene-EST35_0461	1.5534473447662294	0	0	0	0.0	8.828076889590678	129.46172661886123	71.10471465436912	middle
gene-EST35_0307	phage	gene-EST35_0307	1.0587336843337385	0	0	0	0.0	55.19123470140884	184.64424116263714	349.1190651603916	late
gene-EST35_0187	phage	gene-EST35_0187	1.3137689836676532	0	0	0	0.0	50.459425941083914	9044.830296559025	9216.188538687118	late
gene-EST35_0019	phage	gene-EST35_0019	1.1984421630599764	0	0	0	0.0	104.07189735792922	315.87860977383116	159.1700021587457	middle
gene-EST35_0396	phage	gene-EST35_0396	0.9238021366149218	0	0	0	0.11132644879167487	404.96403345962585	413.1528048068288	426.8281908744566	late
gene-EST35_0337	phage	gene-EST35_0337	1.2356906501292912	0	0	0	0.0	87.85484727879039	571.0602965407335	166.98040157883133	middle
gene-EST35_0366	phage	gene-EST35_0366	0.839614514593729	0	0	0	0.0	844.6538960716285	1662.2562607451355	1204.3356338697195	middle
gene-EST35_0301	phage	gene-EST35_0301	1.0073180934647312	0	0	0	0.0	4.162604215630142	6.942318420837137	15.969316191669707	late
gene-EST35_0104	phage	gene-EST35_0104	1.2027970561762842	0	0	0	0.0	437.9039105060778	340.41510563385856	135.5892551068001	early
gene-EST35_0170	phage	gene-EST35_0170	1.1064571746951437	0	0	0	0.0	55.55730579642263	1094.4473449418795	948.6530236493014	middle
gene-EST35_0110	phage	gene-EST35_0110	1.212463919272861	0	0	0	0.0	28.540483279608935	572.6719486815506	241.19851881111416	middle
gene-EST35_0185	phage	gene-EST35_0185	1.2017477055809216	0	0	0	0.0	8.519884322009561	590.4678478452134	693.87639438001	late
gene-EST35_0445	phage	gene-EST35_0445	1.1005906757102064	0	0	0	0.0	65.64228910475659	296.3904165802555	141.99976673469223	middle
gene-EST35_0175	phage	gene-EST35_0175	1.3312341019582272	0	0	0	0.0	158.32481229447353	3082.554507462481	1224.3958504491775	middle
gene-EST35_0036	phage	gene-EST35_0036	0.9802269503589758	0	0	0	0.0	8378.427417514058	44474.581470920966	49308.86328603825	late
gene-EST35_0189	phage	gene-EST35_0189	0.9968002948861364	0	0	0	0.0	221.6861003063641	818.4136373771721	1138.166250469175	late
gene-EST35_0370	phage	gene-EST35_0370	1.3769151618047506	0	0	0	0.0	1156.547624663146	5913.448753700031	1969.7390713482066	middle
gene-EST35_0272	phage	gene-EST35_0272	0.9891143317822192	0	0	0	0.0	802.0542325612415	2932.5734317270076	1537.9319190497997	middle
gene-EST35_0226	phage	gene-EST35_0226	1.7286658733664275	0	0	0	0.0	17.853172565649576	140.49352637688477	1865.2910402633463	late
gene-EST35_0196	phage	gene-EST35_0196	1.6137563906068169	0	0	0	0.0	83.61978652431142	161.86038507619932	1338.4779355254184	late
gene-EST35_0093	phage	gene-EST35_0093	0.9517654789994252	0	0	0	0.0	1574.4541480215805	921.03114499338	604.5812227698761	early
gene-EST35_0050	phage	gene-EST35_0050	1.1185217857341074	0	0	0	0.0	1502.1970189126948	1305.3614777660869	992.4664204879788	early
gene-EST35_0268	phage	gene-EST35_0268	1.1456952405450795	0	0	0	0.0	4.386808490305776	762.7210165374407	545.7205648087966	middle
gene-EST35_0444	phage	gene-EST35_0444	1.077784874068238	0	0	0	0.0	101.16679369604536	464.3261487538069	189.7985109672937	middle
gene-EST35_0012	phage	gene-EST35_0012	0.9023832420818144	0	0	0	0.0	115.10378444096177	176.97940543830615	113.06777810056207	middle
gene-EST35_0178	phage	gene-EST35_0178	1.5739763263109	0	0	0	0.0	18.280609662017486	836.9057713715553	684.3542329010321	middle
gene-EST35_0363	phage	gene-EST35_0363	1.1555027241126397	0	0	0	0.0	226.74691971205638	1932.0005814451858	3617.540121595841	late
gene-EST35_0378	phage	gene-EST35_0378	1.073613196216747	0	0	0	0.0	3903.577914428315	15499.729247982425	5038.334330021503	middle
gene-EST35_0434	phage	gene-EST35_0434	0.9824542521205388	0	0	0	0.0	287.95573314418897	553.6390784068726	171.74385199325081	middle
gene-EST35_0210	phage	gene-EST35_0210	1.792740076194361	0	0	0	0.0	23.29476294331833	785.5195173465181	17378.0448339983	late
gene-EST35_0282	phage	gene-EST35_0282	0.9724007004762968	0	0	0	0.0	283.34765229439085	1366.4621000876523	1707.2278799398057	late
gene-EST35_0106	phage	gene-EST35_0106	1.425711915147817	0	0	0	0.0	11.849273259500672	110.99774775144787	155.2373261778464	late
gene-EST35_0201	phage	gene-EST35_0201	1.7297335816238828	0	0	0	0.0	3.0210195080703444	6.462379056091803	41.76874834381558	late
gene-EST35_0137	phage	gene-EST35_0137	1.6136189646568284	0	0	0	0.0	47.40973622804549	579.7505730555209	5026.217365692149	late
gene-EST35_0428	phage	gene-EST35_0428	1.164052669206212	0	0	0	0.0	5570.055365498728	9198.062335230223	2321.204300832647	middle
gene-EST35_0084	phage	gene-EST35_0084	1.111141570696602	0	0	0	0.0	31.920039802652344	21.208943320212086	8.117045566869978	early
gene-EST35_0460	phage	gene-EST35_0460	1.4925490270749222	0	0	0	0.0	5.966538707359077	72.59268885955055	44.12571543300012	middle
gene-EST35_0424	phage	gene-EST35_0424	0.9972070155622872	0	0	0	0.0	316.54107500848653	1171.7607749201918	1275.7242146310482	late
gene-EST35_0227	phage	gene-EST35_0227	1.7250409084856682	0	0	0	0.0	61.18747647873877	165.8019433783022	3198.514939555777	late
gene-EST35_0245	phage	gene-EST35_0245	1.9400571731073768	0	0	0	0.0	5.860740896321729	98.62846513986432	2518.091510888529	late
gene-EST35_0022	phage	gene-EST35_0022	1.1527207400049095	0	0	0	0.0	94.77938193090857	320.48483484041304	149.6436202690357	middle
gene-EST35_0292	phage	gene-EST35_0292	1.3022201854194408	0	0	0	0.0	31.94555938059389	3017.041037440003	8054.51654664165	late
gene-EST35_0319	phage	gene-EST35_0319	1.4338617246884646	0	0	0	0.0	159.14837085765342	1140.7840534088355	5643.442461127795	late
gene-EST35_0356	phage	gene-EST35_0356	0.9398329321351848	0	0	0	0.0	1026.4845247307196	1077.7192720822868	480.4847108116663	middle
gene-EST35_0228	phage	gene-EST35_0228	1.1787221077146066	0	0	0	0.0	111.22384765285814	3623.5427750413724	3679.2332307944525	late
gene-EST35_0138	phage	gene-EST35_0138	1.630584353870456	0	0	0	0.0	27.935555818221108	337.78309987982925	3043.600996533653	late
gene-EST35_0425	phage	gene-EST35_0425	1.0624938477415835	0	0	0	0.0	64.37779359949776	287.41417816467134	279.7347952867755	middle
gene-EST35_0334	phage	gene-EST35_0334	1.1986596719928269	0	0	0	0.0742246566590057	213.32466091088324	965.0366173841113	453.7909579989234	middle
gene-EST35_0257	phage	gene-EST35_0257	1.392011553447892	0	0	0	0.0	6.4510257755959515	1286.054888889592	4755.650140245748	late
gene-EST35_0457	phage	gene-EST35_0457	1.2536906926033309	0	0	0	0.0	28.029846994410082	169.21356693777977	81.58261454401367	middle
gene-EST35_0157	phage	gene-EST35_0157	1.2546828649176458	0	0	0	0.0	210.77979429077297	5657.854986948783	2409.721021865172	middle
gene-EST35_0295	phage	gene-EST35_0295	1.5676246820997948	0	0	0	0.0	123.02919203466449	90.91042989823215	634.0778093452664	late
gene-EST35_0111	phage	gene-EST35_0111	1.248369402143881	0	0	0	0.0	1.6299152984851	68.87666132154001	33.984481134512016	middle
gene-EST35_0004	phage	gene-EST35_0004	0.8975232870821498	0	0	0	0.0	191.38866075250917	386.4965961503987	249.41885019476817	middle
gene-EST35_0435	phage	gene-EST35_0435	1.0929454265377363	0	0	0	0.0	184.90941321746035	487.29379143756415	189.54965544321513	middle
gene-EST35_0096	phage	gene-EST35_0096	1.331059032670426	0	0	0	0.0	3665.19263245894	2463.771046166124	521.1007154300311	early
gene-EST35_0340	phage	gene-EST35_0340	1.4487214565051956	0	0	0	0.0	785.9234561956146	6231.06745202907	2342.476017070939	middle
gene-EST35_0324	phage	gene-EST35_0324	1.0349958485451034	0	0	0	0.0	531.306498133508	3942.0954657833404	5222.321208705875	late
gene-EST35_0041	phage	gene-EST35_0041	0.8177840983586186	0	0	0	0.0	657.6414909465948	642.4418694067226	551.7093799227306	early
gene-EST35_0359	phage	gene-EST35_0359	0.9782799901146706	0	0	0	0.0	6139.83640934942	4895.506897866845	2143.147769501395	early
gene-EST35_0038	phage	gene-EST35_0038	1.2309199763394882	0	0	0	0.0	9499.64204642611	10894.671247674423	1758.649511538996	middle
gene-EST35_0346	phage	gene-EST35_0346	1.7292013528188392	0	0	0	0.0	225.97152528474604	795.7689710719019	11987.36609116358	late
gene-EST35_0061	phage	gene-EST35_0061	1.4408938863077272	0	0	0	0.0	2866.3550139141535	548.950633728869	408.11715857490327	early
gene-EST35_0114	phage	gene-EST35_0114	1.1755407733057517	0	0	0	0.0	25.32094707512512	492.7764777534524	402.97219027715664	middle
gene-EST35_0402	phage	gene-EST35_0402	0.9299935140556408	0	0	0	0.0	170.06680211423847	401.5300839680154	320.0570496903243	middle
gene-EST35_0429	phage	gene-EST35_0429	0.9479029015557424	0	0	0	0.0	1313.6012775046984	1702.1065785126887	456.20570373250956	middle
gene-EST35_0007	phage	gene-EST35_0007	1.0678367341796775	0	0	0	0.0	238.57113233321556	553.5440564343954	328.36961103814957	middle
gene-EST35_0006	phage	gene-EST35_0006	1.017874592499285	0	0	0	0.0	205.58496880836046	460.34764322766495	273.7223976339165	middle
gene-EST35_0436	phage	gene-EST35_0436	1.0887725055936417	0	0	0	0.0	193.97608203753325	739.8696710242948	264.66036593733116	middle
gene-EST35_0399	phage	gene-EST35_0399	0.8784748733464369	0	0	0	0.0	72.02047581501635	117.76122243871963	206.2945541405156	late
gene-EST35_0440	phage	gene-EST35_0440	1.2089473891469389	0	0	0	0.0	48.306223536285636	495.43788681363145	261.03046722921016	middle
gene-EST35_0209	phage	gene-EST35_0209	1.8048901741126893	0	0	0	0.0	33.97892587533999	748.8275718498359	11819.98219846574	late
gene-EST35_0219	phage	gene-EST35_0219	1.5937500769324326	0	0	0	0.0	27.93660799967537	578.6013191978464	4024.364363399827	late
gene-EST35_0406	phage	gene-EST35_0406	0.9080919282401816	0	0	0	0.03711232832950285	466.90018105853227	838.7142033232531	418.99207197934896	middle
gene-EST35_0451	phage	gene-EST35_0451	0.9957678276085072	0	0	0	0.0	621.518184018503	989.48327500784	288.35127785290973	middle
gene-EST35_0320	phage	gene-EST35_0320	1.3582222548718097	0	0	0	0.0	134.20553297313378	780.9947801955682	3314.731236730027	late
gene-EST35_0028	phage	gene-EST35_0028	1.134560839128134	0	0	0	0.0	165.7473987685357	452.77317117159964	142.50709572797143	middle
gene-EST35_0115	phage	gene-EST35_0115	1.3005451577542493	0	0	0	0.0	16.79318293569023	398.24590104055886	356.43186086987424	middle
gene-EST35_0329	phage	gene-EST35_0329	1.130277222126751	0	0	0	0.0	5.892635233959595	613.4928476257556	774.2852339720054	late
gene-EST35_0052	phage	gene-EST35_0052	1.4259647987927486	0	0	0	0.0	2178.9973549335286	378.09653846275904	310.5128819852509	early
gene-EST35_0180	phage	gene-EST35_0180	1.2906014327766009	0	0	0	0.0	15.084597718940765	2819.1108603558077	1466.4676385016976	middle
gene-EST35_0035	phage	gene-EST35_0035	1.022915381291159	0	0	0	0.0	8846.630395480073	30986.30074264568	17760.03672346295	middle
gene-EST35_0011	phage	gene-EST35_0011	1.071450020706882	0	0	0	0.0	48.28686802920523	153.49733426885385	85.25319389480386	middle
gene-EST35_0177	phage	gene-EST35_0177	1.3424179775507743	0	0	0	0.0	18.06581445184229	828.9934394311243	601.0039430474704	middle
gene-EST35_0231	phage	gene-EST35_0231	1.3316240004864326	0	0	0	0.0	7.865287813012181	776.2241129129038	1590.8476483033162	late
gene-EST35_0381	phage	gene-EST35_0381	1.5018038563860356	0	0	0	0.0	30.132855328192928	18.812501752625177	75.77816707008188	late
gene-EST35_0276	phage	gene-EST35_0276	1.262152474906867	0	0	0	0.0	267.0128951759642	5053.322848658087	11866.627395524984	late
gene-EST35_0418	phage	gene-EST35_0418	1.2421761657270345	0	0	0	0.0	22.758864950667753	59.08811581405786	34.38567746852655	middle
gene-EST35_0373	phage	gene-EST35_0373	1.021327909899924	0	0	0	0.0	598.3167497573862	1871.801138914859	815.6868430438223	middle
gene-EST35_0054	phage	gene-EST35_0054	1.216134516293131	0	0	0	0.0	375.1734788504917	874.5609480075036	520.7403210179158	middle
gene-EST35_0080	phage	gene-EST35_0080	1.1044755967527162	0	0	0	0.0	5569.329972795575	2175.627203142215	1364.2603992535192	early
gene-EST35_0010	phage	gene-EST35_0010	1.2580489399664965	0	0	0	0.0	155.24043029270493	391.98826856207415	207.21239913654935	middle
gene-EST35_0003	phage	gene-EST35_0003	1.053867880070879	0	0	0	0.0	143.04928718505064	225.7721081320801	148.7671900865977	middle
gene-EST35_0419	phage	gene-EST35_0419	1.0180010726351765	0	0	0	0.0	495.485290732702	1546.3999802195513	507.29920734833536	middle
gene-EST35_0433	phage	gene-EST35_0433	1.0335506684407183	0	0	0	0.0	2486.7286937633703	3026.935379420565	732.0596948181332	middle
gene-EST35_0304	phage	gene-EST35_0304	1.801590268933804	0	0	0	0.0	4.0646172751989855	4.471574005943789	23.165227830671228	late
gene-EST35_0401	phage	gene-EST35_0401	1.2581667603228606	0	0	0	0.0	118.53986325782462	258.1426755257985	248.937407590151	middle
gene-EST35_0394	phage	gene-EST35_0394	0.8673801125708273	0	0	0	0.0	664.8191999631895	859.8687461102085	1011.8908702592507	late
gene-EST35_0023	phage	gene-EST35_0023	1.0089147368099265	0	0	0	0.0	184.0087019135174	352.4580541942533	154.83048699981137	middle
gene-EST35_0265	phage	gene-EST35_0265	1.2306491313473653	0	0	0	0.0	12.71072756581349	392.697354504719	305.83060846606503	middle
gene-EST35_0183	phage	gene-EST35_0183	1.1458614272973766	0	0	0	0.0	49.05708409136625	1329.211523736955	1781.3694468885399	late
gene-EST35_0254	phage	gene-EST35_0254	1.3662825588650147	0	0	0	0.0	101.94511057584923	2635.9972908402674	8789.904127806134	late
gene-EST35_0391	phage	gene-EST35_0391	1.212053548691715	0	0	0	0.0	151.2886222914353	912.6385118186193	406.3880698070882	middle
gene-EST35_0224	phage	gene-EST35_0224	1.6198994837800302	0	0	0	0.0	36.98878852476951	557.6579792280971	5070.477451302013	late
gene-EST35_0132	phage	gene-EST35_0132	1.1240218554507124	0	0	0	0.0	95.68612377271059	2060.193388576205	1385.646514985304	middle
gene-EST35_0169	phage	gene-EST35_0169	1.1064801698417444	0	0	0	0.0	38.3191324465469	499.9449683871107	410.0615631508631	middle
gene-EST35_0449	phage	gene-EST35_0449	1.0822824145224226	0	0	0	0.0	40.66661484990177	230.6374413145161	154.6085441001784	middle
gene-EST35_0321	phage	gene-EST35_0321	1.2673522521785	0	0	0	0.0	101.84047167529529	1050.0109721141903	2878.3116778666736	late
gene-EST35_0034	phage	gene-EST35_0034	0.9965653976129408	0	0	0	0.0	2724.853097992576	29388.987672026607	26996.12164001397	middle
gene-EST35_0042	phage	gene-EST35_0042	0.8417799862553	0	0	0	0.0	1285.1331606597448	1196.0854493142003	959.099665458958	early
gene-EST35_0297	phage	gene-EST35_0297	1.2568798001968131	0	0	0	0.0	185.6725213889009	640.6499083668004	377.86606204492654	middle
gene-EST35_0376	phage	gene-EST35_0376	0.8906884672136802	0	0	0	0.0	997.5386081861376	2807.185139817771	2117.8978627401416	middle
gene-EST35_0338	phage	gene-EST35_0338	1.311816477172021	0	0	0	0.0	29.175160033789435	294.84943321150257	144.08574964898705	middle
gene-EST35_0174	phage	gene-EST35_0174	1.1745040388649963	0	0	0	0.0	249.2000532539782	2951.222989457415	1427.946461152497	middle
gene-EST35_0176	phage	gene-EST35_0176	1.4748324817839165	0	0	0	0.0	185.17154438969627	5298.520165068928	1913.3904464378938	middle
gene-EST35_0026	phage	gene-EST35_0026	1.1278287482529927	0	0	0	0.0	136.08976994194245	297.2699983320917	109.29874674256872	middle
gene-EST35_0079	phage	gene-EST35_0079	1.6644776550192424	0	0	0	0.0	4880.364175958153	760.820243767524	270.8076892246591	early
gene-EST35_0202	phage	gene-EST35_0202	2.335573885021366	0	0	0	0.0	2.073387816980183	4.114721342682253	55.531175348314974	late
gene-EST35_0060	phage	gene-EST35_0060	0.9623272781552829	0	0	0	0.0	374.7255225868521	779.6632205858772	406.45204224960725	middle
gene-EST35_0191	phage	gene-EST35_0191	1.0033483237374925	0	0	0	0.0	51.71673271949279	400.4720126846812	413.58165609823726	late
gene-EST35_0398	phage	gene-EST35_0398	1.1673533982882345	0	0	0	0.0	207.362727360324	222.81532034112072	210.72273839412082	middle
gene-EST35_0458	phage	gene-EST35_0458	1.2604610954956488	0	0	0	0.0	66.31219434993712	465.41881770148376	191.31441944792118	middle
gene-EST35_0164	phage	gene-EST35_0164	2.199255263633525	0	0	0	0.0	2.83177262400693	7.841015029443416	57.21886588427424	late
gene-EST35_0393	phage	gene-EST35_0393	0.8048689376352899	0	0	0	0.0	575.9859704968954	700.9176598550031	962.6353920854457	late
gene-EST35_0358	phage	gene-EST35_0358	1.0087434379449085	0	0	0	0.0	1268.4718843864464	1665.8152538514987	482.60022482444737	middle
gene-EST35_0354	phage	gene-EST35_0354	1.3618311010758557	0	0	0	0.0	1.636642295284	2.7607345449819243	0.8248507469343066	middle
gene-EST35_0190	phage	gene-EST35_0190	0.992243496110259	0	0	0	0.0	79.18441915522135	488.21142216180573	557.8203801984749	late
gene-EST35_0136	phage	gene-EST35_0136	2.489292495486972	0	0	0	0.0	2.9937550801712156	5.623649466063733	50.69921947186589	late
gene-EST35_0390	phage	gene-EST35_0390	1.0380328369447336	0	0	0	0.0	349.12464876854983	1171.4689330885005	481.90292715744835	middle
gene-EST35_0072	phage	gene-EST35_0072	0.8825288074140545	0	0	0	0.0	1928.837319411674	1292.3363629038479	556.1351550527548	early
gene-EST35_0327	phage	gene-EST35_0327	1.184390301747434	0	0	0	0.0	34.6313041890721	2187.6355343788823	3806.108613295119	late
gene-EST35_0341	phage	gene-EST35_0341	0.9621511085767476	0	0	0	0.0	9.494101968969057	31.870014517655154	39.64951643185613	late
gene-EST35_0092	phage	gene-EST35_0092	0.8841068732587047	0	0	0	0.0	22.58093157418107	39.59535350607113	29.471916840392467	middle
gene-EST35_0374	phage	gene-EST35_0374	1.046438340577898	0	0	0	0.0	456.0202010927721	1753.3308684348947	702.929262454897	middle
gene-EST35_0148	phage	gene-EST35_0148	2.3128250518787645	0	0	0	0.0	11.620127036632615	17.61931033320408	303.7780364110294	late
gene-EST35_0385	phage	gene-EST35_0385	0.8538654542668993	0	0	0	0.0	3605.9364791583216	5578.41944291032	2919.5205759031146	middle
gene-EST35_0300	phage	gene-EST35_0300	1.052513346468451	0	0	0	0.0	64.75662075033559	171.02325436969068	371.225661756727	late
gene-EST35_0311	phage	gene-EST35_0311	1.4809820969690837	0	0	0	0.0	80.48065991787306	2099.3606763742882	10996.540800122892	late
gene-EST35_0199	phage	gene-EST35_0199	1.7982304999550829	0	0	0	0.0	2.3470483814717404	4.2750838221559775	32.09264823069367	late
gene-EST35_0412	phage	gene-EST35_0412	1.0956810232041612	0	0	0	0.0	269.39852215890204	976.8971889014333	1504.9541957678277	late
gene-EST35_0161	phage	gene-EST35_0161	1.40152275643755	0	0	0	0.0	1.1832114995364822	7.3785075727934455	8.45468525980346	late
gene-EST35_0267	phage	gene-EST35_0267	1.2323618362343716	0	0	0	0.0	59.53000687544119	5318.104879937597	2391.834056208369	middle
gene-EST35_0160	phage	gene-EST35_0160	1.4111571118667776	0	0	0	0.0	0.41895638809239394	4.985954217446056	6.275002543642759	late
gene-EST35_0405	phage	gene-EST35_0405	0.7861086447430237	0	0	0	0.0	1293.3746448089034	1980.2504975441032	1485.313952623855	middle
gene-EST35_0182	phage	gene-EST35_0182	1.1580407958511854	0	0	0	0.0	136.73399931546868	2605.7218865592054	3034.352010480354	late
gene-EST35_0156	phage	gene-EST35_0156	1.2587763311689033	0	0	0	0.0	188.08581967791034	3664.431128152308	1658.8388720929136	middle
gene-EST35_0280	phage	gene-EST35_0280	0.9009747431988442	0	0	0	0.0	985.1480304893845	2423.9333097558433	3214.4116042180717	late
gene-EST35_0243	phage	gene-EST35_0243	1.863878023119996	0	0	0	0.0	21.117668968312497	835.9013276142722	18376.768054529293	late
gene-EST35_0353	phage	gene-EST35_0353	1.7718790978611068	0	0	0	0.0	62.45495287574031	214.29035329863265	2456.1891833481905	late
gene-EST35_0127	phage	gene-EST35_0127	2.2490354901283607	0	0	0	0.0	1.2060731991226044	2.0476746140193307	16.173682304364387	late
gene-EST35_0192	phage	gene-EST35_0192	1.408362327974116	0	0	0	0.0	98.33033440537622	1543.5251994820965	4886.180018811584	late
gene-EST35_0103	phage	gene-EST35_0103	1.20694042867471	0	0	0	0.0	523.9154539786997	261.09209686568875	141.55269484025305	early
gene-EST35_0057	phage	gene-EST35_0057	1.3965663852374055	0	0	0	0.0	145.8862036469467	610.0160711574608	302.9049525230166	middle
gene-EST35_0259	phage	gene-EST35_0259	1.4832172663675864	0	0	0	0.0	17.59338546494224	2775.74928133424	9995.800474642907	late
gene-EST35_0397	phage	gene-EST35_0397	0.8254316810225331	0	0	0	0.0	207.75414720909774	197.70187901576028	222.77401316731462	late
gene-EST35_0414	phage	gene-EST35_0414	0.9733135020700447	0	0	0	0.0	358.57936570087674	1028.485070622775	834.4345210469169	middle
gene-EST35_0141	phage	gene-EST35_0141	2.1151910282316315	0	0	0	0.0	4.358017532355762	7.0537338494940895	85.91078442711007	late
gene-EST35_0251	phage	gene-EST35_0251	1.0730501122914615	0	0	0	0.0	137.23581695085693	3991.1199149219556	3973.712980369615	middle
gene-EST35_0454	phage	gene-EST35_0454	1.4010298816657072	0	0	0	0.0	123.7922284509104	318.2636799621865	130.64862602717872	middle
gene-EST35_0181	phage	gene-EST35_0181	1.1508309217730444	0	0	0	0.0	85.80370716871276	1418.0002826426783	1311.829470373544	middle
gene-EST35_0342	phage	gene-EST35_0342	2.092095962289739	0	0	0	0.0	17.879386170606562	38.10281771842648	514.3504832391965	late
gene-EST35_0220	phage	gene-EST35_0220	1.703724264899488	0	0	0	0.0	15.81701608818142	367.5938846766606	3711.0109395306895	late
gene-EST35_0017	phage	gene-EST35_0017	1.1310663053994432	0	0	0	0.0	112.62204748984148	200.75063011488987	128.7496432613202	middle
gene-EST35_0351	phage	gene-EST35_0351	1.3459370710317116	0	0	0	0.03711232832950285	30.13142351997797	1890.1503116425056	2650.485015344164	late
gene-EST35_0001	phage	gene-EST35_0001	0.940851138815586	0	0	0	0.0	93.21747835805435	164.58816556985536	173.76622753746702	late
gene-EST35_0108	phage	gene-EST35_0108	1.3263044402529458	0	0	0	0.0	7.99199676457422	84.42774468863921	54.35959897836395	middle
gene-EST35_0244	phage	gene-EST35_0244	1.8493413891534232	0	0	0	0.0	10.101454466079547	384.7727914528735	7336.583016457903	late
gene-EST35_0066	phage	gene-EST35_0066	1.0305123051346592	0	0	0	0.0	2845.212300997839	1608.2785648757454	550.3596992877073	early
gene-EST35_0256	phage	gene-EST35_0256	1.3487691250783214	0	0	0	0.0	6.945777242202708	1320.8295338107764	4312.27420699673	late
gene-EST35_0105	phage	gene-EST35_0105	1.508472421703495	0	0	0	0.0	3167.2092824825363	651.2400377781279	487.7915945152902	early
gene-EST35_0107	phage	gene-EST35_0107	1.2197731700751278	0	0	0	0.0	7.94579038244488	70.72885893543084	75.97417389708149	late
gene-EST35_0420	phage	gene-EST35_0420	1.1055253859152454	0	0	0	0.0	457.838563731799	1468.3098775844664	385.64534611858016	middle
gene-EST35_0124	phage	gene-EST35_0124	1.206243384559605	0	0	0	0.0	9.862397568520906	210.09238679228588	130.17292923505025	middle
gene-EST35_0274	phage	gene-EST35_0274	1.3925457947555513	0	0	0	0.0	101.42220112643228	895.4156844097253	1810.7718814100765	late
gene-EST35_0123	phage	gene-EST35_0123	1.1136096813795386	0	0	0	0.0	14.732947066726746	710.3518118756596	623.7374059609183	middle
gene-EST35_0347	phage	gene-EST35_0347	1.7211054626136708	0	0	0	0.0	111.32319066212459	416.7923902481701	5877.101270719925	late
gene-EST35_0150	phage	gene-EST35_0150	2.4271580184702004	0	0	0	0.0	2.00303037951215	3.0404205026302704	77.53763108482224	late
gene-EST35_0211	phage	gene-EST35_0211	1.831111739228228	0	0	0	0.0	12.53217774349097	479.03836744520976	12937.470340428306	late
gene-EST35_0018	phage	gene-EST35_0018	1.181457502581022	0	0	0	0.0	141.00129437362295	288.3004421934377	170.75363082427862	middle
gene-EST35_0090	phage	gene-EST35_0090	1.4919798806402316	0	0	0	0.0	4619.637007720693	974.3250582909803	338.7712427629338	early
gene-EST35_0453	phage	gene-EST35_0453	1.4183964198685373	0	0	0	0.0	344.57416879057615	801.3963581006313	281.8257886515783	middle
gene-EST35_0139	phage	gene-EST35_0139	1.6519154975075137	0	0	0	0.0	10.637526603545542	441.490922366695	5399.035476217585	late
gene-EST35_0179	phage	gene-EST35_0179	1.4001042174224	0	0	0	0.0	26.21820547155913	2235.245497220733	1390.4807868000642	middle
gene-EST35_0121	phage	gene-EST35_0121	1.072370660575622	0	0	0	0.0	141.11178415730635	1670.4143059594528	1363.793600064283	middle
gene-EST35_0389	phage	gene-EST35_0389	1.00930229551239	0	0	0	0.0	224.10771511499283	554.9000192237947	311.6588696801638	middle
gene-EST35_0253	phage	gene-EST35_0253	1.4674238242619926	0	0	0	0.0	228.92610315323256	3545.3096455358827	18659.880701864215	late
gene-EST35_0053	phage	gene-EST35_0053	1.1721300755819166	0	0	0	0.0	1593.1829035601268	1804.9136490293397	919.947094804973	middle
gene-EST35_0167	phage	gene-EST35_0167	2.3219319287241698	0	0	0	0.0	13.732577485781045	21.93473973017039	144.48244881239208	late
gene-EST35_0275	phage	gene-EST35_0275	1.305840365692985	0	0	0	0.0	132.3931105886322	1305.7853287026526	3381.987147536414	late
gene-EST35_0293	phage	gene-EST35_0293	1.3384589213017533	0	0	0	0.0	21.094712418825843	2906.7905955541214	8850.040821616747	late
gene-EST35_0365	phage	gene-EST35_0365	1.0388123503543232	0	0	0	0.0	171.01736066047553	1450.6880065207588	1801.7088412267751	late
gene-EST35_0102	phage	gene-EST35_0102	1.3691468253331158	0	0	0	0.0	1766.6894686733524	596.928589041354	139.49792036723863	early
gene-EST35_0287	phage	gene-EST35_0287	1.2837416780610045	0	0	0	0.0	52.566150772013835	1138.718740141252	2878.7989411323283	late
gene-EST35_0188	phage	gene-EST35_0188	1.1787990596698608	0	0	0	0.0	43.626937710999535	1412.4998975452643	1108.8077280414186	middle
gene-EST35_0452	phage	gene-EST35_0452	1.0741052632014527	0	0	0	0.03711232832950285	400.97838334019724	772.6779915852891	263.103017677521	middle
gene-EST35_0126	phage	gene-EST35_0126	2.3503516602780525	0	0	0	0.0	3.5285464962451063	6.327786168058716	54.08627628626359	late
gene-EST35_0040	phage	gene-EST35_0040	1.2363417918128865	0	0	0	0.0	11.820373028018027	25.57840081986092	9.070350995495748	middle
gene-EST35_0229	phage	gene-EST35_0229	1.20952050194509	0	0	0	0.0	20.801822406219674	1816.2149887063485	2209.9764753989234	late
gene-EST35_0368	phage	gene-EST35_0368	0.9578244951465956	0	0	0	0.0	960.0465342100964	2401.638888055481	1409.700071809248	middle
gene-EST35_0230	phage	gene-EST35_0230	1.2407404097130277	0	0	0	0.0	6.319421119891228	609.7139503640784	867.0854867147115	late
gene-EST35_0312	phage	gene-EST35_0312	1.50114614639641	0	0	0	0.0	32.52957718803374	861.0517120303358	4749.611910352391	late
gene-EST35_0273	phage	gene-EST35_0273	0.9593340932102316	0	0	0	0.0	590.2012571231204	1400.5227646394917	836.8172747707225	middle
gene-EST35_0215	phage	gene-EST35_0215	1.957208234969168	0	0	0	0.0	6.07180457436536	159.24217601741069	7277.226947279702	late
gene-EST35_0122	phage	gene-EST35_0122	1.068395467488409	0	0	0	0.0	258.6655135279447	4324.029845033086	3336.784846471784	middle
gene-EST35_0260	phage	gene-EST35_0260	1.0250668649757366	0	0	0	0.0	1481.3831746537714	5816.536495199062	4658.051133084619	middle
gene-EST35_0216	phage	gene-EST35_0216	1.9518799652235383	0	0	0	0.0	1.6250885411615483	12.761511295208836	677.8975074309482	late
gene-EST35_0349	phage	gene-EST35_0349	1.3932745620577085	0	0	0	0.0	21.154628596084343	254.26742827431414	654.168206554316	late
gene-EST35_0388	phage	gene-EST35_0388	0.976214724962422	0	0	0	0.0	348.1826950119468	680.8610166996835	435.3159701230038	middle
gene-EST35_0439	phage	gene-EST35_0439	1.4348171445603348	0	0	0	0.0	46.05231991100046	455.2942584311692	207.43500131349583	middle
gene-EST35_0352	phage	gene-EST35_0352	1.41168503840718	0	0	0	0.0	35.207859415536596	974.9069023994261	1363.0711001583793	late
gene-EST35_0314	phage	gene-EST35_0314	1.3350817680618288	0	0	0	0.0	495.1099488143065	3298.2845844472863	12649.662528131927	late
gene-EST35_0255	phage	gene-EST35_0255	1.2879017900793666	0	0	0	0.0	82.24159572993247	5582.333528409176	15517.16100977957	late
gene-EST35_0029	phage	gene-EST35_0029	1.0789566884090525	0	0	0	0.0	326.9768793812113	881.439499974862	230.06689098443294	middle
gene-EST35_0237	phage	gene-EST35_0237	1.1837467220861886	0	0	0	0.0	87.66427856274828	2939.651532310512	4127.666684641694	late
gene-EST35_0046	phage	gene-EST35_0046	0.8082831111088821	0	0	0	0.0	1378.0882558919711	1661.0730686690488	802.0734795978464	middle
gene-EST35_0432	phage	gene-EST35_0432	1.0278631335156894	0	0	0	0.0	670.9368328932151	992.9774348096857	309.5142373528409	middle
gene-EST35_0413	phage	gene-EST35_0413	0.8870062842718561	0	0	0	0.0	378.5426287339373	1284.4031747190277	1281.238999801779	middle
gene-EST35_0135	phage	gene-EST35_0135	2.534217129254647	0	0	0	0.0	1.7587716566933835	2.069098081055483	23.00867676049941	late
gene-EST35_0438	phage	gene-EST35_0438	1.1459542127229818	0	0	0	0.0	130.43944116574764	776.2496820242199	295.43510712991065	middle
gene-EST35_0015	phage	gene-EST35_0015	1.28991512215787	0	0	0	0.0	64.2610574401715	111.43553309431131	63.39027231379898	middle
gene-EST35_0119	phage	gene-EST35_0119	1.305628531676465	0	0	0	0.0	2.0612821330815043	68.42515864251124	49.239207001453224	middle
gene-EST35_0089	phage	gene-EST35_0089	1.346932004093539	0	0	0	0.0	4116.921385334018	1236.181101623225	720.2251259783008	early
gene-EST35_0372	phage	gene-EST35_0372	1.0446892299640105	0	0	0	0.0	558.1004523698239	1064.5850873959578	734.2860450074444	middle
gene-EST35_0330	phage	gene-EST35_0330	1.1501938966523095	0	0	0	0.0	15.022921912869407	457.22325652925025	576.8718190343671	late
gene-EST35_0131	phage	gene-EST35_0131	1.2557088479940837	0	0	0	0.0	898.3677493848918	18209.980837649477	21954.40857571673	late
gene-EST35_0379	phage	gene-EST35_0379	1.192394228624288	0	0	0	0.0	376.91293215503816	2924.707116444491	876.1788472642621	middle
gene-EST35_0195	phage	gene-EST35_0195	1.2904689655929964	0	0	0	0.0	50.20314186928368	126.24952360398875	367.88290388503174	late
gene-EST35_0442	phage	gene-EST35_0442	1.3282672742045	0	0	0	0.0	37.930885883112914	781.4956546991128	283.14012365695936	middle
gene-EST35_0281	phage	gene-EST35_0281	0.96694113170124	0	0	0	0.0	851.8556208368831	2915.7497311137136	3905.527591645972	late
gene-EST35_0078	phage	gene-EST35_0078	1.3086257156862269	0	0	0	0.0	7227.025551956358	2308.6211659058026	610.6139679808713	early
gene-EST35_0348	phage	gene-EST35_0348	1.7171548546195758	0	0	0	0.0	127.76790254795613	453.40820660881747	6401.086226408836	late
gene-EST35_0294	phage	gene-EST35_0294	1.8965872781520536	0	0	0	0.0	137.0451209821149	75.71008931100187	1848.4705879534415	late
gene-EST35_0407	phage	gene-EST35_0407	0.9532477715922631	0	0	0	0.0	414.08817880385385	744.0099669286183	323.57851318720924	middle
gene-EST35_0143	phage	gene-EST35_0143	1.889960023994884	0	0	0	0.0	82.59858189744389	137.82731858082252	1283.3411889744013	late
gene-EST35_0350	phage	gene-EST35_0350	1.365309542962588	0	0	0	0.0	28.58230691917043	1883.9038224532324	3145.8785642167713	late
gene-EST35_0008	phage	gene-EST35_0008	1.015315971988636	0	0	0	0.0	57.795126397018784	190.40049481454048	82.93598615176661	middle
gene-EST35_0002	phage	gene-EST35_0002	0.9954264311761292	0	0	0	0.0	260.4813874749282	342.34498876535844	325.9206089452727	middle
gene-EST35_0032	phage	gene-EST35_0032	1.3702265509093938	0	0	0	0.0	105.4760024287083	467.83851841162306	152.31858000669675	middle
gene-EST35_0375	phage	gene-EST35_0375	1.06907017285397	0	0	0	0.0	159.1438909869925	302.916488241395	354.6439344266348	late
gene-EST35_0232	phage	gene-EST35_0232	1.3609430004580003	0	0	0	0.0	8.911704182968508	583.5699980747178	1504.915333957265	late
gene-EST35_0134	phage	gene-EST35_0134	1.4921033375625408	0	0	0	0.0	40.46322155986643	26.660318879333786	95.78974508726365	late
gene-EST35_0234	phage	gene-EST35_0234	1.0732498633505558	0	0	0	0.0	109.73944352472715	917.289774674231	1272.4335768166868	late
gene-EST35_0149	phage	gene-EST35_0149	2.604370042740317	0	0	0	0.0	6.466806754703875	14.418119465654039	323.00003671912356	late
gene-EST35_0172	phage	gene-EST35_0172	1.3028965086540545	0	0	0	0.0	10.462514182794	77.37904383179705	22.50457775156978	middle
gene-EST35_0075	phage	gene-EST35_0075	0.8551583514102225	0	0	0	0.0	909.9794959761374	754.1594350007919	380.6477027174331	early
gene-EST35_0289	phage	gene-EST35_0289	1.37454283581053	0	0	0	0.0	42.464089981035634	1110.3945871497533	4100.185071705966	late
gene-EST35_0200	phage	gene-EST35_0200	1.839730867120964	0	0	0	0.0	0.9617555223572881	3.423180940612397	24.36958726896788	late
gene-EST35_0120	phage	gene-EST35_0120	1.2488747308844177	0	0	0	0.0	1.364814381960774	76.58452425636109	59.771163089328205	middle
gene-EST35_0313	phage	gene-EST35_0313	1.370041140021505	0	0	0	0.0	116.5290860404781	1419.0549094269616	5462.151616197552	late
gene-EST35_0248	phage	gene-EST35_0248	0.9734233686752828	0	0	0	0.0	1407.1348306082566	4338.360491983597	5287.2569200566395	late
gene-EST35_0296	phage	gene-EST35_0296	1.6353175543896006	0	0	0	0.0	77.12717700047652	72.27429094253365	572.8445262422175	late
gene-EST35_0091	phage	gene-EST35_0091	1.4269897668157667	0	0	0	0.0	1026.244085858547	328.77423671692713	134.47336235276822	early
gene-EST35_0014	phage	gene-EST35_0014	1.071799003287632	0	0	0	0.0	39.53225059825832	49.101437248006725	44.71090763941459	middle
gene-EST35_0056	phage	gene-EST35_0056	1.0223311178684236	0	0	0	0.0	87.49217038572546	136.1723305364657	91.79885817055951	middle
gene-EST35_0101	phage	gene-EST35_0101	1.498653485569296	0	0	0	0.0	1083.549706617654	183.5769302168715	45.86117585725634	early
gene-EST35_0098	phage	gene-EST35_0098	1.5039220929200936	0	0	0	0.0	11375.589708512734	1717.4410996475224	561.0708411491754	early
gene-EST35_0085	phage	gene-EST35_0085	1.025668696655346	0	0	0	0.0	1.3282025605319878	1.398545602689247	0.26029779443515233	middle
gene-EST35_0055	phage	gene-EST35_0055	1.3056015403152483	0	0	0	0.0	163.65679100870616	575.4519027931951	339.9558525529879	middle
gene-EST35_0062	phage	gene-EST35_0062	1.5228804753121186	0	0	0	0.0	3020.691545058666	585.2796905441193	301.8129786067621	early
gene-EST35_0165	phage	gene-EST35_0165	1.3475037635097704	0	0	0	0.03711232832950285	8.548498418119925	31.388184973080516	54.58389764986978	late
gene-EST35_0016	phage	gene-EST35_0016	1.222364772506813	0	0	0	0.0	73.1901081005002	134.42584368047267	75.77354819566422	middle
gene-EST35_0400	phage	gene-EST35_0400	1.050779006826727	0	0	0	0.0	21.633061222215876	38.30948973025121	67.00988971888042	late
gene-EST35_0443	phage	gene-EST35_0443	1.2838414811023346	0	0	0	0.0	5.732613329729322	198.69453781168212	92.1765441436351	middle
gene-EST35_0204	phage	gene-EST35_0204	1.5315560339133063	0	0	0	0.0	6.199252310415858	12.334541463085449	53.15735122125867	late
gene-EST35_0277	phage	gene-EST35_0277	1.2934371665090982	0	0	0	0.0	38.68088062816373	1820.680186754591	4200.6718159815255	late
gene-EST35_0212	phage	gene-EST35_0212	1.8445948223251647	0	0	0	0.0	5.494283865274447	118.18335717697114	2730.042911564791	late
gene-EST35_0271	phage	gene-EST35_0271	1.1573935690078767	0	0	0	0.0	19.22494655988344	245.7269316669659	417.33209034286284	late
gene-EST35_0362	phage	gene-EST35_0362	1.328293298614283	0	0	0	0.0	138.09950080381972	1068.2792011085241	2513.9999092872763	late
gene-EST35_0207	phage	gene-EST35_0207	1.702144788244674	0	0	0	0.0	226.0250773432466	3011.3377348704867	27201.712827064606	late
gene-EST35_0450	phage	gene-EST35_0450	1.068020454042555	0	0	0	0.0	1021.7073197829069	1107.963932327079	397.28620754485274	middle
gene-EST35_0086	phage	gene-EST35_0086	1.457121718461611	0	0	0	0.0	3185.4187285576936	462.09410423538475	155.11503143770173	early
gene-EST35_0063	phage	gene-EST35_0063	1.362363258473465	0	0	0	0.0	2759.922022553336	857.3195413197476	189.8446585415846	early
gene-EST35_0082	phage	gene-EST35_0082	1.008410305066236	0	0	0	0.0	188.86638333193244	199.90812305032077	58.579205104815834	middle
gene-EST35_0238	phage	gene-EST35_0238	1.2214983786017095	0	0	0	0.0	10.79180610412415	746.7389025096231	1226.0017547986265	late
gene-EST35_0285	phage	gene-EST35_0285	1.1021218086870197	0	0	0	0.0	810.339507764321	5365.602766972037	2988.596943764858	middle
gene-EST35_0045	phage	gene-EST35_0045	0.7828137444864172	0	0	0	0.0	1145.9889817044016	1235.064044978121	688.7439867513104	middle
gene-EST35_0316	phage	gene-EST35_0316	1.2351185415475143	0	0	0	0.0	197.39545702653845	3923.0808116453222	9102.697829541947	late
gene-EST35_0213	phage	gene-EST35_0213	1.8637965330511124	0	0	0	0.0	5.422034822691533	140.05104880849672	3549.913799027816	late
gene-EST35_0133	phage	gene-EST35_0133	1.0975842370767088	0	0	0	0.0	20.28421059853891	108.66845824965793	98.66201382675031	middle
gene-EST35_0322	phage	gene-EST35_0322	0.9436801196399414	0	0	0	0.0	1576.8276163017538	5518.508031847996	7088.752000497046	late
gene-EST35_0367	phage	gene-EST35_0367	0.8740836651567532	0	0	0	0.0	494.06547673085225	1145.673328890809	718.6410031131645	middle
gene-EST35_0025	phage	gene-EST35_0025	0.9411716848036312	0	0	0	0.0	72.06178574584328	125.14843953110949	65.61277900933726	middle
gene-EST35_0225	phage	gene-EST35_0225	1.70258269633741	0	0	0	0.0	8.288340808300136	72.0089424909467	840.6270956343487	late
gene-EST35_0074	phage	gene-EST35_0074	0.8674554713039014	0	0	0	0.0	1404.5092406874137	1107.9042529375074	446.3377721923063	early
gene-EST35_0360	phage	gene-EST35_0360	0.9205101888103984	0	0	0	0.0	393.55266906994257	455.2937574398615	359.5870371714257	middle
gene-EST35_0021	phage	gene-EST35_0021	1.084571904694168	0	0	0	0.0	88.60621128586105	393.3611121566855	170.970619305407	middle
gene-EST35_0335	phage	gene-EST35_0335	1.2976268553409611	0	0	0	0.0	4356.957415543252	24897.795655608734	6072.8603365564595	middle
gene-EST35_0223	phage	gene-EST35_0223	1.4915096284246565	0	0	0	0.03711232832950285	23.57278047536093	693.2675214184052	3742.253240991064	late
gene-EST35_0184	phage	gene-EST35_0184	1.1970845048832044	0	0	0	0.0	50.28711964931543	1802.7390290602827	1371.6180555096296	middle
gene-EST35_0299	phage	gene-EST35_0299	1.1742683699789835	0	0	0	0.0	3.0237088516202335	15.79121911950196	33.05567428567525	late
gene-EST35_0246	phage	gene-EST35_0246	1.8795189207727871	0	0	0	0.0	1.0994676567776662	44.85720520390638	785.3364640885408	late
gene-EST35_0423	phage	gene-EST35_0423	1.1033237479498443	0	0	0	0.0	294.17263325691806	1540.742134121673	678.8274567782963	middle
gene-EST35_0283	phage	gene-EST35_0283	0.9049386646394276	0	0	0	0.0	715.9126617793246	3115.9910323877098	2606.2129964255355	middle
gene-EST35_0058	phage	gene-EST35_0058	1.4099694529404907	0	0	0	0.0	212.07294127467287	716.8827437235387	275.232479267049	middle
gene-EST35_0371	phage	gene-EST35_0371	1.0341888635489824	0	0	0	0.0	11903.611466988492	32545.35689495604	10142.298590733522	middle
gene-EST35_0039	phage	gene-EST35_0039	1.159040194965439	0	0	0	0.0	73.611438849506	151.1742844989991	62.793246145541765	middle
gene-EST35_0446	phage	gene-EST35_0446	1.047481243242802	0	0	0	0.0	3.677871338734486	13.139515078813403	6.535968579654823	middle
gene-EST35_0343	phage	gene-EST35_0343	1.8971373841260104	0	0	0	0.0	41.70106071257345	282.07964182305176	6162.024396123481	late
gene-EST35_0130	phage	gene-EST35_0130	2.6193118883236486	0	0	0	0.0	1.9947165402037002	1.8507035004977215	54.527678936823	late
gene-EST35_0286	phage	gene-EST35_0286	1.317346184340329	0	0	0	0.0	31.952603849894928	455.323312371221	1357.6850332879687	late
gene-EST35_0159	phage	gene-EST35_0159	1.2641131094858808	0	0	0	0.0	20.20750259072067	471.323385819421	496.03455017665055	late
gene-EST35_0153	phage	gene-EST35_0153	2.133073699220695	0	0	0	0.0	70.28099259709751	57.44631524888777	456.703684201817	late
gene-EST35_0395	phage	gene-EST35_0395	0.8930313490868946	0	0	0	0.15116700468094102	478.40626720002814	533.8187916214819	572.3615580160475	late
gene-EST35_0308	phage	gene-EST35_0308	1.4518659103681373	0	0	0	0.0	18.912114089691006	117.47436857020197	339.53017128516836	late
gene-EST35_0422	phage	gene-EST35_0422	1.1846616413216868	0	0	0	0.0	332.46894030969383	1909.8634754626353	637.2337414313613	middle
gene-EST35_0128	phage	gene-EST35_0128	1.2613676067392523	0	0	0	0.0	67.7661491418298	121.54479306049977	263.96825151362833	late
gene-EST35_0323	phage	gene-EST35_0323	0.9990355552959888	0	0	0	0.0	349.2313632292042	1606.2036907429972	2409.5585246482574	late
gene-EST35_0208	phage	gene-EST35_0208	1.9471515975642903	0	0	0	0.0	10.501714708600508	203.28275834537718	4064.1893973040155	late
gene-EST35_0233	phage	gene-EST35_0233	1.4156390336467035	0	0	0	0.0	22.315555745604556	473.44659816411854	1812.134161358966	late
gene-EST35_0081	phage	gene-EST35_0081	1.08101832934626	0	0	0	0.0	1987.4335807626603	773.1303715127107	463.3321145761233	early
gene-EST35_0264	phage	gene-EST35_0264	1.2005059571636902	0	0	0	0.0	50.32467253686594	1938.7557575112003	2761.37567367996	late
gene-EST35_0235	phage	gene-EST35_0235	1.1182941216717524	0	0	0	0.0	100.91246913617682	1941.8429616321446	2217.853292977065	late
gene-EST35_0339	phage	gene-EST35_0339	1.244910927328042	0	0	0	0.0	119.1920536956311	1915.0643610989964	882.4158061628515	middle
gene-EST35_0193	phage	gene-EST35_0193	1.3010596916577628	0	0	0	0.0	38.071028842527596	1028.5048636992915	2652.005928836518	late
gene-EST35_0100	phage	gene-EST35_0100	1.260096273523469	0	0	0	0.0	3583.1178345684752	1420.5972235847792	519.0878979073105	early
gene-EST35_0415	phage	gene-EST35_0415	1.0190391089951218	0	0	0	0.0	793.9747414519411	1178.1403812438596	522.8331630341705	middle
gene-EST35_0364	phage	gene-EST35_0364	1.1043668867641578	0	0	0	0.0	180.57460145279617	1555.1020847490424	2617.2040385774867	late
gene-EST35_0437	phage	gene-EST35_0437	1.0894396588661972	0	0	0	0.0	388.0189209354915	1451.1944370072258	404.3413786061992	middle
gene-EST35_0382	phage	gene-EST35_0382	1.582454375480451	0	0	0	0.0	16.356888704598113	7.417653778021745	33.409892454727476	late
gene-EST35_0279	phage	gene-EST35_0279	1.3775498476271932	0	0	0	0.0	16.79097929212167	1758.0520246862386	5103.68030501921	late
gene-EST35_0357	phage	gene-EST35_0357	1.0247563957600574	0	0	0	0.0	466.752911562375	640.9399337725731	293.4451419042278	middle
gene-EST35_0166	phage	gene-EST35_0166	1.1040834670359654	0	0	0	0.0	15.78388407288918	44.05755826775916	49.7219065994911	late
gene-EST35_0024	phage	gene-EST35_0024	0.983845400319131	0	0	0	0.0	197.01688737548184	350.7128574806449	153.21201941953612	middle
gene-EST35_0186	phage	gene-EST35_0186	1.232445759268678	0	0	0	0.0	380.4129296193399	11317.56346078872	10874.73836125783	middle
gene-EST35_0315	phage	gene-EST35_0315	1.4653820033476606	0	0	0	0.0	116.95300326786797	737.4705282078962	4325.557183876609	late
gene-EST35_0140	phage	gene-EST35_0140	1.8655511688806752	0	0	0	0.0	5.199230535813217	12.437504042686003	115.19850500629036	late
gene-EST35_0073	phage	gene-EST35_0073	0.895333147014107	0	0	0	0.0	1796.3321613801083	1286.4315679013282	499.84159280955237	early
gene-EST35_0044	phage	gene-EST35_0044	0.8359075158969415	0	0	0	0.0	1201.1120833191487	1439.4112226023062	798.2462085713288	middle
gene-EST35_0221	phage	gene-EST35_0221	1.888361586417041	0	0	0	0.0	2.3750416009867457	43.679423267261846	909.6751772373365	late
gene-EST35_0155	phage	gene-EST35_0155	1.1425189134409257	0	0	0	0.0	240.37255977728265	3581.934805997682	2847.3049073331144	middle
gene-EST35_0416	phage	gene-EST35_0416	1.2304561598142034	0	0	0	0.0	465.10987324674596	927.075477561289	396.40228651070674	middle
gene-EST35_0077	phage	gene-EST35_0077	1.2882752878549368	0	0	0	0.0	7981.493411453755	2937.4123637914163	592.980419207267	early
gene-EST35_0109	phage	gene-EST35_0109	1.1982323800868675	0	0	0	0.0	33.93359924358477	636.784207022111	266.70383981127117	middle
gene-EST35_0410	phage	gene-EST35_0410	1.020737648496718	0	0	0	0.0	54.97906357156421	145.0176046853235	161.42852855855088	late
gene-EST35_0194	phage	gene-EST35_0194	1.382942936674618	0	0	0	0.0	5.802173028762347	313.1125546972061	1184.2935773039305	late
gene-EST35_0384	phage	gene-EST35_0384	1.359089223501989	0	0	0	0.0	2021.3881589653713	983.4156892010195	150.0717194701086	early
gene-EST35_0097	phage	gene-EST35_0097	1.3108245207872955	0	0	0	0.0	1735.079635686209	1269.6342561116383	306.5711873759108	early
gene-EST35_0456	phage	gene-EST35_0456	1.373773916274706	0	0	0	0.0	6.0690462839963395	27.23554966382558	18.178488283393637	middle
gene-EST35_0249	phage	gene-EST35_0249	0.9877512652546496	0	0	0	0.0	325.0396049301182	2022.5879078079606	1973.780773760321	middle
gene-EST35_0031	phage	gene-EST35_0031	1.3239894100255716	0	0	0	0.0	83.3929444561195	279.28482692490337	107.01248259517506	middle
gene-EST35_0064	phage	gene-EST35_0064	1.4132418835677634	0	0	0	0.0	7337.290188404923	4995.851280399492	418.7209013901448	early
gene-EST35_0059	phage	gene-EST35_0059	1.1896671890519943	0	0	0	0.0	718.1546851704774	1144.3696450447205	334.6882263617068	middle
gene-EST35_0158	phage	gene-EST35_0158	1.3046878056572773	0	0	0	0.0	39.07281432147944	2322.055658828002	856.2118184671212	middle
gene-EST35_0261	phage	gene-EST35_0261	1.0306013710094106	0	0	0	0.0	295.14766149819843	2096.7256748291425	2769.30729804186	late
gene-EST35_0162	phage	gene-EST35_0162	1.8499032823095825	0	0	0	0.0	6.039773701601344	13.462271017111611	51.316627092777516	late
gene-EST35_0317	phage	gene-EST35_0317	1.220311319564672	0	0	0	0.06516364546285085	42.53144555321233	2636.3555293115837	5717.994868746508	late
gene-EST35_0290	phage	gene-EST35_0290	1.412470679323451	0	0	0	0.0	20.7320082641674	912.1314483436405	3411.5339404711503	late
gene-EST35_0303	phage	gene-EST35_0303	1.0308319296703172	0	0	0	0.03574294645120438	10.566076657909747	15.705555553770866	37.780500409741826	late
gene-EST35_0142	phage	gene-EST35_0142	3.152538870435534	0	0	0	0.0	0.3274506358013554	0.4974976371107986	29.769764063836394	late
gene-EST35_0284	phage	gene-EST35_0284	0.9376615738581164	0	0	0	0.0	485.4953677923133	2447.2705739224643	2090.3239222141747	middle
gene-EST35_0154	phage	gene-EST35_0154	1.7280374642705578	0	0	0	0.0	132.69616579237496	80.01696593292233	281.31558003896873	late
gene-EST35_0333	phage	gene-EST35_0333	1.078617514024546	0	0	0	0.0	489.26997917621776	1456.4727136786175	593.5628417895215	middle
gene-EST35_0033	phage	gene-EST35_0033	1.3169824625471416	0	0	0	0.0	277.54497168346427	1660.5497776611012	371.43071158228	middle
gene-EST35_0076	phage	gene-EST35_0076	1.5430430292802946	0	0	0	0.0	917.644475519183	275.21237754877916	144.88783446062226	early
gene-EST35_0116	phage	gene-EST35_0116	1.3014801495798516	0	0	0	0.0	10.875056971053292	290.2122711285389	281.3046818081612	middle
gene-EST35_0049	phage	gene-EST35_0049	0.954164661006624	0	0	0	0.0	599.4774793623604	1760.0293589850883	698.0495890842125	middle
gene-EST35_0198	phage	gene-EST35_0198	1.6814580610859011	0	0	0	0.0	4.886761782172662	7.462461912134951	52.50362429005309	late
gene-EST35_0369	phage	gene-EST35_0369	0.9223112642243672	0	0	0	0.0	202.89863068546575	660.1366870666816	550.2285661885904	middle
gene-EST35_0065	phage	gene-EST35_0065	1.492356265822781	0	0	0	0.0	8379.74215283957	3850.0039177661397	445.86431794155345	early
gene-EST35_0129	phage	gene-EST35_0129	2.3350880733606503	0	0	0	0.0	15.479244817087867	24.739577163766892	223.1485437886563	late
gene-EST35_0430	phage	gene-EST35_0430	0.9198171262372904	0	0	0	0.0	619.1553795687621	919.2978419927044	281.2651961591342	middle
gene-EST35_0441	phage	gene-EST35_0441	1.3684092686664835	0	0	0	0.0	140.52275368648182	2027.7634622764997	570.9195019423751	middle
gene-EST35_0068	phage	gene-EST35_0068	0.9482830932344608	0	0	0	0.0	22086.510275031604	58478.921229680185	22141.807076833855	middle
gene-EST35_0302	phage	gene-EST35_0302	1.01947457595433	0	0	0	0.0	47.01553143091882	32.111700347960415	71.3374016715559	late
gene-EST35_0270	phage	gene-EST35_0270	1.364081155849516	0	0	0	0.0	162.85822788302897	1926.1162623465432	6331.546973807547	late
gene-EST35_0269	phage	gene-EST35_0269	1.21069129577557	0	0	0	0.0	13.603526997012176	2222.4204023886236	1605.4756872963633	middle
gene-EST35_0171	phage	gene-EST35_0171	1.2405214274528242	0	0	0	0.0	28.670694740076915	772.5610464570999	454.61924087669496	middle
gene-EST35_0291	phage	gene-EST35_0291	1.322612654552512	0	0	0	0.0	84.55063944996182	4808.905142674211	14036.193177186899	late
gene-EST35_0051	phage	gene-EST35_0051	0.8732101217491142	0	0	0	0.0	2927.5970034368024	3249.3203204599813	1516.7945087986748	middle
gene-EST35_0325	phage	gene-EST35_0325	1.111112458821281	0	0	0	0.0	454.91315443370263	5176.815716592369	8116.219457617458	late
gene-EST35_0448	phage	gene-EST35_0448	1.189006721647927	0	0	0	0.0	14.417533168004939	74.13313147691704	45.73270727036246	middle
gene-EST35_0217	phage	gene-EST35_0217	1.560298388368623	0	0	0	0.0	33.38266597693991	580.7611239789617	3934.2032428027233	late
gene-EST35_0336	phage	gene-EST35_0336	1.3219428134611333	0	0	0	0.0	79.42670500814584	486.14060583776956	136.3559507979577	middle
gene-EST35_0328	phage	gene-EST35_0328	1.1593050862650165	0	0	0	0.0	49.638936740151145	4250.244332859406	5515.323793545041	late
gene-EST35_0118	phage	gene-EST35_0118	1.4154053055005418	0	0	0	0.0	5.45778995173876	160.9621059591215	126.85088673036432	middle
gene-EST35_0262	phage	gene-EST35_0262	1.1267882070173254	0	0	0	0.0	143.60241268924153	2235.8478520462672	2552.5767595737584	late
gene-EST35_0241	phage	gene-EST35_0241	1.5667117618637867	0	0	0	0.0	52.261674437707846	1020.0163901890279	6812.445264809577	late
gene-EST35_0278	phage	gene-EST35_0278	1.3556839839206525	0	0	0	0.0	27.45313401662676	1738.7739492234716	4728.0408358372515	late
gene-EST35_0047	phage	gene-EST35_0047	0.8932668864069528	0	0	0	0.0	787.7878744256682	1327.9560800218526	651.6546002045766	middle
gene-EST35_0069	phage	gene-EST35_0069	1.011929402984835	0	0	0	0.0	1235.8607857754896	535.4027908555794	434.75670861168993	early
gene-EST35_0239	phage	gene-EST35_0239	1.190438709990512	0	0	0	0.0	11.730573384641753	809.2792645702702	1475.670205052972	late
gene-EST35_0427	phage	gene-EST35_0427	1.0236197586251523	0	0	0	0.0	172.85134382819186	1081.5162891422924	1079.6685290549601	middle
gene-EST35_0310	phage	gene-EST35_0310	1.4705675079267393	0	0	0	0.0	98.78182327642276	762.4192351990793	3803.8290446210044	late
gene-EST35_0117	phage	gene-EST35_0117	1.3379365531197838	0	0	0	0.0	14.084150556815466	366.8756386671237	345.07968384453943	middle
gene-EST35_0048	phage	gene-EST35_0048	0.963148963702064	0	0	0	0.0	537.9394751782527	1308.1590319137993	594.6285194933831	middle
gene-EST35_0206	phage	gene-EST35_0206	1.60888531652004	0	0	0	0.0	14.9723187197633	34.93862035280154	244.14312259817447	late
gene-EST35_0403	phage	gene-EST35_0403	0.7936349969630788	0	0	0	0.3593024359486094	286.7543035525054	355.9226179042258	364.8428948290246	late
gene-EST35_0326	phage	gene-EST35_0326	1.202241230275636	0	0	0	0.0	54.85156726637629	1744.0577261414776	3432.7101699328755	late
gene-EST35_0408	phage	gene-EST35_0408	0.8559302552064166	0	0	0	0.0	195.24400043827333	378.21885105972086	215.495780952304	middle
gene-EST35_0037	phage	gene-EST35_0037	1.100678449708426	0	0	0	0.0	10.531663921225404	16.613269429125186	7.477025850168474	middle
gene-EST35_0197	phage	gene-EST35_0197	1.3385558187083406	0	0	0	0.0	21.12920904596258	20.04548474454953	77.54639258502995	late
gene-EST35_0417	phage	gene-EST35_0417	1.3086557208850875	0	0	0	0.0	243.50682091432532	535.710112151155	246.65192949578784	middle
gene-EST35_0258	phage	gene-EST35_0258	1.3894506560858824	0	0	0	0.0	6.461535982624613	1460.841261179101	5295.251480805787	late
gene-EST35_0083	phage	gene-EST35_0083	1.1262894095648452	0	0	0	0.0	41.89461585924315	36.30639240462446	13.781553797430036	early
gene-EST35_0099	phage	gene-EST35_0099	1.0144639020237745	0	0	0	0.0	372.4296685183188	1018.2307599511429	357.08449717276216	middle
gene-EST35_0214	phage	gene-EST35_0214	1.874271066555252	0	0	0	0.0	5.8974706256436145	148.50532440345214	3564.444171846972	late
gene-EST35_0020	phage	gene-EST35_0020	1.0272317562420277	0	0	0	0.0	127.19466508135717	527.6071731838271	230.16963200868167	middle
gene-EST35_0095	phage	gene-EST35_0095	1.84407195198394	0	0	0	0.0	2505.2746559495067	263.6612166848202	101.32744085939034	early
gene-EST35_0071	phage	gene-EST35_0071	0.9223307192598342	0	0	0	0.0	2153.342433337599	1128.697744127004	613.6354654120618	early
gene-EST35_0236	phage	gene-EST35_0236	1.1867346520478246	0	0	0	0.0	32.517889615809366	1033.0370975724434	1370.9090244105992	late
gene-EST35_0344	phage	gene-EST35_0344	1.7275389101987286	0	0	0	0.0	223.75125102670447	1091.8450572848897	15490.460832788942	late
gene-EST35_0426	phage	gene-EST35_0426	1.5178316569814396	0	0	0	0.0	44.6687636227063	212.39589865342714	404.3201795969723	late
gene-EST35_0205	phage	gene-EST35_0205	1.742871687306378	0	0	0	0.0	8.005824467596483	11.667925227887025	36.6382941842598	late
gene-EST35_0309	phage	gene-EST35_0309	1.4269505379978762	0	0	0	0.0	18.77819244134874	368.51531951369117	1114.0698581647857	late
gene-EST35_0392	phage	gene-EST35_0392	1.3857625241150509	0	0	0	0.0	27.215534702299877	236.81177228712423	146.72704487038507	middle
gene-EST35_0043	phage	gene-EST35_0043	0.8060747874301368	0	0	0	0.0	922.6401271504393	972.7373716777952	571.1395629552707	middle
gene-EST35_0421	phage	gene-EST35_0421	1.0970952775610694	0	0	0	0.0	274.5260437370544	1170.349714167128	357.2757943586559	middle
gene-EST35_0447	phage	gene-EST35_0447	1.159257239280959	0	0	0	0.0	9.766174332438949	43.6442806805747	27.784313336173273	middle
gene-EST35_0094	phage	gene-EST35_0094	1.454107117825134	0	0	0	0.0	3169.408873678796	771.4002957404185	344.61021209193103	early
gene-EST35_0431	phage	gene-EST35_0431	0.9124920552084588	0	0	0	0.0	625.5785026063645	979.082834768203	358.9200341791764	middle
gene-EST35_0203	phage	gene-EST35_0203	1.851821936637216	0	0	0	0.03711232832950285	10.527141926507182	13.602972575921122	115.05223219710139	late
gene-EST35_0088	phage	gene-EST35_0088	1.2235379038900485	0	0	0	0.0	1138.546067348281	497.5538920508825	227.34187010446385	early
gene-EST35_0298	phage	gene-EST35_0298	1.1288116590036608	0	0	0	0.0	2647.049552203073	13337.678275591388	5517.416153105615	middle
gene-EST35_0331	phage	gene-EST35_0331	1.159045958416042	0	0	0	0.0	5.28254171520102	123.34822465488053	185.25325349393407	late
gene-EST35_0263	phage	gene-EST35_0263	1.1909143881113913	0	0	0	0.0	42.404916663801934	1126.5135567445893	1843.6322137432114	late
gene-EST35_0240	phage	gene-EST35_0240	1.538141569286129	0	0	0	0.0	63.44887813107544	890.0109648193234	5395.803950760051	late
gene-EST35_0112	phage	gene-EST35_0112	1.3392336137760597	0	0	0	0.0	3.088313892564025	145.67373257924552	51.979300223477516	middle
gene-EST35_0173	phage	gene-EST35_0173	1.120542832066822	0	0	0	0.0	27.66964125305296	58.52337476747815	18.77345467534772	middle
gene-EST35_0247	phage	gene-EST35_0247	1.891757198086797	0	0	0	0.0	1.1496527382094668	38.739789131989376	734.8232940266734	late
gene-EST35_0005	phage	gene-EST35_0005	1.08243397646896	0	0	0	0.0	136.2326541501638	325.03244757762815	213.53093306125461	middle
gene-EST35_0113	phage	gene-EST35_0113	1.0697484394824923	0	0	0	0.0	58.82516002179267	772.3384623597652	600.5579845014555	middle
gene-EST35_0152	phage	gene-EST35_0152	2.4394157113606667	0	0	0	0.0	14.12066261429642	12.104707830761226	212.29575406659862	late
gene-EST35_0361	phage	gene-EST35_0361	1.0463173996532498	0	0	0	0.0	226.99990548973503	415.19576465180825	498.6380133603413	late
gene-EST35_0009	phage	gene-EST35_0009	1.068916417315755	0	0	0	0.0	59.5945811906075	150.4068672931101	85.13393678054008	middle
gene-EST35_0318	phage	gene-EST35_0318	1.486580456758537	0	0	0	0.0	82.34449678232352	804.2553522738693	4550.041538729176	late
gene-EST35_0355	phage	gene-EST35_0355	0.9578395310569716	0	0	0	0.0	985.4158079530889	1001.1404814024627	434.91244170510623	middle
gene-EST35_0250	phage	gene-EST35_0250	1.062642622731835	0	0	0	0.0	58.51218645764996	667.9820755268412	867.5273354963388	late
gene-EST35_0252	phage	gene-EST35_0252	1.150196089265883	0	0	0	0.0	27.336742983332687	1189.1866030576164	1193.23520958069	late
gene-EST35_0030	phage	gene-EST35_0030	1.100852809518181	0	0	0	0.0	168.8548712292441	501.1880699410646	114.6382298675721	middle
gene-EST35_0404	phage	gene-EST35_0404	0.8311463476827451	0	0	0	0.0	662.2323505671551	1040.3272922323665	1289.3015092514386	late
gene-EST35_0070	phage	gene-EST35_0070	0.9479275651560908	0	0	0	0.0	2447.1234547971585	1185.9896288246307	759.8613112794565	early
gene-EST35_0146	phage	gene-EST35_0146	2.253047572939893	0	0	0	0.0	14.61093425469835	24.348927673969143	543.4871608354911	late
gene-EST35_0383	phage	gene-EST35_0383	0.93238928772348	0	0	0	0.0	24.974589897759756	58.99315996207306	45.32470426032905	middle
gene-EST35_0266	phage	gene-EST35_0266	1.2217756157609878	0	0	0	0.03711232832950285	568.7502770981861	4507.012803745875	1569.2238781173148	middle
gene-EST35_0067	phage	gene-EST35_0067	1.0226080102376836	0	0	0	0.0	1239.0552531547103	607.3707879182904	267.2004531867345	early
gene-EST35_0305	phage	gene-EST35_0305	1.0527229764347206	0	0	0	0.0	57.44091666382162	50.79023822665244	91.08433848230158	late
gene-EST35_0332	phage	gene-EST35_0332	1.0432348625397367	0	0	0	0.0	709.3662844138435	2030.1941448104415	684.5084212729668	middle
gene-EST35_0218	phage	gene-EST35_0218	1.551706460703104	0	0	0	0.03711232832950285	31.433299126484	558.1762631817325	3490.1534175281017	late
gene-EST35_0380	phage	gene-EST35_0380	1.2470362005065656	0	0	0	0.0	30.72795105458188	39.88231393668652	95.55516631317228	late
gene-EST35_0459	phage	gene-EST35_0459	1.4271382697818515	0	0	0	0.0	26.529765371432152	289.1403606032252	136.86360709310964	middle
gene-EST35_0144	phage	gene-EST35_0144	1.879577580690031	0	0	0	0.0	47.70512145364097	147.04023980403676	1305.047287544116	late
gene-EST35_0163	phage	gene-EST35_0163	2.3228144842757645	0	0	0	0.0	3.63661961469438	5.1109784809510534	43.87949918348647	late
gene-EST35_0387	phage	gene-EST35_0387	1.0457311009444243	0	0	0	0.0	387.72967721623417	650.0473139315567	457.12400440314923	middle
gene-EST35_0145	phage	gene-EST35_0145	2.0576272291873634	0	0	0	0.0	15.617014546942677	45.863537664685424	452.6431501557491	late
gene-EST35_0147	phage	gene-EST35_0147	2.6097194377720445	0	0	0	0.0	2.9749310338341037	4.576934704257542	242.3623601649853	late
gene-EST35_0125	phage	gene-EST35_0125	1.6814617487664092	0	0	0	0.0	18.40387286159707	24.84977473943815	75.50361668473838	late
gene-EST35_0306	phage	gene-EST35_0306	1.339812476239948	0	0	0	0.0	13.025462992505505	25.28931987799399	70.52755762842476	late
gene-EST35_0222	phage	gene-EST35_0222	1.6381642406361068	0	0	0	0.0	4.771723134114059	22.010460247166268	168.6931963162346	late
gene-EST35_0386	phage	gene-EST35_0386	0.9236083630687372	0	0	0	0.0	299.97853954172905	668.5851860530539	386.17396794822065	middle
gene-EST35_0345	phage	gene-EST35_0345	1.690690686647114	0	0	0	0.0	170.35845457725486	707.3035906455192	8516.22929960379	late
gene-EST35_0288	phage	gene-EST35_0288	1.3787795005568395	0	0	0	0.0	43.75983628128095	951.9039162834921	3500.593406450249	late
gene-EST35_0242	phage	gene-EST35_0242	1.6789488804255157	0	0	0	0.0	9.176447300277191	344.3421562579153	3197.2083084623105	late
gene-EST35_0168	phage	gene-EST35_0168	1.124612455512089	0	0	0	0.0	214.21994379382554	6316.068628882197	7689.4351919993705	late
gene-EST35_0455	phage	gene-EST35_0455	1.2528671268018177	0	0	0	0.0	45.99009809248911	158.44481587710246	71.78454673256465	middle
