Geneid	molecular_weight	aromaticity	H_frac	E_frac	C_frac	rsa_mean	frac_exposed	transitions_per_residue
gene-T4p001	82892.3616	0.11310344827586206	0.21655172413793103	0.11862068965517242	0.2772413793103448	0.2793619152739204	0.7144827586206897	0.3393103448275862
gene-T4p002	8129.2248	0.10447761194029852	0.803030303030303	0.0	0.12121212121212122	0.3018503010830571	0.9242424242424242	0.18181818181818182
gene-T4p003	18630.2152	0.11875	0.42138364779874216	0.1509433962264151	0.2389937106918239	0.3305581261303605	0.8553459119496856	0.3270440251572327
gene-T4p004	14650.578599999999	0.1349206349206349	0.568	0.032	0.184	0.3268581507808852	0.904	0.28
gene-T4p005	4224.7404	0.05405405405405405	0.16666666666666666	0.2222222222222222	0.4166666666666667	0.361055976935437	0.9166666666666666	0.3333333333333333
gene-T4p006	57976.7601	0.0755813953488372	0.3449612403100775	0.24612403100775193	0.19186046511627908	0.31048081968938607	0.7887596899224806	0.29651162790697677
gene-T4p007	7156.008600000001	0.13846153846153847	0.265625	0.453125	0.140625	0.3210958415945401	0.84375	0.265625
gene-T4p008	5106.900299999999	0.06666666666666667	0.0	0.4090909090909091	0.36363636363636365	0.36426041983734886	0.8181818181818182	0.3409090909090909
gene-T4p009	16681.5479	0.1347517730496454	0.36428571428571427	0.15	0.3	0.30543991704392814	0.8357142857142857	0.29285714285714287
gene-T4p010	8464.4602	0.14084507042253522	0.08571428571428572	0.4714285714285714	0.2	0.3046615225121966	0.8142857142857143	0.3
gene-T4p011	18216.9603	0.1111111111111111	0.09316770186335403	0.45962732919254656	0.19875776397515527	0.34824358747044204	0.7888198757763976	0.3105590062111801
gene-T4p012	13803.6332	0.14285714285714285	0.16101694915254236	0.3050847457627119	0.2457627118644068	0.3207989844187316	0.8135593220338984	0.3474576271186441
gene-T4p013	19735.3361	0.1506024096385542	0.34545454545454546	0.09696969696969697	0.2727272727272727	0.26805158932926737	0.6727272727272727	0.3393939393939394
gene-T4p014	25963.3602	0.09251101321585903	0.39823008849557523	0.12389380530973451	0.15486725663716813	0.308978921308127	0.8008849557522124	0.33185840707964603
gene-T4p015	9391.794800000001	0.08750000000000001	0.5569620253164557	0.0	0.21518987341772153	0.30497781750232017	0.8354430379746836	0.2911392405063291
gene-T4p016	9549.8042	0.1111111111111111	0.7375	0.0	0.1125	0.2826300550717182	0.8625	0.2125
gene-T4p017	49896.762500000004	0.11389521640091116	0.365296803652968	0.2762557077625571	0.15753424657534246	0.3042417179949774	0.7831050228310502	0.2945205479452055
gene-T4p018	12104.008699999998	0.1262135922330097	0.30392156862745096	0.29411764705882354	0.19607843137254902	0.3208207353890109	0.8235294117647058	0.3235294117647059
gene-T4p019	29040.5492	0.07661290322580644	0.5101214574898786	0.0728744939271255	0.1417004048582996	0.27020033573108565	0.728744939271255	0.291497975708502
gene-T4p020	23347.484	0.125	0.36683417085427134	0.05025125628140704	0.32663316582914576	0.25411507017859564	0.6683417085427136	0.33668341708542715
gene-T4p021	24242.2593	0.11594202898550723	0.41262135922330095	0.2766990291262136	0.1407766990291262	0.28342530385998294	0.7475728155339806	0.2621359223300971
gene-T4p022	7024.634	0.11666666666666667	0.5423728813559322	0.0	0.2542372881355932	0.3366130357834578	0.8983050847457628	0.22033898305084745
gene-T4p023	18330.927799999998	0.10897435897435899	0.33548387096774196	0.05161290322580645	0.38064516129032255	0.2940568912683379	0.7935483870967742	0.3161290322580645
gene-T4p024	6162.0776000000005	0.018518518518518517	0.6226415094339622	0.0	0.2830188679245283	0.35150181699538247	0.9622641509433962	0.11320754716981132
gene-T4p025	8104.299800000001	0.08955223880597016	0.7575757575757576	0.0	0.09090909090909091	0.2856637549051403	0.8939393939393939	0.15151515151515152
gene-T4p026	18492.9332	0.12422360248447205	0.39375	0.175	0.1625	0.2780316203648395	0.8125	0.3125
gene-T4p027	12620.5186	0.1592920353982301	0.25892857142857145	0.125	0.48214285714285715	0.4216499256997813	0.9642857142857143	0.1875
gene-T4p028	8257.414499999999	0.14705882352941177	0.23880597014925373	0.2835820895522388	0.2835820895522388	0.28362270616950624	0.8208955223880597	0.2537313432835821
gene-T4p029	9117.0543	0.125	0.3037974683544304	0.22784810126582278	0.21518987341772153	0.3540239431479585	0.8734177215189873	0.24050632911392406
gene-T4p030	26215.7958	0.10714285714285714	0.5695067264573991	0.1210762331838565	0.1210762331838565	0.3194842913824102	0.8340807174887892	0.21076233183856502
gene-T4p031	20423.9562	0.11695906432748537	0.8058823529411765	0.0058823529411764705	0.058823529411764705	0.2741340318880415	0.7764705882352941	0.14705882352941177
gene-T4p032	30416.400099999995	0.1274131274131274	0.3875968992248062	0.13953488372093023	0.2596899224806202	0.30870531079170455	0.8333333333333334	0.32945736434108525
gene-T4p033	39777.515400000004	0.10818713450292397	0.3313782991202346	0.16715542521994134	0.20234604105571846	0.30238154819036883	0.7741935483870968	0.35777126099706746
gene-T4p034	5896.5692	0.037037037037037035	0.20754716981132076	0.0	0.5849056603773585	0.45076067203914905	1.0	0.24528301886792453
gene-T4p035	24331.2855	0.14423076923076925	0.17391304347826086	0.2946859903381642	0.2560386473429952	0.2697474334314287	0.6763285024154589	0.34782608695652173
gene-T4p036	10993.557799999999	0.09278350515463915	0.6354166666666666	0.0	0.2604166666666667	0.3400449578719762	0.9166666666666666	0.21875
gene-T4p037	10186.9682	0.12941176470588234	0.30952380952380953	0.0	0.4880952380952381	0.3112546564699718	0.8571428571428571	0.2976190476190476
gene-T4p038	7027.1895	0.11666666666666667	0.2542372881355932	0.576271186440678	0.06779661016949153	0.2928072301346843	0.7796610169491526	0.1694915254237288
gene-T4p039	53600.378699999994	0.0863157894736842	0.5253164556962026	0.11392405063291139	0.16877637130801687	0.3020888266829461	0.8037974683544303	0.2510548523206751
gene-T4p040	13290.086299999999	0.07017543859649122	0.40707964601769914	0.17699115044247787	0.25663716814159293	0.3453637861516517	0.9557522123893806	0.23008849557522124
gene-T4p041	43997.7935	0.09207161125319693	0.43846153846153846	0.22564102564102564	0.14615384615384616	0.3006659497151996	0.7974358974358975	0.27692307692307694
gene-T4p042	25338.834799999997	0.09502262443438915	0.4590909090909091	0.11818181818181818	0.1590909090909091	0.3280576524655886	0.8590909090909091	0.2636363636363636
gene-T4p043	40665.442599999995	0.11680911680911682	0.3742857142857143	0.1742857142857143	0.20857142857142857	0.2971697688353237	0.7771428571428571	0.32857142857142857
gene-T4p044	28488.914099999995	0.13414634146341464	0.4163265306122449	0.22040816326530613	0.15918367346938775	0.3042771741020466	0.7714285714285715	0.2816326530612245
gene-T4p045	9342.1441	0.14457831325301204	0.6829268292682927	0.0	0.17073170731707318	0.32494761411200596	0.8536585365853658	0.18292682926829268
gene-T4p046	14073.782500000001	0.096	0.3629032258064516	0.0	0.3387096774193548	0.336446253425709	0.8790322580645161	0.24193548387096775
gene-T4p047	103608.57430000001	0.11469933184855234	0.45707915273132665	0.1806020066889632	0.16276477146042365	0.2950765478529182	0.7647714604236343	0.26644370122630995
gene-T4p048	14618.9641	0.09836065573770492	0.2727272727272727	0.17355371900826447	0.3140495867768595	0.3018186439111427	0.7520661157024794	0.256198347107438
gene-T4p049	21362.451	0.10160427807486631	0.7258064516129032	0.0	0.14516129032258066	0.2899229638406929	0.9032258064516129	0.1881720430107527
gene-T4p050	35785.8445	0.07523510971786834	0.60062893081761	0.10377358490566038	0.12264150943396226	0.31061969498562125	0.8427672955974843	0.24213836477987422
gene-T4p051	24858.0094	0.08333333333333334	0.1762114537444934	0.3920704845814978	0.18502202643171806	0.3237406242619131	0.7973568281938326	0.3568281938325991
gene-T4p052	14710.490399999999	0.062015503875969	0.4609375	0.125	0.28125	0.2959042515467025	0.8203125	0.234375
gene-T4p053	7477.2959	0.12903225806451613	0.5081967213114754	0.0	0.39344262295081966	0.34381867997168175	0.9016393442622951	0.22950819672131148
gene-T4p054	63612.239499999996	0.075	0.6028622540250447	0.15026833631484796	0.09660107334525939	0.2906155713123515	0.8050089445438283	0.20214669051878353
gene-T4p055	8185.1185	0.17647058823529413	0.22388059701492538	0.5223880597014925	0.07462686567164178	0.3035943107063145	0.7910447761194029	0.1791044776119403
gene-T4p056	10267.6317	0.12643678160919541	0.37209302325581395	0.3488372093023256	0.10465116279069768	0.3169135343915697	0.8604651162790697	0.26744186046511625
gene-T4p057	39165.5734	0.10914454277286136	0.32840236686390534	0.22781065088757396	0.22781065088757396	0.3015648123314359	0.7781065088757396	0.32840236686390534
gene-T4p058	5320.437199999999	0.2391304347826087	0.8444444444444444	0.0	0.06666666666666667	0.29679571497548213	0.9111111111111111	0.13333333333333333
gene-T4p059	46703.5864	0.12	0.49122807017543857	0.17794486215538846	0.14536340852130325	0.28960847612958684	0.7619047619047619	0.3032581453634085
gene-T4p060	30362.7909	0.11363636363636365	0.40304182509505704	0.09125475285171103	0.22813688212927757	0.3085630932702808	0.8022813688212928	0.33079847908745247
gene-T4p061	7322.3009	0.07936507936507936	0.4032258064516129	0.12903225806451613	0.3225806451612903	0.33001585536368644	0.8064516129032258	0.27419354838709675
gene-T4p062	7931.1810000000005	0.1044776119402985	0.0	0.25757575757575757	0.3939393939393939	0.34439069826162816	0.8636363636363636	0.4393939393939394
gene-T4p063	12443.969099999998	0.06666666666666667	0.8173076923076923	0.0	0.07692307692307693	0.2789014421011223	0.8846153846153846	0.15384615384615385
gene-T4p064	8547.624800000001	0.1388888888888889	0.30985915492957744	0.28169014084507044	0.2112676056338028	0.32251544258283565	0.8591549295774648	0.3380281690140845
gene-T4p065	21535.8985	0.11891891891891893	0.625	0.0	0.20652173913043478	0.32002728138158565	0.9130434782608695	0.1956521739130435
gene-T4p066	9845.2187	0.12643678160919541	0.3488372093023256	0.38372093023255816	0.11627906976744186	0.3386817169958487	0.813953488372093	0.1744186046511628
gene-T4p067	12726.6733	0.07407407407407407	0.7850467289719626	0.0	0.11214953271028037	0.2850070705000834	0.8037383177570093	0.11214953271028037
gene-T4p068	9152.4125	0.13924050632911394	0.782051282051282	0.0	0.11538461538461539	0.3086083981661027	0.8717948717948718	0.16666666666666666
gene-T4p069	5145.8646	0.13953488372093023	0.0	0.0	0.4523809523809524	0.3513133700169211	0.9285714285714286	0.40476190476190477
gene-T4p070	11808.2397	0.11340206185567012	0.5	0.0	0.3020833333333333	0.3399293371902419	0.9270833333333334	0.22916666666666666
gene-T4p071	6962.2117	0.11666666666666667	0.11864406779661017	0.4576271186440678	0.15254237288135594	0.341494239265743	0.7796610169491526	0.2711864406779661
gene-T4p072	11751.4843	0.09803921568627452	0.3564356435643564	0.22772277227722773	0.2376237623762376	0.3195566430076498	0.8415841584158416	0.2871287128712871
gene-T4p073	7912.308	0.15714285714285717	0.8695652173913043	0.0	0.10144927536231885	0.3243417790373461	0.9710144927536232	0.08695652173913043
gene-T4p074	18246.616899999997	0.12820512820512822	0.23870967741935484	0.2838709677419355	0.15483870967741936	0.29695572044107393	0.7290322580645161	0.36774193548387096
gene-T4p075	23974.9187	0.10476190476190476	0.49760765550239233	0.11483253588516747	0.12440191387559808	0.3311643940852196	0.8516746411483254	0.291866028708134
gene-T4p076	67955.9234	0.09421487603305785	0.4652317880794702	0.15066225165562913	0.14403973509933773	0.28684280452128996	0.7549668874172185	0.2731788079470199
gene-T4p077	30388.838499999998	0.12015503875968991	0.4046692607003891	0.19455252918287938	0.1517509727626459	0.29588511538386997	0.8210116731517509	0.311284046692607
gene-T4p078	18143.521099999998	0.08280254777070063	0.5448717948717948	0.057692307692307696	0.16025641025641027	0.32461430389631846	0.8910256410256411	0.26282051282051283
gene-T4p079	12212.8766	0.09523809523809523	0.5384615384615384	0.0	0.22115384615384615	0.3278843149356941	0.8942307692307693	0.2980769230769231
gene-T4p080	18815.9189	0.11180124223602483	0.3875	0.13125	0.25625	0.30556257799165215	0.7875	0.3
gene-T4p081	6163.654299999999	0.13725490196078433	0.26	0.0	0.38	0.3987981762807163	0.98	0.26
gene-T4p082	12578.7551	0.1320754716981132	0.19047619047619047	0.38095238095238093	0.26666666666666666	0.31498120641290844	0.7904761904761904	0.2571428571428571
gene-T4p083	11938.137	0.1764705882352941	0.22772277227722773	0.36633663366336633	0.3069306930693069	0.3408876534428878	0.8613861386138614	0.19801980198019803
gene-T4p084	10049.5189	0.12643678160919541	0.3372093023255814	0.18604651162790697	0.18604651162790697	0.3233053756773723	0.8953488372093024	0.4069767441860465
gene-T4p085	9443.618	0.11249999999999999	0.7974683544303798	0.0	0.0759493670886076	0.31470273914313734	0.8987341772151899	0.1518987341772152
gene-T4p086	12158.6906	0.057692307692307696	0.4854368932038835	0.13592233009708737	0.18446601941747573	0.3294837244182989	0.9223300970873787	0.21359223300970873
gene-T4p087	36293.0329	0.10714285714285714	0.4006514657980456	0.18892508143322476	0.13355048859934854	0.24936343394351218	0.6579804560260586	0.250814332247557
gene-T4p088	38992.2572	0.1021021021021021	0.5301204819277109	0.05120481927710843	0.20783132530120482	0.284576378380682	0.7921686746987951	0.2620481927710843
gene-T4p089	39666.8032	0.10294117647058823	0.3775811209439528	0.07374631268436578	0.23303834808259588	0.30448467266237345	0.8230088495575221	0.25663716814159293
gene-T4p090	31724.2896	0.09454545454545454	0.42700729927007297	0.043795620437956206	0.26277372262773724	0.2625298722475475	0.7116788321167883	0.2956204379562044
gene-T4p091	15263.635600000001	0.15037593984962405	0.5303030303030303	0.2803030303030303	0.11363636363636363	0.31422648985490964	0.8484848484848485	0.17424242424242425
gene-T4p092	20757.2084	0.10285714285714286	0.603448275862069	0.14942528735632185	0.09195402298850575	0.28948020034562844	0.8275862068965517	0.22413793103448276
gene-T4p093	11978.6736	0.14	0.7373737373737373	0.0	0.1111111111111111	0.2916492448669375	0.8282828282828283	0.1919191919191919
gene-T4p094	36687.307700000005	0.08615384615384616	0.41358024691358025	0.2006172839506173	0.16358024691358025	0.31723787664752917	0.8395061728395061	0.2993827160493827
gene-T4p095	38895.564999999995	0.11011904761904762	0.4925373134328358	0.11641791044776119	0.1582089552238806	0.29023126726595316	0.7731343283582089	0.27761194029850744
gene-T4p096	30452.521599999996	0.11196911196911197	0.7713178294573644	0.03875968992248062	0.07364341085271318	0.29404474597513586	0.8449612403100775	0.18992248062015504
gene-T4p097	21177.0552	0.10497237569060774	0.24444444444444444	0.42777777777777776	0.1111111111111111	0.3067657154421582	0.8222222222222222	0.2611111111111111
gene-T4p098	4206.0887	0.17647058823529413	0.8787878787878788	0.0	0.12121212121212122	0.30092486144783226	0.9090909090909091	0.12121212121212122
gene-T4p099	4517.1917	0.10526315789473685	0.7297297297297297	0.0	0.24324324324324326	0.3287302962769764	0.9459459459459459	0.08108108108108109
gene-T4p100	7604.5217	0.09375	0.8888888888888888	0.0	0.09523809523809523	0.29476717112593614	0.9206349206349206	0.07936507936507936
gene-T4p101	6859.7448	0.05	0.7627118644067796	0.0	0.1016949152542373	0.31508139013173797	0.9830508474576272	0.1016949152542373
gene-T4p102	7123.1161	0.0967741935483871	0.4426229508196721	0.26229508196721313	0.19672131147540983	0.34039902152528695	0.9016393442622951	0.19672131147540983
gene-T4p103	14647.418999999998	0.140625	0.7559055118110236	0.0	0.15748031496062992	0.32316446682241184	0.8582677165354331	0.14960629921259844
gene-T4p104	11124.6014	0.12371134020618554	0.6770833333333334	0.0	0.16666666666666666	0.3358174860268493	0.9166666666666666	0.16666666666666666
gene-T4p105	8273.4545	0.04285714285714286	0.8115942028985508	0.0	0.08695652173913043	0.3069315706355342	0.9130434782608695	0.14492753623188406
gene-T4p106	21621.936999999998	0.07772020725388601	0.3020833333333333	0.23958333333333334	0.20833333333333334	0.30848042690578437	0.796875	0.390625
gene-T4p107	7237.955800000001	0.0967741935483871	0.8360655737704918	0.0	0.08196721311475409	0.30582713427230046	0.9508196721311475	0.09836065573770492
gene-T4p108	7133.8364	0.0819672131147541	0.8166666666666667	0.0	0.08333333333333333	0.30982721464088087	0.9333333333333333	0.1
gene-T4p109	8506.733800000002	0.1285714285714286	0.08695652173913043	0.2898550724637681	0.3188405797101449	0.3151713899709878	0.8695652173913043	0.4057971014492754
gene-T4p110	17489.077599999997	0.12903225806451613	0.33766233766233766	0.2597402597402597	0.13636363636363635	0.29784144702773896	0.7662337662337663	0.2792207792207792
gene-T4p111	13055.6829	0.09565217391304348	0.6403508771929824	0.0	0.2543859649122807	0.31710970693829504	0.8333333333333334	0.15789473684210525
gene-T4p112	20680.495899999998	0.10497237569060774	0.5666666666666667	0.022222222222222223	0.17222222222222222	0.2936233722313809	0.7611111111111111	0.23333333333333334
gene-T4p113	17976.3642	0.09150326797385622	0.5657894736842105	0.05263157894736842	0.26973684210526316	0.3340799632103734	0.9210526315789473	0.14473684210526316
gene-T4p114	10904.1271	0.11956521739130435	0.7032967032967034	0.0	0.17582417582417584	0.32236449234854514	0.8901098901098901	0.17582417582417584
gene-T4p115	10210.4949	0.11363636363636365	0.8045977011494253	0.0	0.09195402298850575	0.3177701162588886	0.8850574712643678	0.14942528735632185
gene-T4p116	6610.9367	0.12068965517241378	0.7368421052631579	0.0	0.17543859649122806	0.328824250893653	0.9473684210526315	0.14035087719298245
gene-T4p117	13813.4665	0.09166666666666667	0.31932773109243695	0.2689075630252101	0.18487394957983194	0.31688901705144945	0.8067226890756303	0.33613445378151263
gene-T4p118	12834.9274	0.1559633027522936	0.3055555555555556	0.23148148148148148	0.2222222222222222	0.2839988098277124	0.6851851851851852	0.3055555555555556
gene-T4p119	25026.4505	0.1141552511415525	0.48623853211009177	0.12844036697247707	0.2018348623853211	0.3022027547738705	0.8073394495412844	0.27522935779816515
gene-T4p120	16078.3628	0.11594202898550725	0.5766423357664233	0.0	0.26277372262773724	0.3253790046027468	0.8759124087591241	0.24817518248175183
gene-T4p121	11085.6672	0.06	0.6868686868686869	0.0	0.10101010101010101	0.33210996157522005	0.898989898989899	0.21212121212121213
gene-T4p122	21686.463799999998	0.12953367875647667	0.4947916666666667	0.11458333333333333	0.19791666666666666	0.26447654222736144	0.609375	0.3072916666666667
gene-T4p123	18691.3435	0.08536585365853659	0.656441717791411	0.08588957055214724	0.10429447852760736	0.30673025157054734	0.803680981595092	0.24539877300613497
gene-T4p124	17653.1068	0.11920529801324503	0.24	0.3466666666666667	0.23333333333333334	0.30153248318377446	0.74	0.32
gene-T4p125	12155.8347	0.16666666666666669	0.5148514851485149	0.039603960396039604	0.26732673267326734	0.29935138857290805	0.8514851485148515	0.26732673267326734
gene-T4p126	14154.5736	0.16666666666666669	0.7983193277310925	0.0	0.08403361344537816	0.28742720784800846	0.8571428571428571	0.10084033613445378
gene-T4p127	15138.0777	0.09999999999999999	0.875968992248062	0.0	0.031007751937984496	0.3051005737140648	0.9147286821705426	0.06976744186046512
gene-T4p128	23813.7519	0.13861386138613863	0.3383084577114428	0.05970149253731343	0.39800995024875624	0.2633267893902769	0.6965174129353234	0.30845771144278605
gene-T4p129	22043.010599999998	0.035532994923857864	0.8826530612244898	0.0	0.0663265306122449	0.2971592373391121	0.8775510204081632	0.08163265306122448
gene-T4p130	13069.412199999999	0.13513513513513514	0.7727272727272727	0.0	0.1	0.3046673775769843	0.9090909090909091	0.19090909090909092
gene-T4p131	10199.3418	0.16091954022988506	0.27906976744186046	0.3372093023255814	0.18604651162790697	0.3242729603973417	0.8372093023255814	0.27906976744186046
gene-T4p132	26073.4522	0.11764705882352941	0.4590909090909091	0.19545454545454546	0.14545454545454545	0.310434822001537	0.8136363636363636	0.2681818181818182
gene-T4p133	11153.5481	0.14736842105263157	0.14893617021276595	0.13829787234042554	0.4787234042553192	0.3213005878987294	0.8829787234042553	0.2765957446808511
gene-T4p134	16034.393099999998	0.1911764705882353	0.2074074074074074	0.2962962962962963	0.23703703703703705	0.30375851396059217	0.762962962962963	0.34814814814814815
gene-T4p135	6557.8693	0.09836065573770492	0.8	0.0	0.06666666666666667	0.31503508852543816	0.85	0.13333333333333333
gene-T4p136	10176.6713	0.05263157894736842	0.1276595744680851	0.3723404255319149	0.22340425531914893	0.32097858116823935	0.776595744680851	0.2872340425531915
gene-T4p137	17244.3207	0.10526315789473685	0.18543046357615894	0.3576158940397351	0.2847682119205298	0.3110931191799394	0.8079470198675497	0.23841059602649006
gene-T4p138	8730.7049	0.0	0.8354430379746836	0.0	0.10126582278481013	0.3296863033465616	0.9620253164556962	0.10126582278481013
gene-T4p139	27328.817000000003	0.11203319502074689	0.4666666666666667	0.12083333333333333	0.1875	0.32080809879284333	0.8208333333333333	0.29583333333333334
gene-T4p140	19712.026899999997	0.11931818181818181	0.13142857142857142	0.34285714285714286	0.26285714285714284	0.33617981028093796	0.8342857142857143	0.32571428571428573
gene-T4p141	31609.698000000004	0.10218978102189781	0.5201465201465202	0.09523809523809523	0.2271062271062271	0.2824740226207186	0.7142857142857143	0.2490842490842491
gene-T4p142	17627.184400000002	0.15333333333333332	0.38926174496644295	0.28859060402684567	0.1476510067114094	0.3233665082076297	0.738255033557047	0.2483221476510067
gene-T4p143	22965.6459	0.163265306122449	0.36923076923076925	0.23076923076923078	0.14358974358974358	0.31914202822873083	0.8205128205128205	0.28717948717948716
gene-T4p144	63115.207899999994	0.06608695652173913	0.18815331010452963	0.09407665505226481	0.45818815331010454	0.3731156603932781	0.8815331010452961	0.30662020905923343
gene-T4p145	5480.153499999999	0.1111111111111111	0.25	0.0	0.22727272727272727	0.27584476431355953	0.8181818181818182	0.29545454545454547
gene-T4p146	6130.3143	0.16	0.8979591836734694	0.0	0.10204081632653061	0.29269147977152704	0.8979591836734694	0.08163265306122448
gene-T4p147	18498.0946	0.12195121951219512	0.08588957055214724	0.3496932515337423	0.3312883435582822	0.34073208486553214	0.8220858895705522	0.2085889570552147
gene-T4p148	15944.1761	0.12142857142857144	0.31654676258992803	0.18705035971223022	0.2805755395683453	0.34503009457566586	0.8489208633093526	0.28776978417266186
gene-T4p149	6092.1245	0.08928571428571429	0.38181818181818183	0.10909090909090909	0.16363636363636364	0.36560336238142455	0.8363636363636363	0.3090909090909091
gene-T4p150	10220.562699999999	0.06185567010309278	0.0	0.16666666666666666	0.3541666666666667	0.33682673237947164	0.7708333333333334	0.59375
gene-T4p151	74428.1674	0.10909090909090909	0.2336874051593323	0.3156297420333839	0.20333839150227617	0.30106188930594124	0.7678300455235205	0.30804248861911987
gene-T4p152	119213.4666	0.13565891472868216	0.0712223291626564	0.13570741097208855	0.40230991337824834	0.24456420693388398	0.5842155919153031	0.38402309913378246
gene-T4p153	38007.3971	0.11676646706586827	0.06906906906906907	0.03903903903903904	0.6036036036036037	0.2310188484168891	0.5525525525525525	0.34534534534534533
gene-T4p154	30996.451	0.06597222222222222	0.08710801393728224	0.4843205574912892	0.21602787456445993	0.3159932243553936	0.7839721254355401	0.2787456445993031
gene-T4p155	66231.3136	0.09800664451827243	0.11967213114754098	0.16557377049180327	0.4540983606557377	0.33109307781404423	0.7901639344262295	0.3114754098360656
gene-T4p156	23706.3278	0.091324200913242	0.16055045871559634	0.12844036697247707	0.4541284403669725	0.32037445357141786	0.8486238532110092	0.2889908256880734
gene-T4p157	56213.5839	0.07020872865275142	0.1801470588235294	0.058823529411764705	0.4338235294117647	0.39009454030300844	0.8970588235294118	0.3547794117647059
gene-T4p158	51870.8973	0.034907597535934295	0.5365853658536586	0.022357723577235773	0.18089430894308944	0.2949575666493939	0.8028455284552846	0.23983739837398374
gene-T4p159	34740.9307	0.11650485436893204	0.4155844155844156	0.1266233766233766	0.18831168831168832	0.31660225343008186	0.788961038961039	0.31493506493506496
gene-T4p160	29572.597	0.140625	0.27058823529411763	0.20784313725490197	0.26666666666666666	0.3242076867183183	0.8666666666666667	0.2980392156862745
gene-T4p161	31556.2085	0.125	0.14760147601476015	0.3763837638376384	0.26199261992619927	0.33938037452273007	0.8634686346863468	0.24354243542435425
gene-T4p162	18387.6119	0.042682926829268296	0.6257668711656442	0.0	0.22085889570552147	0.35232902113924447	0.950920245398773	0.17791411042944785
gene-T4p163	69755.4584	0.10491803278688525	0.40229885057471265	0.16584564860426929	0.20853858784893267	0.29745562515623863	0.7881773399014779	0.2824302134646962
gene-T4p164	59281.6896	0.10325047801147227	0.4157088122605364	0.1781609195402299	0.20114942528735633	0.2974956167536108	0.7816091954022989	0.2777777777777778
gene-T4p165	57143.194299999996	0.10495049504950496	0.4146825396825397	0.18452380952380953	0.17063492063492064	0.2919970273246108	0.7638888888888888	0.28174603174603174
gene-T4p166	46870.1554	0.10576923076923077	0.39518072289156625	0.1566265060240964	0.22409638554216868	0.3152690247993819	0.8240963855421687	0.29397590361445786
gene-T4p167	71329.9627	0.09408194233687406	0.2993920972644377	0.14285714285714285	0.3130699088145897	0.3133808088014315	0.7446808510638298	0.303951367781155
gene-T4p168	18461.461	0.1165644171779141	0.1728395061728395	0.4567901234567901	0.16666666666666666	0.33359041298926645	0.8024691358024691	0.25308641975308643
gene-T4p169	61031.4491	0.09732824427480916	0.45506692160611856	0.15678776290630975	0.20650095602294455	0.31453036107754345	0.8604206500956023	0.24282982791587
gene-T4p170	9105.511400000001	0.025	0.4875	0.0	0.4625	0.3508598359910402	0.85	0.1
gene-T4p171	15873.076700000001	0.02127659574468085	0.7428571428571429	0.02857142857142857	0.12857142857142856	0.3178443463236857	0.85	0.2
gene-T4p172	23251.106200000002	0.0660377358490566	0.1990521327014218	0.3127962085308057	0.22748815165876776	0.30344325116503895	0.7488151658767772	0.3127962085308057
gene-T4p173	20832.3875	0.06842105263157895	0.21164021164021163	0.30158730158730157	0.2328042328042328	0.32142409296467594	0.7777777777777778	0.31216931216931215
gene-T4p174	29904.152899999997	0.055762081784386616	0.4141791044776119	0.018656716417910446	0.15298507462686567	0.25853890076661584	0.6940298507462687	0.2798507462686567
gene-T4p175	56020.8653	0.09404990403071017	0.27884615384615385	0.21346153846153845	0.25576923076923075	0.3472593498441009	0.8576923076923076	0.2826923076923077
gene-T4p176	25617.4989	0.09417040358744395	0.4774774774774775	0.14414414414414414	0.16666666666666666	0.32567298155648905	0.8243243243243243	0.26576576576576577
gene-T4p177	46992.6807	0.08430913348946135	0.20187793427230047	0.15492957746478872	0.3826291079812207	0.2964426718807045	0.7535211267605634	0.284037558685446
gene-T4p178	37626.8147	0.10479041916167664	0.36036036036036034	0.1921921921921922	0.1981981981981982	0.3180405622227415	0.8558558558558559	0.2882882882882883
gene-T4p179	11002.1806	0.15217391304347827	0.5604395604395604	0.18681318681318682	0.12087912087912088	0.30953979357317274	0.8461538461538461	0.2087912087912088
gene-T4p180	6550.6389	0.07142857142857144	0.7818181818181819	0.0	0.12727272727272726	0.30306306453936505	0.8	0.16363636363636364
gene-T4p181	40386.328799999996	0.0824468085106383	0.08	0.44	0.22666666666666666	0.3288637524143863	0.84	0.33066666666666666
gene-T4p182	25567.4935	0.08849557522123894	0.26666666666666666	0.06222222222222222	0.3466666666666667	0.2885392312223705	0.7822222222222223	0.28444444444444444
gene-T4p183	22895.162399999997	0.0975609756097561	0.21568627450980393	0.2696078431372549	0.27941176470588236	0.31815762120988483	0.8235294117647058	0.3480392156862745
gene-T4p184	67523.8934	0.11243611584327087	0.46928327645051193	0.189419795221843	0.15358361774744028	0.2938935895155771	0.7610921501706485	0.2764505119453925
gene-T4p185	6061.8838	0.03636363636363636	0.3888888888888889	0.1111111111111111	0.16666666666666666	0.3542271069514466	0.9259259259259259	0.3888888888888889
gene-T4p186	8962.140899999999	0.14864864864864866	0.4246575342465753	0.2054794520547945	0.1780821917808219	0.308445112731168	0.821917808219178	0.3013698630136986
gene-T4p187	15839.030999999999	0.0948905109489051	0.8235294117647058	0.0	0.08823529411764706	0.3083139780043555	0.8676470588235294	0.125
gene-T4p188	15094.960500000001	0.06818181818181818	0.3282442748091603	0.2900763358778626	0.16030534351145037	0.3110437102255869	0.816793893129771	0.33587786259541985
gene-T4p189	23881.4201	0.07692307692307691	0.3961352657004831	0.2995169082125604	0.1642512077294686	0.3223634162984094	0.8599033816425121	0.2753623188405797
gene-T4p190	10873.6381	0.0736842105263158	0.40425531914893614	0.2127659574468085	0.20212765957446807	0.3333267248893979	0.9148936170212766	0.3191489361702128
gene-T4p191	29337.704100000003	0.11646586345381525	0.4798387096774194	0.23790322580645162	0.11290322580645161	0.3080672204805104	0.8790322580645161	0.23387096774193547
gene-T4p192	44388.746	0.11253196930946291	0.16153846153846155	0.33589743589743587	0.23333333333333334	0.2898043528219461	0.7282051282051282	0.3282051282051282
gene-T4p193	20122.2945	0.1016949152542373	0.4147727272727273	0.1875	0.1875	0.3262261106309714	0.8806818181818182	0.2840909090909091
gene-T4p194	64409.94769999999	0.05084745762711865	0.57166392092257	0.0032948929159802307	0.2273476112026359	0.2766663085566607	0.728171334431631	0.15650741350906094
gene-T4p195	39733.0305	0.09065934065934067	0.3415977961432507	0.11294765840220386	0.3085399449035813	0.3271220550816824	0.8429752066115702	0.2369146005509642
gene-T4p196	34976.937099999996	0.084375	0.2445141065830721	0.20689655172413793	0.19435736677115986	0.3047219176182271	0.768025078369906	0.30094043887147337
gene-T4p197	10704.0408	0.13541666666666669	0.1368421052631579	0.2631578947368421	0.3894736842105263	0.3590653850826793	0.8842105263157894	0.2631578947368421
gene-T4p198	7381.965	0.02985074626865672	0.803030303030303	0.0	0.13636363636363635	0.32741567372899905	0.9242424242424242	0.21212121212121213
gene-T4p199	6609.4941	0.0819672131147541	0.2833333333333333	0.1	0.25	0.39632372968186375	0.9666666666666667	0.38333333333333336
gene-T4p200	75816.64270000001	0.07038123167155425	0.3152492668621701	0.08211143695014662	0.29472140762463345	0.27124452226798773	0.7111436950146628	0.3255131964809384
gene-T4p201	7153.0511	0.16129032258064516	0.6721311475409836	0.0	0.2459016393442623	0.3438134475714775	0.9344262295081968	0.18032786885245902
gene-T4p202	55291.981999999996	0.08829568788501027	0.38065843621399176	0.2222222222222222	0.16666666666666666	0.2909463579064239	0.7283950617283951	0.28600823045267487
gene-T4p203	10833.0455	0.1348314606741573	0.38636363636363635	0.3522727272727273	0.11363636363636363	0.30520085174719236	0.7727272727272727	0.20454545454545456
gene-T4p204	32429.545000000002	0.13669064748201437	0.4223826714801444	0.1299638989169675	0.22382671480144403	0.314536610067324	0.8880866425992779	0.3176895306859206
gene-T4p205	17089.2551	0.125	0.47019867549668876	0.1456953642384106	0.1390728476821192	0.314171389451065	0.8013245033112583	0.31788079470198677
gene-T4p206	8945.4333	0.13333333333333333	0.3918918918918919	0.16216216216216217	0.24324324324324326	0.34558333827095916	0.918918918918919	0.14864864864864866
gene-T4p207	8092.0866	0.11764705882352942	0.1044776119402985	0.4626865671641791	0.1791044776119403	0.3201067774469152	0.8059701492537313	0.29850746268656714
gene-T4p208	7251.4622	0.1076923076923077	0.046875	0.5	0.265625	0.3643656229343024	0.796875	0.296875
gene-T4p209	10813.2779	0.09473684210526315	0.1595744680851064	0.2127659574468085	0.30851063829787234	0.37030205295647933	0.8829787234042553	0.2872340425531915
gene-T4p210	14130.0061	0.11570247933884298	0.21666666666666667	0.38333333333333336	0.18333333333333332	0.29083161823593645	0.6833333333333333	0.3
gene-T4p211	12892.8017	0.11818181818181818	0.1559633027522936	0.3302752293577982	0.3211009174311927	0.2861991020842456	0.7431192660550459	0.3486238532110092
gene-T4p212	6519.5344000000005	0.034482758620689655	0.6140350877192983	0.0	0.15789473684210525	0.36079251867587925	0.9473684210526315	0.22807017543859648
gene-T4p213	9324.556700000001	0.07317073170731708	0.6790123456790124	0.0	0.18518518518518517	0.31886877533342084	0.9259259259259259	0.18518518518518517
gene-T4p214	12078.8985	0.05405405405405405	0.06363636363636363	0.2636363636363636	0.24545454545454545	0.3511308860107153	0.8454545454545455	0.4090909090909091
gene-T4p215	11469.315	0.05882352941176471	0.32673267326732675	0.3069306930693069	0.13861386138613863	0.3505340972974041	0.8415841584158416	0.2871287128712871
gene-T4p216	9396.8675	0.16666666666666669	0.2857142857142857	0.3116883116883117	0.22077922077922077	0.2931424733149865	0.7922077922077922	0.2597402597402597
gene-T4p217	21197.887499999997	0.08290155440414507	0.421875	0.16145833333333334	0.19791666666666666	0.31196532522082315	0.7760416666666666	0.3385416666666667
gene-T4p218	12812.7374	0.0625	0.26126126126126126	0.2972972972972973	0.18018018018018017	0.29140199051982046	0.7477477477477478	0.3333333333333333
gene-T4p219	8681.9708	0.06578947368421054	0.41333333333333333	0.2	0.18666666666666668	0.3107621823517234	0.9333333333333333	0.24
gene-T4p220	10130.6032	0.08791208791208792	0.3333333333333333	0.35555555555555557	0.14444444444444443	0.3121615281912748	0.7888888888888889	0.18888888888888888
gene-T4p221	7917.8659	0.12121212121212122	0.4	0.3230769230769231	0.1076923076923077	0.30905537245819026	0.8	0.23076923076923078
gene-T4p222	8738.0654	0.12	0.2972972972972973	0.35135135135135137	0.12162162162162163	0.3372864590534116	0.8243243243243243	0.28378378378378377
gene-T4p223	34619.4225	0.10299003322259137	0.44333333333333336	0.18666666666666668	0.16333333333333333	0.3078683207204834	0.7566666666666667	0.29333333333333333
gene-T4p224	8833.0125	0.09333333333333332	0.8513513513513513	0.0	0.08108108108108109	0.2975669638945751	0.8783783783783784	0.12162162162162163
gene-T4p225			0.30612244897959184	0.14285714285714285	0.24489795918367346	0.30629107828241353	0.7755102040816326	0.30612244897959184
gene-T4p226	13134.888500000001	0.05128205128205128	0.9137931034482759	0.0	0.02586206896551724	0.30842350673590296	0.9310344827586207	0.0603448275862069
gene-T4p227	18960.6706	0.05389221556886227	0.4939759036144578	0.21686746987951808	0.15060240963855423	0.3160998345713731	0.8554216867469879	0.21084337349397592
gene-T4p228	43508.8114	0.12566844919786097	0.4718498659517426	0.21179624664879357	0.12064343163538874	0.30401242831581643	0.7640750670241286	0.2707774798927614
gene-T4p229	16743.1812	0.10416666666666667	0.35664335664335667	0.2727272727272727	0.16783216783216784	0.29935659759778743	0.8041958041958042	0.2727272727272727
gene-T4p230	45353.1685	0.11597938144329897	0.7183462532299741	0.0	0.12919896640826872	0.3019315628760851	0.8449612403100775	0.18863049095607234
gene-T4p231	11329.972699999998	0.0824742268041237	0.5520833333333334	0.0625	0.1875	0.316947124874289	0.875	0.3020833333333333
gene-T4p232	9408.8559	0.060240963855421686	0.4146341463414634	0.0	0.18292682926829268	0.3608292317070145	0.9024390243902439	0.2804878048780488
gene-T4p233	16446.7944	0.0851063829787234	0.5785714285714286	0.07142857142857142	0.18571428571428572	0.31241584804809513	0.8428571428571429	0.25
gene-T4p234	85971.6457	0.11007957559681697	0.4820717131474104	0.11420982735723771	0.18592297476759628	0.2916150209677705	0.7636122177954847	0.2961487383798141
gene-T4p235	12361.1395	0.09259259259259259	0.3364485981308411	0.09345794392523364	0.22429906542056074	0.32868347287189564	0.8598130841121495	0.29906542056074764
gene-T4p236	10065.3118	0.12643678160919541	0.22093023255813954	0.22093023255813954	0.36046511627906974	0.32373394097901964	0.8372093023255814	0.3023255813953488
gene-T4p237	33072.844099999995	0.11888111888111888	0.40350877192982454	0.22105263157894736	0.17543859649122806	0.29693230280241045	0.7789473684210526	0.26666666666666666
gene-T4p238	28232.1019	0.10204081632653061	0.4262295081967213	0.14344262295081966	0.1680327868852459	0.3186457432694814	0.7868852459016393	0.3073770491803279
gene-T4p239	21712.629999999997	0.10362694300518134	0.22395833333333334	0.3229166666666667	0.203125	0.3161835221359934	0.8177083333333334	0.375
gene-T4p240	9470.5404	0.125	0.189873417721519	0.25316455696202533	0.22784810126582278	0.3263555322497048	0.8607594936708861	0.31645569620253167
gene-T4p241	14741.2457	0.109375	0.31496062992125984	0.2047244094488189	0.2440944881889764	0.3094321192842127	0.7637795275590551	0.28346456692913385
gene-T4p242	8819.816499999999	0.12	0.5135135135135135	0.24324324324324326	0.12162162162162163	0.31775254258516133	0.8783783783783784	0.24324324324324326
gene-T4p243	33506.043399999995	0.10299003322259137	0.34	0.18666666666666668	0.2	0.32757942573697996	0.8433333333333334	0.2966666666666667
gene-T4p244	24561.522699999998	0.1380952380952381	0.3684210526315789	0.1674641148325359	0.21052631578947367	0.3068129760273242	0.7799043062200957	0.33014354066985646
gene-T4p245	25996.919800000003	0.1566820276497696	0.7361111111111112	0.037037037037037035	0.09722222222222222	0.292042990890841	0.8379629629629629	0.19444444444444445
gene-T4p246	12830.4717	0.07142857142857142	0.3963963963963964	0.07207207207207207	0.25225225225225223	0.2991465456730257	0.8828828828828829	0.2702702702702703
gene-T4p247	10378.6929	0.0898876404494382	0.7727272727272727	0.0	0.11363636363636363	0.32000033877833034	0.875	0.13636363636363635
gene-T4p248	35557.4694	0.12131147540983606	0.5394736842105263	0.07894736842105263	0.16447368421052633	0.30558225585359944	0.8223684210526315	0.26644736842105265
gene-T4p249	140401.9241	0.07525213343677269	0.03601532567049808	0.10421455938697317	0.5325670498084292	0.3238247145519743	0.7877394636015326	0.3593869731800766
gene-T4p250	40121.3124	0.11021505376344086	0.12129380053908356	0.19946091644204852	0.4420485175202156	0.2832264613735657	0.7008086253369272	0.3261455525606469
gene-T4p251	23341.553099999997	0.10407239819004525	0.08636363636363636	0.19090909090909092	0.42272727272727273	0.40593835434586184	0.9272727272727272	0.35
gene-T4p252	109223.26670000001	0.08966861598440545	0.02390057361376673	0.11281070745697896	0.5602294455066922	0.33938555079509886	0.7590822179732314	0.33365200764818354
gene-T4p253	22309.996300000003	0.17486338797814208	0.3076923076923077	0.21428571428571427	0.13186813186813187	0.31161409772728327	0.8296703296703297	0.31868131868131866
gene-T4p254	25175.427799999998	0.1513761467889908	0.5023041474654378	0.2073732718894009	0.16589861751152074	0.3116462916306566	0.8202764976958525	0.17972350230414746
gene-T4p255	10589.8938	0.1	0.7528089887640449	0.0449438202247191	0.11235955056179775	0.3048793180262873	0.8764044943820225	0.16853932584269662
gene-T4p256	5935.3696	0.1	0.8979591836734694	0.0	0.061224489795918366	0.3019136644624965	0.9183673469387755	0.14285714285714285
gene-T4p257	10900.344500000001	0.15217391304347827	0.46153846153846156	0.10989010989010989	0.3076923076923077	0.33338152940947147	0.9010989010989011	0.25274725274725274
gene-T4p258	5172.8985	0.13953488372093023	0.5	0.0	0.21428571428571427	0.3130013387555287	0.9047619047619048	0.2619047619047619
gene-T4p259	11365.2309	0.11224489795918367	0.5876288659793815	0.041237113402061855	0.18556701030927836	0.3296407751119499	0.9175257731958762	0.23711340206185566
gene-T4p260	17836.0503	0.10526315789473685	0.32450331125827814	0.1986754966887417	0.32450331125827814	0.31133785659276486	0.8211920529801324	0.26490066225165565
gene-T4p261	7898.9834	0.1323529411764706	0.6119402985074627	0.0	0.16417910447761194	0.34351265686405485	0.9104477611940298	0.16417910447761194
gene-T4p262	23574.0422	0.05213270142180095	0.5333333333333333	0.19047619047619047	0.10952380952380952	0.2782253442896951	0.7142857142857143	0.2619047619047619
gene-T4p263	4841.880999999999	0.04081632653061225	0.8541666666666666	0.0	0.10416666666666667	0.33293169844682036	0.8541666666666666	0.10416666666666667
gene-T4p264	50492.947499999995	0.10407239819004525	0.4603174603174603	0.14512471655328799	0.17006802721088435	0.2905923592299622	0.7573696145124716	0.2698412698412698
gene-T4p265	5098.3062	0.13043478260869565	0.9333333333333333	0.0	0.06666666666666667	0.3072142360831703	0.9777777777777777	0.08888888888888889
gene-T4p266	5471.562199999999	0.09803921568627452	0.86	0.0	0.1	0.31237506567576173	0.92	0.12
gene-T4p267	3183.5827	0.15384615384615385	0.68	0.0	0.24	0.3389947074670554	0.92	0.24
gene-T4p268	16933.290999999997	0.12582781456953643	0.2866666666666667	0.2	0.29333333333333333	0.30874081459238084	0.7733333333333333	0.32
gene-T4p269	8142.9766	0.08450704225352113	0.08571428571428572	0.4142857142857143	0.21428571428571427	0.3059143512024498	0.8142857142857143	0.35714285714285715
gene-T4p270	4354.0948	0.33333333333333337	0.8571428571428571	0.0	0.11428571428571428	0.3268212826973203	0.9142857142857143	0.11428571428571428
gene-T4p271	4303.1595	0.07500000000000001	0.9230769230769231	0.0	0.07692307692307693	0.343608487098284	0.9487179487179487	0.10256410256410256
gene-T4p272	3019.5816999999997	0.19230769230769232	0.88	0.0	0.12	0.3343175021978981	0.96	0.08
gene-T4p273	4954.1993	0.11904761904761905	0.8780487804878049	0.0	0.04878048780487805	0.3063880152139386	0.9512195121951219	0.12195121951219512
gene-T4p274	3687.3739000000005	0.1875	0.9354838709677419	0.0	0.06451612903225806	0.325717563228294	0.9354838709677419	0.06451612903225806
gene-T4p275	3406.2385999999997	0.21428571428571427	0.8888888888888888	0.0	0.07407407407407407	0.326505019744021	1.0	0.1111111111111111
gene-T4p276	21160.773999999998	0.11351351351351352	0.33695652173913043	0.25	0.19021739130434784	0.31448160644105333	0.7989130434782609	0.3423913043478261
gene-T4p277	7465.7273	0.109375	0.8888888888888888	0.0	0.06349206349206349	0.31158031524430163	0.9206349206349206	0.12698412698412698
gene-T4p278	35540.7334	0.09615384615384616	0.3665594855305466	0.20257234726688103	0.19935691318327975	0.31057168413087655	0.797427652733119	0.3054662379421222
gene-T4s001								
gene-T4s002								
gene-T4t001								
gene-T4t002								
gene-T4t003								
gene-T4t004								
gene-T4t005								
gene-T4t006								
gene-T4t007								
gene-T4t008								
