"","0_R1","0_R2","0_R3","1_R1","1_R2","1_R3","4_R2","4_R3","7_R1","7_R2","7_R3","20_R1","20_R2","20_R3"
"gene-T4p055",0,0,786.035903661346,889.840248781388,1822.51014689279,2035.41256596226,649.419930670483,569.059558258543,890.367796318047,932.954245377745,740.896426076884,929.815502148322,936.319373382328,981.335369848113
"gene-T4p242",0,2723.40917194897,393.017951830673,34852.0764106043,58493.591510309,71078.9715980847,1891.83556252131,2715.61543485575,510.965082231448,556.486562486451,783.385345388331,253.72047685641,332.376421266357,326.617663378451
"gene-T4p262",0,5446.81834389795,1877.75243652433,77720.1303956477,137599.516090405,182570.595180109,9486.97854578587,13274.2622693482,3511.61991757058,4016.45279279486,4657.85598835031,469.266139633657,582.897210927455,471.06733094421
"gene-T4p041",0,6808.52292987244,9039.41289210548,5135.11976900926,4357.33940049367,2592.82845539591,5367.62006310122,3715.79870053702,9025.41167704163,8826.83164838738,8149.63083952333,10368.4507263082,8609.03805075989,10410.2585961531
"gene-T4p021",0,1361.70458597449,829.704564975865,16287.7842204026,32105.6981158613,40649.1314521841,1876.28966966869,2904.47480668845,871.876599275847,872.767266632401,962.1408915487,390.659488828451,364.726352034804,334.358979656205
"gene-T4p212",0,1361.70458597449,17249.1212192351,24329.7154687644,16864.6361480079,13031.7078393352,3862.69968898698,3453.35915641645,5915.76706093799,5507.94967757272,4905.40155457056,28791.475909851,22083.6320300366,22195.5890847495
"gene-T4p079",0,0,2969.46896938731,2280.21563750231,1995.77695663259,1756.70462124544,1592.52299595504,1476.62027568595,1690.52853679509,1841.02996010019,1491.01958038137,2353.724393046,2289.76334226408,2428.22032393183
"gene-T4p114",0,8170.22751584692,5371.24534168587,3151.51754776741,2586.16756759786,1554.00793417866,3412.17191952004,3013.06489966167,3812.18516318672,3460.02230513333,3634.80555636673,5858.53033600192,4864.62499525727,5992.35527998139
"gene-T4p058",0,0,567.69259708875,292.905748557207,205.35325598792,177.359601183434,421.384633283621,350.854428563235,593.300885277464,614.337090193544,514.92367283007,509.308834524032,519.427511197788,608.187454374649
"gene-T4p140",0,0,3231.48093727442,7975.19322970319,6096.42478714136,3479.62646131308,50.6648875698116,32.7442555562552,53.3912491173458,43.4766809197731,28.632409304159,2321.23104976761,1904.92218230028,3118.59749793625
"gene-T4p250",0,4085.11375792346,1397.39716206462,15631.5270369264,13206.7812757231,7254.85225793188,169.142778502294,104.220595938526,343.669725207752,311.626493677755,229.814487064001,1155.16753918444,856.658084460232,1900.74020947419
"gene-T4p026",0,0,829.704564975865,1012.19328298883,2226.799369619,3327.60394601299,2043.1373720674,2207.72883508286,1545.43094559007,1592.91755144625,1656.37831117924,440.430729610559,418.188519224591,432.690167269385
"gene-T4p191",3902.57888904032,0,1834.08377520981,4616.04629055345,3202.22733556162,1714.47614477319,21.3052347729464,12.7848246570551,29.5692565314474,24.3177824061156,13.5609920213505,1967.73460624559,1591.29741669004,2410.59647623566
"gene-T4p205",3902.57888904032,4085.11375792346,2358.10771098404,470.873798313484,494.131272220932,1334.41985652298,6610.03569495205,8052.38964644699,4497.81709315463,4552.93933439388,5365.75290599752,873.701249444803,930.667278592363,929.369725472974
"gene-T4p224",0,1361.70458597449,1310.05983943558,5865.53030655065,5993.7481591474,7668.69132735989,2433.69003958204,2803.97637489059,1844.3303175988,2110.24519453162,2088.65545394215,1368.84532115047,1313.9125529684,1582.11092565896
"gene-T4p270",3902.57888904032,4085.11375792346,1222.72251680654,14133.629284811,27125.8816581543,36772.5573120319,4979.18925839933,6143.51283077377,1783.90075249017,1946.71231346236,2754.95000623572,152.037715196011,196.82588915643,181.262097099337
"gene-T4p082",0,0,2139.76440441144,452.335459797205,474.879404472064,472.958936489157,2097.82946864917,1544.21261870405,2799.37565672436,2644.13360257611,2615.66252886388,2980.90428959428,3230.27191531426,2968.13595709096
"gene-T4p267",0,1361.70458597449,960.710548919423,107.522363394418,109.093917243582,540.52449884475,3963.76964419035,4086.39678236811,2569.40180522204,2682.13364226222,3222.16394200278,160.55992139717,193.035660885512,155.402806554497
"gene-T4p177",0,5446.81834389795,20480.6021565095,100029.166966138,80338.0441160239,44542.5969829252,711.386985467406,460.253687653985,1971.47812068402,1868.4318578768,1267.2467943632,25380.9590336778,20144.9302694621,25996.245959413
"gene-T4p022",0,0,305.680629201635,122.353034207441,141.180363491695,50.6741717666953,640.109716287996,511.986374768398,717.116941147877,792.58026699963,710.589414852413,260.725029898458,238.950619149875,323.07642295352
"gene-T4p027",0,1361.70458597449,1004.37921023394,5517.0095424446,10582.1099726275,12871.2396287406,2288.19087527899,2630.76088133023,1569.87764077875,1651.62789313542,1801.57614826983,459.45976537479,442.392783972206,440.596192404113
"gene-T4p002",0,1361.70458597449,829.704564975865,163.137378943254,231.02241298641,405.393374133563,1699.78532630583,1456.39112274757,2347.38250019507,2453.3857398133,2199.83588731816,903.665170791342,997.893958976535,737.483907098847
"gene-T4p228",0,5446.81834389795,9563.43682787971,48933.7983475698,39966.8774466489,22119.2759761625,2104.58478699181,1522.25724471493,5068.00398212934,4917.87429496037,3761.61560766566,10385.3394819762,9340.98432606036,12413.1182969509
"gene-T4p081",0,0,1266.39117812106,426.381785874415,385.037354977349,777.003967089329,1407.14147143678,951.57935422132,1955.11091249126,1975.57215668684,1800.8209356391,2240.21171958126,2474.05488003335,2156.7801276395
"gene-T4p037",0,1361.70458597449,1703.07779126625,26724.8688050677,52320.1592521721,60868.1259870956,4782.72208326751,5985.18599377606,2603.67715469441,3000.22743241385,3235.29807471111,1294.44140217049,1333.36240856917,1315.61199507583
"gene-T4p091",0,0,1965.08975915337,7975.19322970319,19713.9125748403,28157.9481116937,5997.94322845693,7838.33823615503,2279.87297225496,2752.50754753434,3087.47341107886,299.522470914691,295.538062282349,257.357589021094
"gene-T4p256",0,0,567.69259708875,600.642167927437,391.454644226972,371.610592955766,1494.48427334132,1428.12425304168,1087.81546563578,1078.59925729815,1089.70615547835,426.499451893597,402.695129976804,489.267659639782
"gene-T4p009",0,6808.52292987244,3580.83022779058,36019.9917371299,71257.5798278081,92607.0489036357,11609.6641216701,13820.6651763158,7011.20389832766,7327.72727902898,8448.76071195555,1401.416492796,1252.17172929214,1293.29394495592
"gene-T4p017",3902.57888904032,6808.52292987244,6768.64250375048,355.936099512555,365.785487228482,929.026482389415,7621.25488685824,6717.64316336886,7307.39622572435,7500.56858103463,7066.82010371685,5294.11901754711,5423.65041760123,5524.08799960573
"gene-T4p229",0,0,2663.78834018567,6481.00314529111,4485.68518548612,2626.61123657371,347.942197968749,198.839087282301,975.910406058319,960.393526370964,659.694650607635,2971.75945645605,2763.50862851238,3614.94763842589
"gene-T4p207",3902.57888904032,1361.70458597449,1004.37921023394,359.643767215811,1097.35646168545,2001.62978478447,3179.24334666703,4095.89099814719,1843.33079343436,2036.89932353885,2351.96197941239,349.838510266737,378.457617612777,382.453965892467
"gene-T4p163",0,1361.70458597449,4628.87809933904,20633.1707686184,15966.2156530608,7786.93106148218,105.400287474292,60.4716811837925,177.790360750351,157.177734245216,79.4615028853953,4249.31210295849,3420.38178595556,6695.99151697219
"gene-T4p057",3902.57888904032,1361.70458597449,4148.52282487933,5049.84341183437,7347.79619081775,7254.85225793188,2971.12757772642,2445.08422955984,4437.42917488618,4473.25700818537,4050.53369191714,4375.12165843039,4699.51733215747,4900.66497596103
"gene-T4p072",0,2723.40917194897,2052.4270817824,1475.6517458958,1578.65315540713,743.221185911532,1289.22652369951,905.402941113981,1346.85881158734,1299.77705838314,1118.33856478251,1657.43290648285,1556.28767660867,1757.52585833573
"gene-T4p016",3902.57888904032,1361.70458597449,1921.42109783885,114.937698800929,109.093917243582,92.9026482389415,1143.33762949208,723.28662026074,1754.41478963909,1701.74009500383,1442.45612469232,1097.34106240397,1104.18658864429,1161.77392266258
"gene-T4p189",0,0,2401.77637229856,5505.88653933484,4228.99361550122,2466.14302597917,32.564098677349,22.3329848439698,40.8139033814344,39.3832187007575,25.9727474307222,2553.27632637724,2260.7714207532,3090.26757453681
"gene-T4p172",0,4085.11375792346,18733.8557039288,83808.1207643937,60585.6278056859,30936.5818635675,388.9504445744,202.129696160277,373.114041218644,261.794665933939,137.087510143192,23064.864656141,17766.9942484746,28312.2995517458
"gene-T4p141",0,1361.70458597449,3449.82424384702,11308.3864949301,8175.62650401905,4636.68671665262,298.403196789378,316.383951956238,290.570003971702,297.757320314697,315.777385640019,3236.64830399617,2854.1748784667,4207.65246024503
"gene-T4p054",0,2723.40917194897,7598.34706872635,2714.01275878323,2470.65636110466,1511.77945770641,4027.51213521835,3144.63531037288,6381.58696840875,6539.87598893077,5475.65276143447,8212.13798649722,8680.1214546478,8295.56158147033
"gene-T4p164",0,0,4017.51684093577,15898.4791115608,12051.669210791,5599.49598021984,83.662019474253,46.7158571856952,153.510252922416,134.916028752761,68.6915140645649,3448.96408953736,2771.08908505422,5601.08939024084
"gene-T4p176",0,0,1703.07779126625,13199.2970235906,21818.7834487165,25649.5766092423,1422.51415099856,1696.38979320849,1067.90827602729,1153.55260660524,1106.18949202731,951.763101680072,904.534652092878,1495.63877574787
"gene-T4t003",0,1361.70458597449,2707.45700150019,1167.91532652557,782.909288453944,954.363568272762,1738.49849680789,1946.74578997387,1109.76335041335,1034.63659456242,1144.04862955907,4805.08447266145,4387.55494736781,4071.35588109946
"gene-T4p025",0,0,436.686613145192,163.137378943254,173.266809739807,320.93642118907,1124.6738974044,1122.47523824474,919.853759169125,1008.78610027522,963.257292828908,314.465517404394,288.95503423286,284.369841564748
"gene-T4t005",0,2723.40917194897,2401.77637229856,659.964851179529,673.815371210361,760.11257650043,1096.95977087049,1428.55580830436,830.39634645145,729.290481275489,743.720264609175,3051.88376042037,2793.93019752896,2760.10867073343
"gene-T4p184",0,2723.40917194897,14934.6821695656,12632.0238649924,9228.06194095714,4467.77281076364,117.741734446425,86.3110525370812,248.465048544528,204.747877384005,149.006735576002,16407.2704747757,14464.9074817114,18473.4159804338
"gene-T4p152",0,1361.70458597449,22969.7158514371,37039.6003555253,28794.3768630561,13876.2773687801,266.185524693703,176.074547175646,423.59001152303,395.944338746154,289.541955555131,18090.9315409827,15445.2466992226,25587.7679941187
"gene-T4p240",0,1361.70458597449,2008.75842046788,39115.8942693485,68716.3332849576,95242.1058355039,4229.43552901154,5835.54420643989,1459.0553990461,1707.8709425282,2035.00252182862,248.350319524173,295.538062282349,320.770498955891
"gene-T4p183",0,0,5152.90203511327,3462.9616348409,2939.1184763271,1579.345020062,17.2347224382778,10.1954930809427,27.5285613623757,23.1775942994491,11.8207194374968,4379.83027464199,4011.69064383514,4385.37331691944
"gene-T4p216",0,1361.70458597449,1834.08377520981,1045.56229231813,737.988263706586,506.741717666953,2112.89902495198,1856.2270736256,2265.92128079294,2339.89029417922,2081.33317495725,2674.37726563754,2660.44101763655,2248.27589768828
"gene-T4p211",0,5446.81834389795,2227.10172704048,48707.6306176712,74998.859460338,113560.818929164,3617.47297248455,5301.27879123536,1412.03611647708,1786.22616454698,1864.91550325575,1565.59543326489,1586.5762551596,1392.03690471154
"gene-T4p045",0,5446.81834389795,2227.10172704048,17815.343314144,34646.9446587118,46983.402923021,5432.05540729257,7527.51055820586,1983.26417645642,2224.26400519826,2872.76317662944,794.705456803927,937.41654472391,850.556537411154
"gene-T4p248",3902.57888904032,1361.70458597449,3537.16156647606,3563.06866282881,6173.43225813683,8335.90125562138,4771.8962525902,4708.26791589778,6458.30044802978,6311.9131340307,5735.83993038648,3456.27995604795,3395.4793212633,2595.5645226169
"gene-T4p195",0,0,1834.08377520981,19320.6564016659,14522.3255718957,7575.78867912095,109.557406454379,69.7501193315287,111.446944335427,94.8225289363753,52.7992134874858,1212.37138902783,902.24056656048,2135.77974837538
"gene-T4p258",0,1361.70458597449,1048.04787154846,967.701270549759,911.255073446393,886.798005917168,2585.55479232334,2737.4629200292,1389.38023541636,1510.73054972474,1634.4771448881,390.114690258514,416.492890787601,445.537458113318
"gene-T4p113",0,4085.11375792346,3842.84219567769,26561.7314261244,43926.3449136659,52236.6253961684,4882.40633214418,6365.44012460974,3470.30625210692,3522.05975310097,3613.98795602403,2927.59185810758,2577.92043370306,3237.84671038506
"gene-T4p075",3902.57888904032,0,4410.53479276644,2777.04310973858,2252.46852661749,1207.73442710624,851.170111172835,640.428009825142,1562.92261846783,1696.58121111137,1376.26009584234,3899.78490616029,3705.11437290415,4711.9086258694
"gene-T4p274",0,0,786.035903661346,37339.921439489,67214.6876005459,86787.9648457602,3083.4997001569,4137.96763625901,1262.81548809373,1131.25351789618,1448.00529576159,212.549270642594,270.037140494683,200.203615651289
"gene-T4p038",0,1361.70458597449,1572.07180732269,22438.804940104,40448.1741403705,50158.9843537339,2972.9030139575,3787.32898532712,1581.41381551003,2003.4787278877,1962.89613325989,1115.98095633253,1106.11495039616,1170.75055536764
"gene-T4p118",0,1361.70458597449,3318.81825990346,2120.78592626231,1681.32978340109,1359.75694240632,2897.55523244342,3434.20889163479,2076.59474531131,2129.29194339544,2201.01795926191,2847.73995342823,2515.88038147909,3246.74098866163
"gene-T4p007",0,1361.70458597449,1179.05385549202,278.075077744184,628.894346463004,1655.35627771205,3694.50958358429,3861.66437932468,2649.11385733639,2706.13366732713,2906.84625100755,593.480213579311,516.70120665204,541.974493871302
"gene-T4s001",0,0,4104.85416356481,4393.5862283581,3677.10674003369,2981.33043894058,1323.95578851233,1228.52994404968,1083.02607901449,1072.69270907346,884.846520560179,5977.14076751393,6398.37078793891,5754.2686272262
"gene-T4p159",0,0,2445.44503361308,24411.2841582361,20304.3031858056,10320.639649817,111.20293271733,65.6503443360174,115.819862554866,83.2711150032628,42.094895330197,1272.49380263874,857.755255801814,2257.08782153636
"gene-T4p137",0,1361.70458597449,18690.1870426142,18812.7059263198,15594.0128765826,7499.77742147091,1519.86002044893,1052.5632856897,3320.41927428062,3153.31170444005,2957.01863795337,26781.2859293339,21994.4951704372,28272.7694260722
"gene-T4p268",0,8170.22751584692,4235.86014750837,1382.96005331441,3561.59553354048,8141.65026384905,18469.9930218816,19790.8546247135,11274.8824559614,11348.404375301,14479.0678976628,723.297929958603,855.494417885828,631.658466493373
"gene-T4p115",0,4085.11375792346,5240.23935774231,2802.99678366137,1944.43864263561,1072.60330239505,3541.302427839,3371.79521176891,3441.2367576577,3581.74205842205,3544.86958264644,5414.09144548396,4399.35785119391,5729.97407082261
"gene-T4p170",0,0,9476.09950525067,33817.637121396,21793.114291718,12685.4343322627,146.235320789106,85.8255528665601,137.267985250212,95.2711275357195,49.5485156421742,12954.2593101474,9212.84801241021,13577.527561325
"gene-T4t004",0,0,2445.44503361308,1038.14695691162,930.506941195261,1005.03774003946,1122.55203459165,1316.13566237482,794.038654969825,672.056776642494,716.631115898245,3093.09388081775,2888.88539000037,2521.19847369337
"gene-T4p098",0,0,218.343306572596,4375.04788984182,7290.04058757115,13656.6892911244,813.539523738505,1194.3831338897,244.633539247496,307.663872716881,315.087843672832,118.571517328448,123.149171188415,169.814831539679
"gene-T4p173",0,2723.40917194897,16856.1032674044,72722.1943316589,52692.3620286503,26730.6256069318,338.025737068333,173.700993230876,330.592617389619,225.944161203017,118.765395015072,19350.1945212086,14756.7218109556,24129.6828377608
"gene-T4p030",0,1361.70458597449,2751.12566281471,1698.11180809115,1411.80363491695,684.101318850387,1325.94774135695,894.721948362518,1870.98429531729,1912.37582900422,1600.2627291829,3214.81744701512,3437.10533701057,3951.20076993729
"gene-T4p263",0,0,1135.3851941775,218.752394492091,186.101388239052,244.925163539027,1438.92611030536,1138.06517210925,1746.29365580299,1653.79611969892,1556.62457325948,573.478323225907,597.692400230598,509.362140190549
"gene-T4p174",3902.57888904032,16340.4550316938,38559.4279407205,291470.881156047,222577.260333906,111407.16662908,1237.69556967552,692.592252202241,1298.13200857073,833.68311366454,451.682823839462,44920.3154012053,33563.9009864823,54141.5307301877
"gene-T4p272",0,0,393.017951830673,21634.2410484975,39293.0620754385,48284.0399983662,2340.2847724982,3076.61141209209,791.331610357791,944.019677494901,1365.91696633453,77.6337962160334,91.5306879810223,92.9781497615408
"gene-T4p255",3902.57888904032,1361.70458597449,2096.09574309692,37432.6131320704,60534.2894916889,83916.4284456475,4737.2102911001,5371.08285497473,2369.62191285393,2600.43262235666,2667.73936505241,1080.06316490025,1053.84969739719,1258.95214827695
"gene-T4p171",0,2723.40917194897,16899.7719287189,53627.7056598916,37919.7621760193,18225.8104454214,244.360650048245,130.437578146664,245.174948169903,160.710448215051,82.2525060859154,24703.5409261446,19105.7427709025,27704.3591606567
"gene-T4p032",0,1361.70458597449,1135.3851941775,329.982425589765,346.533619479614,270.262249422375,1698.09649672017,1545.02178482159,2309.73375666771,2358.18937871081,2073.32135400517,710.884305400751,748.736321588312,834.332714999265
"gene-T4p101",0,2723.40917194897,1790.41511389529,38752.5428344294,81493.156180956,88831.8231070169,5586.17193281476,7424.47673923972,1817.84292724105,2194.806030508,2751.63363772687,603.909214775249,682.17459353237,708.24808498605
"gene-T4p059",0,6808.52292987244,18952.1990105013,4148.88015994322,3202.22733556162,1748.25892595099,5028.29522635161,3649.93257856966,11219.3255711545,10158.8143478818,8348.4159380639,25543.6203209876,22948.302790052,22808.4707415479
"gene-T4p122",0,9531.93210182141,19388.8856236465,114982.190813368,124386.317525433,111314.263980841,11939.3756207783,13610.497763388,12856.2962714715,12100.573385143,12876.0141652794,26664.0764084303,21000.8569063613,25267.8210394477
"gene-T4p076",0,10893.6366877959,17816.8138163238,9254.33858732643,7187.36395957719,4788.70923195271,4632.19973353019,3796.60742347486,8602.9461302036,8464.25183046745,6921.19540731325,16188.5727631295,15726.6545245301,19086.7917638031
"gene-T4p089",3902.57888904032,8170.22751584692,4061.18550225029,585.811497114413,583.973321715646,1731.36753536209,12470.664087098,11122.9053404536,11218.32604699,10945.5254498733,11250.3040539741,2479.80634780287,2244.74606964283,1747.64332691732
"gene-T4p090",3902.57888904032,4085.11375792346,2532.78235624212,1171.62299422883,3048.21239357068,7862.94231913223,12849.2650375449,14604.6392553917,7085.79338909924,7075.05411794837,8294.07346398319,715.320522327381,723.235399800646,583.563480257111
"gene-T4p253",0,0,742.367242346827,19754.4535229468,16453.9296360321,9383.16747213309,268.350690829165,347.078320014738,506.592164012008,466.056561501987,381.874908494689,681.465182624149,560.820793630179,1150.57372038838
"gene-T4p110",0,1361.70458597449,1659.40912995173,2721.42809418974,2367.9797331107,1630.0191918287,2786.56881633964,2477.45087426124,2628.20714356345,2855.81606664164,2720.21022522219,1103.10036157188,1122.80525383476,1549.82798969215
"gene-T4p111",0,1361.70458597449,1790.41511389529,16621.4743136957,13418.5518209606,9188.91648036075,2024.25712336617,2001.55330833491,1538.30933591841,1728.48778648972,1685.76593311413,1385.57842008425,1138.36513831537,1845.72745124504
"gene-T4p202",3902.57888904032,5446.81834389795,8209.70832712962,1772.26516215626,1527.31484141015,1148.61456004509,7766.97056777483,6087.14092458549,12119.1888470347,12520.4055993043,10891.413877719,7605.73826397369,7436.32812469137,6944.5371821452
"gene-T4p147",0,0,2314.43904966952,3889.34342071531,3048.21239357068,1334.41985652298,23.4270975856992,9.60210459475028,33.9421747508868,29.1215257407595,18.3221151281201,2435.13286506803,2325.17205374239,3447.52108531233
"gene-T4p068",3902.57888904032,0,1790.41511389529,7470.9504220604,15414.3287775932,20354.1256596226,4750.41780452642,5735.42338549688,2210.86415806819,2366.54452762359,3053.19332471012,688.080593830527,802.86344110633,640.964516912376
"gene-T4p100",0,2723.40917194897,2008.75842046788,18371.4934696324,40165.8134133872,46299.3016041706,4875.39119386528,6330.64598155573,1761.1199309089,1997.75909574607,2428.27129044779,585.969776150892,642.177710989264,689.224212005611
"gene-T4p135",0,1361.70458597449,1310.05983943558,32664.5524656834,61644.4805318736,74431.912629981,1198.63597259178,1643.03877385901,496.263747646094,482.262185903296,624.462339617541,657.688616464752,681.143917423612,768.696235495325
"gene-T4p198",0,0,917.041887604904,2688.05908486044,2213.96479111976,878.352310622719,20.872201545854,9.27843814773623,168.253234347954,179.308598479529,80.643574829145,1168.12596231223,1007.70200581795,1573.38135623936
"gene-T4p047",7805.15777808063,8170.22751584692,11703.2012322912,3948.66610396741,3356.24227755256,1824.27018360103,3761.28330720194,2196.23867621387,12351.0368063454,12729.9198368063,9182.53187103816,15137.9287210059,17394.2219732682,13438.2662227539
"gene-T4p142",0,0,1484.73448469365,5405.77951134693,3927.38102076896,2643.50262716261,31.6114255777457,28.2668697058941,37.3155688058829,33.7570446006493,23.017567571348,1577.61991598707,1493.383186358,2003.68324508263
"gene-T4p004",3902.57888904032,1361.70458597449,1222.72251680654,593.226832520925,551.886875467534,743.221185911532,1753.95778301509,1273.6274690003,2254.92651498407,2287.62855735563,1947.69337465,1279.38161313009,1510.73844212484,1185.57435249525
"gene-T4p231",0,1361.70458597449,5589.58864825846,3474.08463795067,2374.39702236032,1545.56223888421,1406.57852824156,1336.90425939155,1570.04422813949,1652.78677285039,1579.93765881676,5086.39510566681,4812.52598034036,5463.14572252554
"gene-T4p251",0,0,2532.78235624212,29590.8959396844,23403.8538933732,13285.0786981686,189.235520239382,126.068081111974,212.773706505866,175.028220177453,131.374162415069,2756.83642061587,2233.14265151519,4358.03164666184
"gene-T4p042",7805.15777808063,1361.70458597449,1528.40314600817,737.825872947901,583.973321715646,624.981451789243,2900.2400384514,2555.88604325432,3182.19341170615,3670.02252445132,3379.80636983451,2003.41891257646,1835.43466400012,2193.4278483161
"gene-T4p222",0,2723.40917194897,1921.42109783885,2168.98560640463,1706.99894039958,895.243701211618,2141.86894784446,1866.04495585169,2055.72967837856,2290.28276573508,2322.0161568374,1974.23327490126,2054.33697045383,1979.88281524996
"gene-T4p060",3902.57888904032,6808.52292987244,6593.9678584924,2057.75557530696,1482.39381666279,1435.76820005637,5573.57066590637,5227.32100809265,5995.39581937198,6394.30574344359,5580.85716442819,7739.60305544394,7240.03419739753,7402.51015896001
"gene-T4p019",0,0,1441.06582337913,6106.52870726227,12147.9285495354,15472.513779431,3853.12965466824,4751.58527538983,1573.00115379263,1740.97378083814,1833.03239610628,472.690587787548,558.859184261897,460.855381811853
"gene-T4p020",0,0,436.686613145192,971.408938253015,2290.97226211523,3859.6827495633,1477.42276419387,2036.34745138892,595.674755168017,598.449223133437,642.291924769099,514.601163489136,446.681726489297,387.971712601079
"gene-T4p260",0,8170.22751584692,2270.770388355,1716.65014660743,2765.85166658729,5092.75426255288,6879.51227217165,8309.43474978398,2979.20671264379,3161.33040440333,3711.50889138338,796.728994349407,863.939312454364,985.206027986991
"gene-T4p166",0,0,3318.81825990346,12999.0829676148,9824.86984117203,4721.14366959712,67.639790071834,38.5702516025082,130.312962939294,115.289840031453,58.5782318791509,2696.01355170076,2193.34525467056,4498.94007380267
"gene-T4p011",11707.736667121,13617.0458597449,6244.61856797625,33932.5748201969,57858.2798745964,76273.0742041709,16558.3245375595,18262.4477175053,10510.7462322445,10922.9459870397,13210.7703726829,6100.96569962392,5121.72881296786,4637.37786808889
"gene-T4p150",0,0,1528.40314600817,5068.38175035065,3933.79831001859,2195.8807765568,72.7928854742336,51.8405759300844,92.9557472932262,85.4019583501476,74.6018737833133,1349.31040099987,1376.75054798625,1963.24722069563
"gene-T4p158",0,2723.40917194897,5764.26329351654,113517.662070582,90554.3686014229,48300.9313889551,524.576451299742,299.121741448822,477.772550603894,342.299422907913,167.033332718184,4194.55984667982,2675.03672124122,6459.38724392975
"gene-T4p103",0,0,3624.4988891051,13102.8976633059,9889.04273366826,5515.03902727534,488.807906741909,188.427816570015,1389.33858857618,1379.88929158269,987.391261680464,4430.53545582971,3755.51775938407,4367.5847603663
"gene-T4p149",0,0,873.373226290385,2050.34023990045,1694.16436190034,1089.49469298395,13.7271532988293,9.17054933206487,21.4481226953456,17.4766537661169,12.7729440588507,816.458485417843,845.453637729537,1210.03361775582
"gene-T4p010",0,6808.52292987244,2227.10172704048,54550.9149180023,95020.8019191602,124979.39896726,6220.60891382785,7468.22565399446,3194.22934851965,3357.94743217422,3972.28709630727,537.327046692225,488.806456482742,537.692063589991
"gene-T4p219",0,4085.11375792346,1921.42109783885,21022.4758774603,35558.1997321582,44213.2148664417,5044.53397236758,5407.00983059329,4990.16603782332,4865.50040848694,5183.12279068819,1967.57894951132,2071.59248337143,1793.02061701352
"gene-T4p099",0,0,1091.71653286298,4456.61657931345,10665.5347328726,12829.0111522684,2817.96372530384,3425.41595315757,1109.01370729002,1074.13196291302,1334.82190714756,336.023975100475,358.276314450961,386.983459459238
"gene-T4p151",0,1361.70458597449,11397.5206030895,33765.7297735504,26869.1900881694,15261.3713970697,233.27499943468,145.272290301475,316.474338566857,280.56104067317,182.892797963493,9549.03476293924,8609.10454599271,13712.6711784718
"gene-T4p039",7805.15777808063,1361.70458597449,5589.58864825846,4119.21881831717,3465.33619479614,1604.68210594535,1550.43216628165,431.015818607049,6638.83950023235,6624.26860043239,4743.12934495914,7004.12498602889,6549.6474426115,7064.52758445039
"gene-T4p040",0,0,1266.39117812106,867.594242561853,628.894346463004,405.393374133563,614.647362534963,251.219107290742,1585.66179320891,1566.07640191883,1205.08951132103,1271.55986223314,1104.55231242482,1352.42442460941
"gene-T4p226",0,5446.81834389795,2096.09574309692,5776.54628167251,8977.78766022186,11021.6323592562,3314.91265671509,3856.37782735679,2401.31515823482,2460.41378453636,2636.93982385138,1503.4494821085,1497.67212887509,1816.90340127468
"gene-T4p264",3902.57888904032,5446.81834389795,5764.26329351654,1846.41851622138,1822.51014689279,1841.16157418993,13172.0913083423,13367.4782060883,12970.8250819806,12269.6389822709,12530.2581217326,3702.68456639377,3842.39378106748,3306.77736702847
"gene-T4p132",15610.3155561613,17702.1596176683,9214.08753736356,5624.53190583902,4460.01602848763,2499.92580715697,2118.65836687231,2569.69581166025,1433.40094549205,1539.49693490768,1474.73325582304,7723.49258344723,7562.60257182247,8580.83732174843
"gene-T4p168",0,2723.40917194897,8777.40092421837,83630.1527146374,66823.232956319,37304.6361155822,356.646165833306,208.225414245708,332.924840439986,216.187141667281,110.228208754658,9388.7861550106,7145.17874777535,10665.0631978911
"gene-T4p008",0,1361.70458597449,917.041887604904,3403.63895158881,7636.57420705076,11038.5237498451,2896.38604273027,3468.46359061044,1604.15299025111,1935.19828274586,2285.27342058585,372.175251634157,360.204676202832,371.665535760703
"gene-T4p244",7805.15777808063,0,5196.57069642779,582.103829411158,494.131272220932,363.164897661317,2794.7964476544,1908.3913160027,5084.16295612117,5215.35124115048,4098.407605639,6877.10909086642,6430.68747109094,5879.69442181152
"gene-T4p223",3902.57888904032,8170.22751584692,5109.23337379875,11764.4296224306,11191.7524513416,9518.29859684428,7929.61784787074,7884.24492722319,7149.05493934046,7374.73667391859,7608.27472461775,5951.45740635976,5951.78880429885,6037.0737346497
"gene-T4p200",7805.15777808063,6808.52292987244,16244.7420090012,57902.6465217455,47571.3652074515,27879.2401669769,1155.50586317338,418.392827173501,4550.33375862809,4612.64033132327,2924.64300082734,15061.6958353982,12599.9489343378,18768.2448344164
"gene-T4p162",0,0,2008.75842046788,13143.6820080417,10774.6286501162,5134.98273902513,66.6005103268122,37.3834746301233,77.42147590417,61.028101119114,29.9129872432211,2300.25630482504,1783.56838239809,2904.4759838707
"gene-T4p246",0,2723.40917194897,2227.10172704048,207.629391382324,250.274280735277,219.58807765568,3363.32577150402,2882.57337710717,4686.4772791933,4592.49077756939,4399.70460996809,2601.29642889884,2590.32179462457,1952.8705627063
"gene-T4p190",0,0,1484.73448469365,3640.92968459718,3105.96799681728,1596.2364106509,21.3485380956557,14.5110457077968,23.1139963027511,20.8411432611982,14.7430639651002,1523.41245827833,1317.70278123932,1969.75322054609
"gene-T4p273",0,0,349.349290516154,19239.0877121943,31996.6041986177,41088.3076074955,768.374158152767,1155.3813270245,186.827725070525,342.953629198623,341.257603094179,48.0590167051635,59.047766746929,42.0831129567293
"gene-T4p005",0,1361.70458597449,349.349290516154,685.91852510232,1065.27001543733,1554.00793417866,883.950726463731,706.455965016009,928.058186685597,1022.22536664724,849.318691584147,401.010661657255,477.768247834105,396.536573163701
"gene-T4p108",0,0,742.367242346827,789.733220793481,545.469586217912,320.93642118907,1230.46391478307,1022.03075085471,1571.50186754597,1647.23536518351,1407.8148496741,571.688270781828,555.201946456626,685.682971580681
"gene-T4p048",0,2723.40917194897,4323.1974701374,804.563891606505,596.807900214891,413.839069428012,552.550397769911,215.777631342703,1958.10948498459,2007.53480689011,1417.33709588764,5054.25199004053,5259.80616392506,4272.46539546411
"gene-T4p144",3902.57888904032,2723.40917194897,4759.8840832826,15297.8369436334,12911.5859702404,6629.87080614264,104.447614374689,59.4467374349147,116.81938671931,107.71973866752,68.4616667421691,5329.14178275735,5506.93569671218,7502.15901742898
"gene-T4p112",0,6808.52292987244,1877.75243652433,11467.8162061701,14695.5923816355,15261.3713970697,3631.02691249254,4571.4648976265,2603.135745772,2618.75039849655,2609.94918113576,1230.27191346862,1055.97754484753,1683.81864484009
"gene-T4p214",0,13617.0458597449,17554.8018484367,5880.36097736367,5101.74495344988,3437.39798484083,9044.50519434285,10488.4651598983,10114.2266668419,10214.2536581174,10493.7780099743,28246.9497391989,24884.3779889299,20051.9856656678
"gene-T4p227",0,1361.70458597449,3711.83621173413,31322.3767571048,50491.2318160297,61932.2835941962,5862.27391840888,7425.5016829886,3889.89816697218,3980.88266218853,4458.84104248734,2523.15674829644,2431.73066434143,3078.32618240623
"gene-T4p119",0,2723.40917194897,10655.1533607427,18790.4599201003,27228.5582861482,37769.1493567769,7843.09780909768,10064.2463366785,5779.74848089334,5698.0059508282,6052.6352113114,11779.673593363,10116.651216942,11796.2836275851
"gene-T4p097",0,2723.40917194897,1746.74645258077,14263.397654425,27170.8026829016,35159.4295107921,6083.42398748497,7572.39230552515,2255.17639602518,2550.33911209656,2769.13486956072,484.71507050973,503.701388635121,598.963758384133
"gene-T4p062",3902.57888904032,2723.40917194897,4585.20943802452,1953.9408796158,1520.89755216053,929.026482389415,2368.43193225921,1881.79672293971,3031.30690971539,3060.56394402564,2631.48915877742,6163.34513588171,4817.04765617233,5662.93756603439
"gene-T4p208",0,1361.70458597449,960.710548919423,1931.69487339626,5076.07579645139,7018.37278968731,2469.76170739883,3377.51331899949,1451.1841462511,1502.03895186244,1632.17867166415,257.884294498072,248.193456512289,294.499436268618
"gene-T4t006",0,2723.40917194897,2707.45700150019,433.797121280926,481.296693721687,641.872842378141,1528.47738166807,1893.66449266356,1061.41136895841,940.356122266924,1106.81336333095,4379.40221862275,3936.31829743013,3837.38694976861
"gene-T4p125",0,0,480.355274459712,756.364211464179,1155.11206493205,1528.67084829531,2416.75844040272,2312.2730974684,1072.69766264858,1121.62733961858,1269.01990227883,100.320765235556,111.612248293604,115.872680880857
"gene-T4t007",0,0,2358.10771098404,426.381785874415,410.706511975839,675.655623555938,1198.93909585075,1390.14738992536,701.790903959746,654.785730567744,773.666087184167,3438.45725997429,3309.93320423636,2516.42191684113
"gene-T4p043",7805.15777808063,6808.52292987244,4410.53479276644,1394.08305642417,1212.86766817865,1798.93309771768,8345.58956581571,8173.44089763024,7110.24008428791,6882.43709435497,7760.79484069323,3078.89020381582,3057.05183381004,3197.41068599807
"gene-T4p217",3902.57888904032,9531.93210182141,5676.9259708875,4879.29069748461,7469.72468656058,9813.89793215,7666.85328567107,7280.82278117332,8296.17550539988,8097.27948459561,7653.16062314847,5592.86320479046,5664.36316042092,4461.96293541212
"gene-T4p130",0,4085.11375792346,2227.10172704048,44595.8271347605,90997.1615596469,110951.099083179,7151.45713878568,10857.2291318629,1861.65540311582,2209.62847589466,2894.27031893933,224.184611529107,235.991581289247,266.416576154636
"gene-T4p181",0,8170.22751584692,10436.8100541701,224358.388059414,189079.010450877,105934.356078277,1211.88678934081,745.943271551724,1135.87591920943,855.365379299509,516.532604086841,10882.2346919424,8247.40372705136,12633.8281652954
"gene-T4p187",0,1361.70458597449,4759.8840832826,3711.37537095904,2945.53576557672,1663.8019730065,1619.58757264831,1695.95823794581,2114.57666356015,2460.99322439385,2408.86560937123,5919.66451838557,5271.27659158705,6000.50836840158
"gene-T4p182",3902.57888904032,0,4803.55274459712,24422.4071613458,20310.7204750552,10362.8681262892,130.429608000233,85.501886419546,152.802256639268,118.336572185333,72.6645892088347,4256.62796946908,3461.70857315512,5206.44696893234
"gene-T4p197",0,1361.70458597449,2314.43904966952,26724.8688050677,43868.5893104193,56290.5591375041,3981.61061314656,4872.9601930201,2613.29757477717,2257.51637637465,2577.67205000504,1286.15268107074,1139.79478582107,1842.92740067649
"gene-T4p238",0,1361.70458597449,5633.25730957298,1779.68049756278,1251.37140367639,1292.19138005073,3655.27677320972,3923.05311544168,3160.07893956784,3206.28372237928,3068.2975773247,5410.78373988077,4626.70505221616,5514.04075933035
"gene-T4p053",0,0,436.686613145192,400.428111951624,391.454644226972,261.816554127926,1114.71413318127,855.504363865981,1477.04683400607,1517.40345388998,1257.2320181731,278.664468522815,259.963112721981,265.593031869769
"gene-T4p210",0,6808.52292987244,1659.40912995173,65362.4739406962,118681.347382518,143610.602786815,4075.40561013477,5694.10196909475,1611.77436200499,1677.66530350569,2178.03322702233,617.062208820873,652.484472076848,701.989148421057
"gene-T4p188",0,0,2532.78235624212,4723.56865394787,3580.84740128935,1900.28144125108,32.9538285817322,19.8515420835287,32.1097137827408,29.1776005656775,19.4056810765573,2386.99601999573,2168.70877090959,3012.52499404532
"gene-T4p092",0,5446.81834389795,1310.05983943558,72807.4706888338,124290.058186688,173854.637636237,4850.01544675767,6935.57857102499,1510.6141871953,1787.17943657059,2090.395726526,508.530550852694,241.976152243327,226.227615053102
"gene-T4p028",0,0,655.029919717789,6410.55745892925,11531.8687815716,13276.6330028742,1248.26158041657,1501.05709243551,806.824234906662,907.926181856001,922.180292783607,325.128003701734,308.404889833622,322.994068525034
"gene-T4p196",0,4085.11375792346,1004.37921023394,20262.4039982928,21427.3288044895,16029.9296688646,304.162538709707,390.125957467607,203.48646114458,181.532899867943,139.944184007254,801.554353111707,666.647956668172,1507.41545902147
"gene-T4p160",0,2723.40917194897,829.704564975865,10822.6820258036,7976.69053728075,3910.35692132999,50.6648875698116,28.8063137842508,65.8020074925167,49.5327620109195,25.8742414354097,611.925536590037,370.112465893476,1141.26766996938
"gene-T4p245",0,4085.11375792346,3187.8122759599,185.383385162789,179.68409898943,177.359601183434,2516.18286934314,1971.45232876261,4008.13354625779,3728.80763257371,3362.10812601003,2544.20932160615,2548.66253126089,2124.33248281572
"gene-T4p252",11707.736667121,5446.81834389795,9738.11147313779,149938.081919664,127781.063538483,74001.1821699641,1052.09752854371,800.966567544113,1135.00133556554,949.608468378398,714.858007982621,9675.93391555101,7698.65181817857,17065.4846710243
"gene-T4p178",0,8170.22751584692,1266.39117812106,978.824273659526,770.074709954699,751.666881205981,3440.96862912168,2080.25819936716,5595.41956623392,5510.71603560201,4852.04414044297,1391.41554761929,1641.30183177303,1571.56955881265
"gene-T4p232",0,0,1790.41511389529,1850.12618392463,1617.15689090487,861.460920033821,561.77400550698,506.052489906474,961.375658833706,936.599108997416,595.37023566859,2022.60360507496,1696.69236071469,1972.22385340069
"gene-T4p206",0,1361.70458597449,1572.07180732269,266.952074634416,237.439702236032,734.775490617082,3905.78649508267,4638.57174097408,2755.35494664867,2651.92800323971,3183.94361582154,537.404875059359,568.766973952542,570.880898270151
"gene-T4p269",0,1361.70458597449,1048.04787154846,8023.39290984551,18282.8570721745,23985.7746362358,4908.30171912431,6273.24913161857,2055.02168209541,2119.29193295173,2876.83475776902,147.095613883011,182.76214741434,189.826957661959
"gene-T4p083",7805.15777808063,2723.40917194897,2707.45700150019,545.0271523786,481.296693721687,641.872842378141,3469.07248555998,2916.23468759663,3846.87698106093,4011.34998372732,4173.89603338013,3512.39420875146,3972.89067548285,3338.40146756739
"gene-T4p104",0,0,3449.82424384702,10029.2411373069,8419.4834955047,4501.55559194144,632.358421523042,298.312575331287,1386.38166292303,1316.93595480805,1016.68037762004,3662.7586140541,3078.86227017602,3846.28122804517
"gene-T4p136",0,5446.81834389795,7773.02171398442,64387.3573347399,100430.576756592,118839.378488195,3496.65670212577,4626.00269394837,1775.32150341203,2098.31994843239,2235.16670430357,6425.43216220501,5798.9162640385,8925.73766825094
"gene-T4p024",0,0,436.686613145192,174.260382053022,237.439702236032,185.805296477883,1067.38360146007,1030.33818966141,904.319487780068,1030.95434772614,993.629974716921,277.535957199373,258.865941380399,260.48705730359
"gene-T4p077",0,1361.70458597449,2751.12566281471,1049.26996002139,847.082180950169,532.078803550301,707.056653196482,512.040319176234,1135.91756604962,1130.30024587257,857.166335877374,2285.702400171,2216.38585284377,2909.66431286537
"gene-T4p145",0,1361.70458597449,349.349290516154,2917.9344824623,2611.83672459635,1173.95164592844,15.7191061434544,8.25349439885839,16.8669702749806,13.3831915471013,7.0924316624981,920.553926459391,898.849309686501,1114.58483513968
"gene-T4p051",0,12255.3412737704,2794.79432412923,912.086255000922,834.247602450924,869.90661532827,7420.28416616465,6361.28640520639,11025.542823773,10288.1789689676,10153.1771135155,3502.74349122687,3459.74696378684,2658.81272369472
"gene-T4p218",3902.57888904032,9531.93210182141,2314.43904966952,15442.4359840603,29628.624465507,31966.9566894903,4827.41111230344,5228.66961828854,5096.44877397579,5157.81847078459,5144.21292253976,2367.8502416808,2465.60998546481,2134.54443194807
"gene-T4p156",0,1361.70458597449,3799.17353436317,30087.7234119207,24366.4472808166,12685.4343322627,418.396704016684,323.774335829726,909.775223844321,914.86076853753,690.428521145127,4115.44731148824,3424.20526184289,6059.30943034112
"gene-T4p278",0,1361.70458597449,2794.79432412923,489.412136829763,474.879404472064,236.479468244578,1743.91141214654,766.550035344952,5447.82316461779,4949.87432838026,3997.89865508851,5011.75770158543,5422.985465273,3925.34147939245
"gene-T4p241",0,1361.70458597449,1179.05385549202,18390.0318081487,37528.3075317923,44179.4320852639,4018.8514706765,5459.4977394174,1504.20057380678,1611.45962688581,2199.37619267337,411.828804688863,488.473980318627,514.715178042188
"gene-T4p003",3902.57888904032,4085.11375792346,2663.78834018567,489.412136829763,372.202776478104,540.52449884475,3930.81581560862,3072.34980387308,6205.00436602377,6248.099983274,5649.81136114692,4530.77839269813,4446.50297126551,3231.99954596251
"gene-T4p109",0,2723.40917194897,917.041887604904,1045.56229231813,866.334048699036,472.958936489157,1777.29827395537,1560.07227460774,1899.8039087254,2215.62848216089,1963.97969920833,756.958698744001,742.319531620881,878.392334239676
"gene-T4p106",0,1361.70458597449,1921.42109783885,4030.23479343903,3080.29883981879,1469.55098123416,2078.64609668897,1370.94318073586,3070.49658632961,3022.99381133057,2608.47159120607,1983.65050732446,1948.77578834713,1883.69284277743
"gene-T4p155",0,5446.81834389795,16681.4286221463,75973.8189074142,57742.7686681032,29247.4428046777,475.816909929137,292.594468100705,970.371376313696,931.421533496652,608.635709704003,16046.4581647431,13963.6996643071,20261.7423950236
"gene-T4p069",3902.57888904032,4085.11375792346,1528.40314600817,11623.5382497069,23814.5604053491,30742.3308717952,3609.89489101043,4404.18328892807,1469.09228753071,1612.76803946723,2227.08921268794,422.257805884801,489.770637358677,495.526596204775
"gene-T4p225",3902.57888904032,4085.11375792346,2489.1136949276,5142.53510441577,4222.5763262516,4053.93374133563,3359.86150568728,3918.30600755214,2496.9363032999,2890.45161683267,2903.13585851745,1893.40851563274,1848.10200585293,2164.60379834574
"gene-T4p031",3902.57888904032,1361.70458597449,4061.18550225029,830.517565529295,795.743866953189,641.872842378141,3561.09204631712,2991.75685856658,4923.03133144488,4829.93027788061,4626.33406985032,4676.04503995349,4683.4919810471,4195.79342254294
"gene-T4p124",3902.57888904032,2723.40917194897,742.367242346827,463.458462906973,532.635007718667,633.427147083692,3280.7896384202,2524.54434230179,2830.19431846137,3001.83491072817,2919.71770106172,831.129132622577,742.818245867054,729.989654106552
"gene-T4p033",3902.57888904032,4085.11375792346,4366.86613145192,3277.57824967811,2515.57738585202,2516.81719774587,10008.8701910776,11197.3486232669,8291.76094034025,9258.49565060632,9446.13391449434,3484.25925403257,3933.9244690485,3275.15326648956
"gene-T4p128",0,2723.40917194897,1179.05385549202,1590.58944469673,3471.75348404577,6334.27147083692,5012.27299694919,6440.31496268565,1389.33858857618,1392.28182788957,1895.41952647085,184.80345775937,184.88999486468,226.886450480996
"gene-T4p094",0,8170.22751584692,1659.40912995173,84412.4706000244,159591.566348862,203693.279111526,4936.92521543511,8864.63059522876,1237.4109155808,1448.63702693218,2058.02008939997,202.548325465892,243.838018762375,264.604778727928
"gene-T4t001",0,0,2751.12566281471,2372.9073300837,2002.19424588222,1469.55098123416,879.490484224679,1022.94780578792,637.821357435376,670.038082945446,631.095076635247,3461.57228501305,3361.16778112657,3038.54899344713
"gene-T4p175",15610.3155561613,64000.1155408009,92533.8933254663,1507689.70251963,1269140.87760859,713914.623239793,8666.12076050951,6044.47089798747,7439.37506227105,5733.27701570164,4204.36722126345,123151.21084989,90839.3702929767,138726.775975787
"gene-T4p073",0,6808.52292987244,1222.72251680654,2002.14055975812,1822.51014689279,903.689396506067,1363.96805869566,1048.08589983934,1205.4677891588,1086.31889152854,1062.74834809451,1268.40781336421,1113.76190217082,1415.01379025934
"gene-T4p276",3902.57888904032,2723.40917194897,1441.06582337913,522.781146159065,423.541090475084,380.056288250215,230.373676813161,61.8202913796844,1585.20367796688,1727.21675712492,1117.61618748355,2518.1368186163,2859.29501139408,1873.72795693054
"gene-T4p127",0,1361.70458597449,829.704564975865,185.383385162789,173.266809739807,1190.84303651734,4613.44939479709,5291.67668664061,1443.27124661593,1531.49692655271,1875.16012676825,134.487418407324,138.077350957205,131.437667864853
"gene-T4p233",3902.57888904032,0,1441.06582337913,1983.60222124184,1508.06297366128,844.569529444922,79.2883838806197,22.7645401066552,739.522941167481,731.477399447292,400.558212272288,1926.99145605101,1781.77301111187,2032.17787733904
"gene-T4p277",3902.57888904032,2723.40917194897,1222.72251680654,240.998400711626,192.518677488675,168.913905888984,316.807108940805,119.648696579529,1430.1941387978,1432.69308504716,1168.11692774708,1879.47723791578,1853.38837686236,1500.99181359951
"gene-T4p129",7805.15777808063,2723.40917194897,6375.62455191981,22728.0030209579,46589.5199522593,67987.8471203162,21051.3040885794,26280.6905537923,10349.8644886094,10201.5059812527,14484.5842334003,3852.3485163922,3329.94826931612,2770.07355658032
"gene-T4p102",0,0,1790.41511389529,44814.5795292526,83931.7260958125,104194.54284762,5464.9659325516,7157.66769808447,1664.87408324104,2060.20775909644,2624.88925709148,742.677193374936,838.072666886171,851.544790552995
"gene-T4p220",3902.57888904032,1361.70458597449,2139.76440441144,3025.45684585672,2348.72786536183,1393.53972358412,1943.3232132226,1520.31524603285,2675.30971981284,2517.98393811886,2434.51000348424,2471.28414160171,2423.88422686831,2300.81802306282
"gene-T4p249",3902.57888904032,6808.52292987244,14410.6582337913,82128.5472948188,66040.323667865,34754.0361366586,1547.14111375575,1536.17490193654,2786.96489834919,2531.57273735733,2301.95376912542,11559.1469150892,8725.70393674805,17036.7429754825
"gene-T4p179",0,0,305.680629201635,237.29073300837,237.439702236032,135.131124711188,1478.0290107118,1092.96764715863,1616.89692334777,1676.28212449105,1519.25796570428,293.607515012517,326.391850312276,362.771257484134
"gene-T4p157",3902.57888904032,5446.81834389795,7248.99777821019,77052.7502090616,61124.6801026542,32245.6646342071,376.95542418394,213.727743844947,334.257539325911,235.420806614163,126.416027317674,7445.45074186149,5482.56519388251,11355.0285997531
"gene-T4p095",0,4085.11375792346,3362.48692121798,2602.78272768556,2220.38208036938,2145.2066047901,10037.4936873884,9010.98177368695,7700.9588654739,7356.47497260362,7476.93339753445,1651.16772292858,1753.77851809333,1827.44476812098
"gene-T4p096",0,1361.70458597449,1135.3851941775,845.348236342318,1251.37140367639,1900.28144125108,5604.53254164348,6029.69013024049,2920.02655274071,2946.90027391681,2999.90158124607,456.346630689435,474.775962357064,573.516239981727
"gene-T4p213",7805.15777808063,12255.3412737704,20960.9574309692,12543.0398401143,10473.0160553839,6064.00922141454,5382.34319282236,5420.60382136788,7364.11922205651,6773.37155988941,6715.77757175497,35985.190798218,28123.8262463737,29486.2619298245
"gene-T4p186",0,1361.70458597449,1615.74046863721,1609.12778321301,1071.68730468696,523.633108255852,410.298982670056,385.270960762396,671.01388906293,634.636176813868,594.418011047236,1809.23713657746,1559.34645731853,2066.43731958953
"gene-T4p192",0,0,4148.52282487933,10704.0366592994,8380.97976000697,3724.55162485211,50.18855102001,25.5696493141103,61.0959145515962,50.1495850850177,26.202594753118,3394.75663182862,2641.48987628196,4397.64412676397
"gene-T4p243",0,10893.6366877959,40218.8370706722,11404.7858552148,9600.26471743524,5371.46220726971,5265.29431153929,3174.3047346825,12564.3519217737,11931.6386292733,9635.00274284012,59536.7551482307,50221.2560372211,59477.6035695582
"gene-T4p088",0,6808.52292987244,2925.80030807279,34555.4629943439,67888.5029717563,81526.2966773184,9853.02153264708,11072.0357638646,7365.74344882373,7450.11993021672,7706.84639059377,1318.91842363409,1326.08118057504,996.076812547242
"gene-T4p203",3902.57888904032,1361.70458597449,1441.06582337913,352.228431809299,301.612594732257,295.599335305723,2300.79214218738,2118.34295129915,2768.76522918829,3093.59201590236,2764.83344109874,988.653747701526,998.592158921178,970.052813145429
"gene-T4p014",0,0,3187.8122759599,448.62779209395,365.785487228482,211.142382361231,2088.38934429855,820.925998443313,5030.43853228235,4975.70613105916,3853.42319529688,3863.43905870878,3816.92610689622,3602.10034758196
"gene-T4p138",3902.57888904032,0,14192.3149272188,19476.3784452026,16274.2455370426,8699.0661532827,1611.1001213973,1218.92783945493,3105.52157892531,2754.65708248953,2846.26506389038,19595.0036500282,15806.8145276983,19772.6394442408
"gene-T4p023",0,0,480.355274459712,211.33705908558,308.029883981879,185.805296477883,1277.18819998635,1136.82445072903,1279.22434312667,1346.61822879799,1243.80236747883,365.482012060644,336.731859016271,339.382599793897
"gene-T4p120",7805.15777808063,10893.6366877959,13842.9656367026,64620.940400045,104890.59278508,126921.908884983,7445.78982324039,10075.4128291005,6330.02818025955,5832.69768028129,6289.3122827155,15834.492606854,12289.7154256015,16325.2007133569
"gene-T4p275",0,0,655.029919717789,25234.3863883588,41410.7675278139,61552.2273059459,1769.46037254499,2238.42320314136,589.261141779506,596.280996569941,771.006425310731,151.181603157539,199.81817463347,151.614502844107
"gene-T4p201",0,1361.70458597449,829.704564975865,722.995202134877,462.044825972819,312.490725894621,607.155887706264,259.634434913107,1432.52636184816,1494.7305330148,1098.86721304241,1271.55986223314,1161.67171741988,1195.45688391366
"gene-T4p066",0,0,2008.75842046788,456.043127500461,455.627536723197,920.580787094965,4326.43497188024,4777.37070233528,2279.08168229145,2456.99322021636,2693.48226516074,918.569303097478,972.492780038104,890.992561798149
"gene-T4p148",0,0,1091.71653286298,3006.91850734044,2079.20171687769,1325.97416122853,15.8923194342913,10.2494374887784,22.5309405401592,19.1402069053515,13.1341327083298,1323.04332709219,1338.58228434578,1959.54127141373
"gene-T4p074",0,1361.70458597449,3318.81825990346,2220.89295425021,1649.24333715298,1089.49469298395,1804.10303071239,1590.11930977221,2149.60165615585,2326.133270466,2096.53593356715,3132.70851968889,3140.13762722252,3757.42079970797
"gene-T4p087",0,9531.93210182141,2358.10771098404,374.474438028834,699.484528208851,2102.97812831786,7616.70803797377,7582.42596538258,6978.96924402436,7701.07346333317,7005.3195273101,975.500753655902,1091.25326586019,819.591272300136
"gene-T4p107",0,0,611.361258403269,678.503189695808,539.052296968289,278.707944716824,822.113581634935,615.88330425991,1028.0938968103,1030.35621626035,926.054861932564,433.30943401781,426.201194779776,507.138570621407
"gene-T4p165",0,0,3886.51085699221,15401.6516393245,11705.1355913114,5447.47346491975,81.9298865658834,45.421191397639,150.761561470197,132.67303575604,67.542277452586,3363.39179987367,2703.29719519105,5464.46339338133
"gene-T4s002",0,0,3231.48093727442,3867.09741449578,3041.79510432106,2331.01190126799,1382.28536420167,1418.89975930178,1020.05605665456,1051.0478266551,929.07571245548,5138.57902583007,5124.58810797925,4358.77283651822
"gene-T4p006",3902.57888904032,8170.22751584692,6462.96187454885,2565.706050653,2092.03629537693,2744.850970696,15112.1667723617,14046.0449122532,11672.1933113277,12240.6109145716,11814.4478891286,4422.98610421772,4871.87297563499,4427.45642987617
"gene-T4p117",174542840.812328,136060160.525985,1161542.7223049,420582.993586523,660435.323124898,383561.251797411,5244.42210999343,5503.46243180347,4303.82611157226,4032.58365076294,4317.71478653634,5769.68925491861,4743.47068105355,5847.16442255925
"gene-T4p067",3902.57888904032,1361.70458597449,1790.41511389529,2402.56867170975,3420.41517004879,4535.33837311923,6140.2812502022,6899.05820692024,2670.1038647897,2960.65729763003,3343.22781024181,640.371804777466,676.123527345466,563.880771848777
"gene-T4p063",3902.57888904032,2723.40917194897,6593.9678584924,2788.16611284835,2188.29563412127,1545.56223888421,3018.84783935201,2600.65990175793,3802.52309626376,3713.63004662923,3191.69275411946,7490.16313877989,5792.73220738595,6959.4433337013
"gene-T4t002",0,1361.70458597449,1746.74645258077,741.533540651156,429.958379724707,641.872842378141,1243.67142820939,1397.9153846537,766.926562009301,762.748460143242,814.414733911761,3460.94965807598,3106.05882040068,3068.52600541631
"gene-T4p235",0,1361.70458597449,2008.75842046788,2524.92170591719,1931.60406413637,1368.20263770077,1205.04486435275,664.109604865004,1997.79892368103,2006.93667542432,1580.88988343812,2183.51375412423,1946.04948380138,2296.61794721
"gene-T4p239",3902.57888904032,4085.11375792346,2882.13164675827,10585.3912927953,23885.1505870949,31924.7282130181,9555.31118902105,11904.5598099926,3943.49765029045,4295.03252298759,5619.6685265813,550.635697472116,685.532602789938,717.142363262619
"gene-T4p209",0,4085.11375792346,1441.06582337913,13870.3848778799,29153.745061035,34728.6990507752,4186.52193620668,5654.99227341389,2197.32893500802,2098.71247220681,2700.2791788373,461.055246901034,462.607334750434,507.385633906867
"gene-T4p230",3902.57888904032,8170.22751584692,18908.5303491868,18278.801777051,14580.0811751423,8589.27211445486,6586.73850733448,5776.5829686755,8852.0358813509,8846.34568745885,7421.60586350061,23550.8249805249,20804.1640076705,22591.3844680568
"gene-T4p247",0,4085.11375792346,2707.45700150019,348.520764106043,269.526148484145,329.38211648352,3638.60499396666,3105.57955909985,4833.65721240757,4932.95842286332,4537.64583873732,2617.79604273122,2625.99648703417,1762.96125061586
"gene-T4p134",3902.57888904032,5446.81834389795,4235.86014750837,38270.5460330062,79773.3226620572,95757.2932484653,8066.80277421361,10637.9451140109,3284.89451960269,3339.48012316789,3700.44338457661,3001.95686290399,3047.90873929686,3023.97225960497
"gene-T4p015",0,1361.70458597449,960.710548919423,96.3993602846503,83.4247602450924,76.011257650043,917.943834790485,487.333780387495,1461.67914997776,1533.98291045741,1240.1248103205,962.775815629515,990.379997667523,996.818002403622
"gene-T4p013",0,4085.11375792346,2663.78834018567,42423.1338606526,76789.2831609827,101255.440885152,4840.3155024708,6511.8991918836,2929.5636791431,3264.39593260265,3126.97431519916,1533.91928784141,1570.38466596717,1598.66416578479
"gene-T4p064",0,0,3537.16156647606,1686.98880498138,1334.79616392148,785.449662383778,2191.84098225093,2150.00831869869,2223.35821012373,2298.71268108109,2124.90566021714,4317.21735328279,3501.70545569823,4592.74176784908
"gene-T4p050",3902.57888904032,6808.52292987244,3144.14361464538,875.009577968364,949.758808944128,413.839069428012,4239.0921699757,3771.63116264694,10359.0267934501,10242.2536873598,8912.32992589605,4545.95492428923,4751.71608992362,3621.70070156181
"gene-T4p169",3902.57888904032,6808.52292987244,23537.4084485259,38504.1290983113,27664.9339551225,13453.9926040576,177.673533076015,104.328484754197,180.164230640903,121.401995947518,68.5930080692524,27296.0038353738,22683.8844967309,32121.4389325435
"gene-T4p143",0,0,1353.7285007501,6473.58780988459,5602.29351492043,3437.39798484083,33.0837385498599,21.0383190559135,32.4428885042219,27.2336733018527,15.2355939416626,1523.64594337973,1536.10637344685,1836.6684641115
"gene-T4p123",0,1361.70458597449,5327.57668037135,29305.4055265337,22030.553993954,14332.3449146803,2655.35974853064,1916.05142191537,3121.55561239659,3175.21826937469,2896.63446282683,5483.31977804954,4840.52047335889,5866.60006768213
"gene-T4p086",0,2723.40917194897,829.704564975865,222.460062195347,198.935966738297,413.839069428012,3357.65303622911,2976.38270233341,3613.73796970454,3908.32183874461,3677.88551165005,763.963251786049,923.951260077228,658.09423803762
"gene-T4p193",0,0,1091.71653286298,5935.97599291251,4524.18892098385,2331.01190126799,25.722173689289,15.1583786018249,28.0699702847824,22.841145349941,11.2625187973928,1008.4610671371,754.521406843923,1481.30910519117
"gene-T4t008",0,0,786.035903661346,270.659742337672,385.037354977349,624.981451789243,427.14397520395,523.368644821726,188.32701131719,232.000242294163,232.112960287959,1201.31976089482,1231.65794996621,678.60049073082
"gene-T4p133",0,0,3493.49290516154,5305.67248335902,12192.8495742827,16308.6376135814,4598.76956839865,6255.12381058578,1986.80415787215,2091.04891280135,2266.03191616814,2723.37022274831,2768.89474237106,2828.6275552344
"gene-T4p271",0,1361.70458597449,1179.05385549202,23780.9806486826,44946.6939043559,56222.9935751485,5295.52003079034,6743.53647912999,1880.22989383839,2150.18916148156,3051.84707610751,165.657679444438,203.974126684915,196.827084083333
"gene-T4p029",0,0,2925.80030807279,50947.0619104377,34088.6404939947,22144.6130620459,465.207595865373,231.097843168035,594.342056282092,543.327670239022,346.44558551397,3193.57030278757,2748.51395351077,3520.4047545231
"gene-T4p167",3902.57888904032,5446.81834389795,14192.3149272188,190214.476180131,157736.969755721,81923.2443561575,1236.35316667153,889.219618763279,1452.26696409592,1168.05729465071,887.079323120595,14991.7670475285,11369.0224319326,19908.359542387
"gene-T4p071",0,1361.70458597449,1266.39117812106,34726.0157086936,60335.3535249506,76796.7073124268,3512.2458983011,4669.37399784826,1070.1155585571,1419.25381867514,1873.25567752554,491.641795184644,553.872041800163,545.927506438666
"gene-T4p139",3902.57888904032,9531.93210182141,11310.1832804605,8268.09897826039,8310.38957826112,7482.88603088201,2505.31373534312,2276.18428862634,3237.54206231219,3684.75151179645,3846.85612894272,15073.0587769998,13871.1383002173,15952.6292788829
"gene-T4p036",0,4085.11375792346,2227.10172704048,30743.9805953969,52127.6405746835,69862.791475684,6814.29746817154,8840.84111137322,3044.25907701297,3595.25609122729,4144.18005812753,1228.94883122734,1305.10193461934,1186.39789678012
"gene-T4p084",0,0,1397.39716206462,248.413736118137,250.274280735277,624.981451789243,2647.43524047485,2304.18143629305,2703.25474957707,2733.16173293762,2771.10498946696,1865.97401621805,2059.1578748335,1623.78226647325
"gene-T4p254",3902.57888904032,2723.40917194897,3755.50487304865,29887.5093559449,41301.6736105703,37777.5950520714,2356.48021519146,3138.26987024827,1848.91147001916,2253.60983023869,2100.24632605725,2277.06345141914,2040.60570487585,3136.3037000609
"gene-T4p265",0,1361.70458597449,262.011967887115,292.905748557207,340.116330229992,295.599335305723,1846.62689361286,1990.17103828158,958.918495262783,994.449636704509,1093.05535931898,109.543426740919,134.021141754995,103.107744465411
"gene-T4p121",0,5446.81834389795,8515.38895633125,27229.1116127105,24366.4472808166,16274.8548324037,4385.02436750584,4413.56961589148,4985.25171068147,4761.08908448958,4683.20486447739,12639.2879083566,9685.29664161846,12021.9347616388
"gene-T4p093",0,0,873.373226290385,619.180506443715,1565.81857690789,3842.7913589744,2626.47643228358,3679.81778051062,694.794234808643,810.486827756785,1086.06143365179,76.1939714240568,79.7610317713303,88.6957194802298
"gene-T4p018",0,1361.70458597449,2358.10771098404,415.258782764647,718.736395957719,1486.44237182306,3738.98209600668,3814.5169668763,2362.50030318228,2517.66618077766,2578.46009796754,1812.07787197785,1923.57409510716,1800.51487000582
"gene-T4p199",0,1361.70458597449,1091.71653286298,3581.60700134508,2868.52829458125,1241.51720828404,25.5922637211613,10.5191595279568,203.653048505321,214.523588528046,97.5537706911197,1172.01738066892,1001.98341579516,1643.05320273915
"gene-T4p056",0,0,1921.42109783885,3455.54629943439,6827.99576159833,6950.80722733171,1356.73640380322,1073.1161050751,1542.09919837526,1651.53443509389,1345.23070731891,1637.97581469939,1619.6576334891,1636.62955731718
"gene-T4p080",3902.57888904032,2723.40917194897,3013.13763070183,4786.59900490321,8887.94561072715,11739.5164592844,3908.99094096316,3515.1255033883,3984.06167263078,4149.31274463396,4091.67636262599,4565.56767280697,4875.53021344026,4515.32860507153
"gene-T4p153",0,4085.11375792346,7816.69037529894,32245.5860152155,27408.2423851376,12786.7826757961,229.29109374543,117.221198226923,439.873926035419,403.271449202109,278.739131402529,7124.21415651645,5532.40337088344,9953.68564462256
"gene-T4p234",3902.57888904032,10893.6366877959,16026.3987024286,21593.4567037617,18520.2967744105,10329.0853451114,3588.37313962394,1815.76876774885,11351.6375824227,11023.0582411266,8248.46518815352,19727.2729599722,17266.7838595627,19633.5428145267
"gene-T4p085",0,1361.70458597449,742.367242346827,181.675717459533,147.597652741317,236.479468244578,1930.59203634608,1633.97611334262,2228.35583094595,2404.73148339276,2156.75593203484,629.592575929426,690.320259553202,509.279785762062
"gene-T4p161",0,1361.70458597449,3362.48692121798,16258.1228787766,12026.0000537925,6182.24895553683,94.271333538017,49.413077577479,94.4966803800762,78.9720450928811,42.7516019656135,3424.95403827656,2694.32033875993,4137.6511960313
"gene-T4p126",0,0,611.361258403269,140.89137272372,121.928495742827,574.307280022547,2485.35090357416,2570.12736692293,839.142182890329,816.561600456237,991.659854810671,69.2672467491426,73.4107370367226,81.036757630962
"gene-T4p116",0,0,3930.17951830673,5383.53350512739,3972.30204551632,2778.63375187379,3336.78083468325,3367.85726999691,3325.29195458228,3428.88208569552,3251.81424659184,4748.23085047016,3827.46560129869,5157.52843841121
"gene-T4p257",0,2723.40917194897,1441.06582337913,1445.99040426975,1007.51441219073,945.917872978313,3117.05977525656,3106.7123916644,2097.70969328517,2124.61904131894,2247.34861239054,739.252745221046,707.808505785682,818.932436872242
"gene-T4p261",0,5446.81834389795,1528.40314600817,3537.11498890602,8605.58488374376,13251.2959169908,4042.62499484388,5020.33631522716,1611.10801256203,1656.99238471925,2015.72818207915,455.52943283453,509.22049295944,550.539354433924
"gene-T4p146",0,1361.70458597449,218.343306572596,1167.91532652557,924.089651945638,633.427147083692,9.09369776894055,6.04177367759568,11.8693494527641,13.6635656716914,7.97898562031036,378.946319574804,380.951188843644,560.421885852334
"gene-T4p046",0,6808.52292987244,2227.10172704048,61447.1768460581,104505.555430102,140308.335926685,4249.78809068488,6315.00210328338,1349.85738408067,1454.02021012431,1874.27357281043,796.18419577947,1013.12136729303,894.451447794592
"gene-T4p052",0,2723.40917194897,1004.37921023394,693.333860508831,686.649949709606,548.9701941392,2986.63016725633,2105.93573749694,5184.15701940569,4893.3695964712,4165.22750579263,1134.19279424186,1083.37358077065,914.298865059899
"gene-T4p078",0,0,3624.4988891051,2992.08783652742,3009.70865807295,2955.99335305723,2175.64553955767,2037.58817276914,2230.39652611502,2426.41374902773,2035.10102782393,2958.06166384049,2946.27077592672,2936.59421098053
"gene-T4p237",3902.57888904032,9531.93210182141,12707.5804425251,4938.6133807367,4633.28283822744,5210.99399667517,15245.8874328878,15987.7738722984,11427.7263594409,12022.9658274565,12229.5521533754,11297.0988029495,10278.5671088663,11687.3287186971
"gene-T4p070",0,2723.40917194897,2401.77637229856,40877.036428395,83296.4144600999,92505.7005601023,5918.39502464006,7637.17953933579,2316.43889793751,2611.38590482398,3488.72116531833,738.474461549707,843.990742607428,851.215372839048
"gene-T4p131",3902.57888904032,1361.70458597449,1484.73448469365,88023.7389429955,141565.400846672,208152.606226996,4954.59297110048,8092.6321746924,935.637911599292,1261.7022522638,1723.03403467402,172.506575752219,204.306602849031,221.203994915411
"gene-T4p061",0,2723.40917194897,3842.84219567769,1761.1421590465,1244.95411442676,793.895357678227,1867.23927522246,1406.97804517009,2332.76445929009,2486.71287742291,2201.28064191608,5231.03912598511,4284.72006980686,5122.36309744737
"gene-T4p236",0,0,2052.4270817824,1349.5910439851,1097.35646168545,650.31853767259,1197.20696294238,809.381895166479,1768.74130266278,1639.49703934482,1452.93059552721,1978.28034999222,1710.45687390907,2040.24861133075
"gene-T4p012",0,2723.40917194897,3580.83022779058,6833.23157710041,15536.257273336,21401.3918761343,8937.4160772829,10375.5595142982,5828.05881550809,5582.97779331303,6701.62554376174,2087.12332142894,2194.20969269726,1835.02137554176
"gene-T4p259",0,4085.11375792346,1615.74046863721,867.594242561853,654.563503461494,1157.06025533954,4216.92086874857,4461.47225004956,1999.08997572677,2111.96482249577,2530.12648960088,736.178524719258,582.099268133577,643.682213052438
"gene-T4p266",3902.57888904032,0,349.349290516154,248.413736118137,308.029883981879,591.198670611446,3411.26254974315,3498.9421810376,2213.071440598,2240.50701281618,2492.95689403631,165.38528015947,194.332317925563,153.014528128382
"gene-T4p154",0,0,6768.64250375048,35219.1355132267,26901.2765344175,14163.4310087913,159.962474087935,89.170106152372,175.708018741094,149.308567148387,76.900347007271,6617.94062831063,5928.9476918241,7775.74042886197
"gene-T4p034",0,0,1048.04787154846,389.305108841857,545.469586217912,1486.44237182306,2415.63255401228,2898.27119978735,1554.8847783121,1683.25409438919,1880.15109719741,615.116499642526,725.861961497159,538.350899017885
"gene-T4p194",3902.57888904032,0,3056.80629201635,15798.3720835729,12507.2967475142,6520.0767673148,78.1191941674702,43.2094706763763,85.5009629000866,60.915951469278,32.375637126033,2502.53223100596,1926.8323615155,4256.48863633768
"gene-T4p204",0,2723.40917194897,2663.78834018567,608.057503333948,571.138743216402,954.363568272762,5751.63392888677,6148.31388307114,6036.87607219637,5937.35199518662,5926.25201932549,1902.74791968881,1873.73591810624,1886.73995663144
"gene-T4p215",3902.57888904032,4085.11375792346,4017.51684093577,2576.82905376277,1899.51761788826,1106.38608357285,3036.34238172654,2538.40805511556,3552.4754677922,3668.63934543668,3261.40216346892,5508.45834063378,5177.15258952593,4550.41159160689
"gene-T4p044",0,9531.93210182141,6462.96187454885,2806.70445136463,4440.76416073876,7474.44033558756,13865.5940215307,15950.6601197075,8911.4659222951,9273.56108690096,10929.0103325965,4775.08163713134,4708.99290283477,4361.16111494434
"gene-T4p185",0,2723.40917194897,5414.91400300038,16065.3241582073,12250.6051775293,7398.42907793752,506.518965729989,335.156605883053,768.675729297077,735.533478449695,627.877214121707,8267.04589951017,6522.58388285249,7626.51420444397
"gene-T4p065",0,1361.70458597449,6768.64250375048,3366.56227455625,2663.17503859333,2415.46885421248,6840.75579834688,7232.1109808977,5490.26129476645,6043.78201288103,5750.51732368804,9383.7273111469,7679.20196257781,8723.06341974505
"gene-T4p180",0,0,349.349290516154,174.260382053022,154.01494199094,118.239734122289,959.211901332391,746.051160367395,717.741643750654,1026.61789459915,759.678235849796,243.174733109771,250.820018208802,280.169765711924
"gene-T4p105",0,2723.40917194897,3537.16156647606,13640.509480278,11288.011790086,7339.30921087637,1003.72771707749,508.10237740423,1611.10801256203,1691.0671866611,1356.55889677984,4392.51629848481,3678.54952739131,4097.13281721581
"gene-T4p001",0,12255.3412737704,6069.94392271817,837.932900935807,1058.85272618771,1097.9403882784,9073.95145378514,7114.45822740809,15830.2138354117,15739.1566244237,13879.133550878,6856.75697286091,7523.93559393583,5417.85078685782
"gene-T4p221",0,2723.40917194897,1397.39716206462,1141.96165260278,814.995734702056,717.884100028184,1180.88161028099,1008.81437093497,1195.55584119473,1434.30056336147,1273.64968405851,1158.981129174,1162.46966021375,1143.90301168096
"gene-T4p049",0,0,2838.46298544375,396.720444248369,359.368197978859,202.696687066781,1180.4485770539,667.939657821337,3331.41404008949,3540.67659497375,2640.5188750144,3233.84648277935,3205.40269823842,2600.58814275459
"gene-T4p035",0,4085.11375792346,4235.86014750837,21508.1803465868,42739.1464024858,56467.9187386875,10582.8990369113,13721.5153547138,5375.35766269565,6140.47370264801,7160.53214059079,1953.84224271219,2077.44406385986,1922.89355073713
